product_id,title,vendor,status,handle,sku,barcode,qty,tags
9266895159546,13 Assassins,Blu-Ray,ACTIVE,13-assassins,,191-BLR13A-50-001A,1,"Action, Blu-Ray, Formatted, issue:needs_new_barcode, Rental"
9276609364218,16 Blocks,Blu-Ray,ACTIVE,16-blocks,,191-BLR16B-001A,1,"Action, Blu-Ray, Formatted, issue:held_for_libib_cleanup, issue:needs_new_barcode, Rental"
9260364726522,21 Jump Street,Blu-Ray,ACTIVE,21-jump-street,,191-BLR21J-50-001A,1,"Blu-Ray, Comedy, Formatted, issue:needs_new_barcode, Rental"
9260364857594,22 Jump Street,Blu-Ray,ACTIVE,22-jump-street,,191-UNK22J-50-001A,1,"Blu-Ray, Comedy, Formatted, issue:needs_new_barcode, Rental"
9249544405242,3 Strikes,VHS,ACTIVE,3-strikes,,191-VHS3ST-50-001A,1,"Comedy, Formatted, issue:needs_new_barcode, Rental, VHS"
9276611297530,6th Day,DVD,ACTIVE,6th-day,,191-DVD6TH-001A,1,"DVD, Formatted, issue:needs_new_barcode, Rental, Sci-Fi"
9260438487290,A Blade in the Dark (Vinegar Syndrome),Blu-Ray,ACTIVE,a-blade-in-the-dark-vinegar-syndrome,,191-BLRABL-50-001A,1,"Blu-Ray, Formatted, Horror, issue:needs_new_barcode, Rental"
9260364923130,A Guy Thing,Blu-Ray,ACTIVE,a-guy-thing,,191-BLRAGU-50-001A,1,"Blu-Ray, Comedy, Formatted, issue:needs_new_barcode, Rental"
9249542078714,"A League Of Their Own Madonna, Tom Hanks, Geena Davis Vhs",VHS,ACTIVE,a-league-of-their-own-madonna-tom-hanks-geena-davis-vhs,,191-NKNALE-50-001A,1,"Comedy, Formatted, issue:needs_new_barcode, Rental, VHS"
9260364890362,A Million Ways to Die in the West,Blu-Ray,ACTIVE,a-million-ways-to-die-in-the-west,,191-UNIAMI-50-001A,1,"Blu-Ray, Comedy, Formatted, issue:needs_new_barcode, Rental"
9276611690746,A Serious Man,DVD,ACTIVE,a-serious-man,,191-DVDASE-001A,1,"Comedy, DVD, Formatted, issue:held_for_libib_cleanup, issue:needs_new_barcode, Rental"
9266894307578,A Star Is Born,Blu-Ray,ACTIVE,a-star-is-born,,191-BLRAST-50-001A,1,"Blu-Ray, Drama, Formatted, issue:needs_new_barcode, Rental"
9276611035386,A Time to Kill / The Pelican Brief / The Client,Blu-Ray,ACTIVE,a-time-to-kill-the-pelican-brief-the-client,,191-BLRATI-001A,1,"Blu-Ray, Drama, Formatted, issue:needs_new_barcode, Rental"
9276613525754,A Very Long Engagement,DVD,ACTIVE,a-very-long-engagement,,191-DVDAVE-001A,1,"DVD, Foreign, Formatted, issue:needs_new_barcode, Rental"
9249543586042,AMERICAN PIE SPECIAL EDITION,VHS,ACTIVE,american-pie-special-edition,,191-VHSMRC-50-001A,0,"Comedy, Formatted, issue:needs_new_barcode, Rental, VHS"
9270291726586,Act,VHS,ACTIVE,act,,191-VHSACT-001A,1,"Comedy, Formatted, issue:needs_new_barcode, Rental, VHS"
9276650422522,Acts of Betrayal,VHS,ACTIVE,acts-of-betrayal,,191-VHSCTS-001A,1,"Action, Formatted, issue:needs_new_barcode, Rental, VHS"
9260438782202,Adam's Rib,DVD,ACTIVE,adams-rib,,191-DVDADA-50-001A,1,"Comedy, DVD, Formatted, issue:needs_new_barcode, Rental"
9276624961786,Adventures of the Wilderness Family,VHS,ACTIVE,adventures-of-the-wilderness-family,,191-VHSADV-001A,1,"Formatted, issue:needs_new_barcode, Kids & Family, Rental, VHS"
9249544765690,Age Isn't Everything,VHS,ACTIVE,age-isnt-everything,,191-VHSAGE-50-001A,1,"Comedy, Formatted, issue:needs_new_barcode, Rental, VHS"
9276650455290,Airport 1975,VHS,ACTIVE,airport-1975,,191-VHSAIR-001A,1,"Action, Formatted, issue:needs_new_barcode, Rental, VHS"
9270291333370,Alfie,VHS,ACTIVE,alfie,,191-VHSALF-001A,1,"Comedy, Formatted, issue:needs_new_barcode, Rental, VHS"
9249544929530,All I Want,VHS,ACTIVE,all-i-want,,191-VHSALL-50-001A,1,"Drama, Formatted, issue:needs_new_barcode, Rental, VHS"
9276651897082,Almost Pregnant: A Bedtime Story,VHS,ACTIVE,almost-pregnant-a-bedtime-story,,191-VHSALM-001A,1,"Comedy, Formatted, Rental, VHS"
9276612706554,Amazing Spider-Man 2,Blu-Ray,ACTIVE,amazing-spider-man-2,,191-BLRAMA-001A,1,"Action, Blu-Ray, Formatted, issue:needs_new_barcode, Rental"
9260447465722,Ambulance (Collector's Edition),Blu-Ray,ACTIVE,ambulance-collectors-edition,,191-BLRAMB-50-001A,0,"Action, Blu-Ray, Formatted, issue:needs_new_barcode, Rental"
9276613591290,American Made,4K,ACTIVE,american-made,,191-BLRAME-001A,1,"4K, Formatted, issue:needs_new_barcode, Rental, Thriller"
9249544601850,American Splendor,VHS,ACTIVE,american-splendor,,191-VHSAMR-50-001A,1,"Comedy, Formatted, issue:needs_new_barcode, Rental, VHS"
9276609921274,Amityville Horror,Blu-Ray,ACTIVE,amityville-horror,,191-BLRAMI-001A,0,"Blu-Ray, Formatted, Horror, issue:needs_new_barcode, Rental"
9249542996218,Amy's O,VHS,ACTIVE,amys-o,,191-VHSAMY-50-001A,0,"Comedy, Formatted, issue:needs_new_barcode, Rental, VHS"
9276650160378,An Affair to Remember,VHS,ACTIVE,an-affair-to-remember,,191-VHSNFF-001A,1,"Drama, Formatted, issue:needs_new_barcode, Rental, VHS"
9249543848186,An African Dream,VHS,ACTIVE,an-african-dream,,191-VHSNFR-50-001A,1,"Drama, Formatted, issue:needs_new_barcode, Rental, VHS"
9249543815418,An American Summer [vhs],VHS,ACTIVE,an-american-summer-vhs,,191-VHSNMR-50-001A,1,"Drama, Formatted, Rental, VHS"
9249543258362,An Angel at My Table,VHS,ACTIVE,an-angel-at-my-table,,191-VHSANA-50-001A,1,"Drama, Formatted, issue:needs_new_barcode, Rental, VHS"
9249544798458,Andre,VHS,ACTIVE,andre,,191-VHSAND-50-001A,1,"Formatted, issue:needs_new_barcode, Kids & Family, Rental, VHS"
9249543913722,Angel Baby,VHS,ACTIVE,angel-baby,,191-UNKANG-50-001A,1,"Formatted, issue:needs_new_barcode, Rental, Thriller, VHS"
9276625027322,Angels in the Outfield,VHS,ACTIVE,angels-in-the-outfield,,191-VHSAN2-001A,0,"Formatted, issue:needs_new_barcode, Kids & Family, Rental, VHS"
9260438192378,Anna and the King of Siam,DVD,ACTIVE,anna-and-the-king-of-siam,,191-DVDANN-50-001A,1,"Comedy, DVD, Formatted, issue:needs_new_barcode, Rental"
9258867458298,Any Given Sunday (Directors Cut),Blu-Ray,ACTIVE,any-given-sunday-directors-cut,,191-BLRANY-50-001A,1,"Blu-Ray, Drama, Formatted, issue:needs_new_barcode, Rental"
9249543192826,Apt Pupil,VHS,ACTIVE,apt-pupil,,191-VHSAPT-50-001A,1,"Formatted, issue:needs_new_barcode, Rental, Thriller, VHS"
9249542865146,Armstrong,VHS,ACTIVE,armstrong,,191-TRIARM-50-001A,1,"Action, Formatted, issue:needs_new_barcode, Rental, VHS"
9260438094074,Arsenic and Old Lace,DVD,ACTIVE,arsenic-and-old-lace,,191-DVDARS-50-001A,0,"Comedy, DVD, Formatted, issue:needs_new_barcode, Rental"
9266895290618,Assassination Nation,Blu-Ray,ACTIVE,assassination-nation,,191-BLRASS-50-001A,1,"Action, Blu-Ray, Formatted, issue:needs_new_barcode, Rental"
9249544896762,Assassination Tango,VHS,ACTIVE,assassination-tango,,191-UNKASS-50-001A,1,"Formatted, issue:needs_new_barcode, Rental, Thriller, VHS"
9249543323898,At First Sight,VHS,ACTIVE,at-first-sight,,191-UNKATF-50-001A,1,"Drama, Formatted, issue:needs_new_barcode, Rental, VHS"
9249544732922,Avalanche,VHS,ACTIVE,avalanche,,191-VHSAVA-50-001A,1,"Formatted, issue:needs_new_barcode, Rental, Supercycle product, Thriller, VHS"
9270291923194,BAD BEHAVIOR,VHS,ACTIVE,bad-behavior,,191-VHSBAD-001A,1,"Comedy, Formatted, issue:needs_new_barcode, Rental, VHS"
9260430033146,BLOODSUCKING FREAKS (Vinegar Syndrome),Blu-Ray,ACTIVE,bloodsucking-freaks-vinegar-syndrome,,191-BLRBLO-50-001A,1,"Blu-Ray, Formatted, Horror, issue:needs_new_barcode, Rental"
9276625060090,Babe: Pig in the City,VHS,ACTIVE,babe-pig-in-the-city,,191-VHSBBP-001A,1,"Formatted, issue:needs_new_barcode, Kids & Family, Rental, VHS"
9266894242042,Babylon,Blu-Ray,ACTIVE,babylon,,191-BLRBAB-50-001A,0,"Blu-Ray, Drama, Formatted, issue:needs_new_barcode, Rental"
9266894766330,Bad Boys for Life,Blu-Ray,ACTIVE,bad-boys-for-life,,191-BLRBAD-50-001A,1,"Action, Blu-Ray, Formatted, issue:needs_new_barcode, Rental"
9267012829434,Basic Instinct 2 Collector's Edition,Blu-Ray,ACTIVE,basic-instinct-2-collectors-edition,,191-BLRBAS-50-001A,1,"Blu-Ray, Formatted, issue:needs_new_barcode, Rental, Thriller"
9270291857658,Basil,VHS,ACTIVE,basil,,191-VHSBAS-001A,1,"Drama, Formatted, issue:needs_new_barcode, Rental, VHS"
9266967412986,Becky,Blu-Ray,ACTIVE,becky,,191-BLRBEC-50-001A,0,"Action, Blu-Ray, Formatted, issue:needs_new_barcode, Rental"
9258984538362,Beerfest,Blu-Ray,ACTIVE,beerfest,,191-BLRBEE-50-001A,1,"Blu-Ray, Comedy, Formatted, issue:needs_new_barcode, Rental"
9249542701306,Beethoven,VHS,ACTIVE,beethoven,,191-VHSBEE-50-001A,1,"Formatted, issue:needs_new_barcode, Kids & Family, Rental, VHS"
9266894504186,Beetlejuice,Blu-Ray,ACTIVE,beetlejuice,,191-BLRBTL-50-001A,1,"Blu-Ray, Formatted, issue:needs_new_barcode, Kids & Family, Rental"
9276609462522,Being John Malkovich,Blu-Ray,ACTIVE,being-john-malkovich,,191-BLRBEI-001A,1,"Blu-Ray, Formatted, Issue_Genre_Needed, Rental"
9270291661050,Best Little Whorehouse in Texas,VHS,ACTIVE,best-little-whorehouse-in-texas,,191-VHSBES-001A,1,"Formatted, issue:needs_new_barcode, Musical, Rental, VHS"
9276610248954,Best of Abbott and Costello Volume 4,DVD,ACTIVE,best-of-abbott-and-costello-volume-4,,191-THFBES-001A,1,"Comedy, DVD, Formatted, issue:needs_new_barcode, Rental"
9267106218234,Beverly Hills Chihuahua,DVD,ACTIVE,beverly-hills-chihuahua,,191-DVDBEV-50-001A,0,"DVD, Formatted, issue:needs_new_barcode, Kids & Family, Rental"
9267013615866,Black Christmas,Blu-Ray,ACTIVE,black-christmas,,191-BLRBLA-50-001A,0,"Action, Blu-Ray, Formatted, issue:needs_new_barcode, Rental"
9267013353722,Blue Steel,Blu-Ray,ACTIVE,blue-steel,,191-BLRBLU-50-001A,1,"Action, Blu-Ray, Formatted, issue:needs_new_barcode, Rental"
9276611887354,Blue Velvet,Blu-Ray,ACTIVE,blue-velvet,,191-BLRBLV-001A,1,"Blu-Ray, Drama, Formatted, issue:held_for_libib_cleanup, issue:needs_new_barcode, Rental"
9276610543866,Body of Lies / Edge of Darkness / Pride and Glory,Blu-Ray,ACTIVE,body-of-lies-edge-of-darkness-pride-and-glory,,191-BLRBOD-001A,1,"Action, Blu-Ray, Formatted, issue:needs_new_barcode, Rental"
9276653076730,Bone Collector,VHS,ACTIVE,bone-collector,,191-VHSBON-001A,1,"Formatted, issue:needs_new_barcode, Rental, Thriller, VHS"
9276653207802,Born Innocent,VHS,ACTIVE,born-innocent,,191-VHSBOR-001A,0,"Formatted, issue:needs_new_barcode, Rental, Thriller, VHS"
9276612313338,Bottle Rocket,DVD,ACTIVE,bottle-rocket,,191-DVDBOT-001A,0,"Comedy, DVD, Formatted, issue:needs_new_barcode, Rental"
9276612837626,Bourne Supremacy,Blu-Ray,ACTIVE,bourne-supremacy,,191-BLRBOU-001A,1,"Action, Blu-Ray, Formatted, issue:needs_new_barcode, Rental"
9276613198074,Bram Stoker's Dracula,Blu-Ray,ACTIVE,bram-stokers-dracula,,191-BLRBRM-001A,1,"Blu-Ray, Formatted, Horror, issue:needs_new_barcode, Rental"
9276652880122,Brass,VHS,ACTIVE,brass,,191-VHSBRA-001A,0,"Formatted, issue:needs_new_barcode, Rental, Thriller, VHS"
9266894340346,Braveheart,Blu-Ray,ACTIVE,braveheart,,191-BLRBRA-50-001A,1,"Blu-Ray, Drama, Formatted, issue:needs_new_barcode, Rental"
9276624994554,Breaking Away,VHS,ACTIVE,breaking-away,,191-VHSBRY-001A,1,"Drama, Formatted, issue:needs_new_barcode, Rental, VHS"
9258983522554,Bridesmaids,Blu-Ray,ACTIVE,bridesmaids,,191-BLRBRI-50-001A,1,"Blu-Ray, Comedy, Formatted, issue:needs_new_barcode, Rental"
9249544503546,Bring It On,VHS,ACTIVE,bring-it-on,,191-VHSBRN-50-001A,1,"Comedy, Formatted, issue:needs_new_barcode, Rental, VHS"
9249544110330,Bring it On Again,VHS,ACTIVE,bring-it-on-again,,191-VHSBRI-50-001A,1,"Comedy, Formatted, issue:needs_new_barcode, Rental, VHS"
9258868867322,Brothers,Blu-Ray,ACTIVE,brothers,,191-BLRBRO-50-001A,0,"Blu-Ray, Drama, Formatted, issue:needs_new_barcode, Rental"
9260429902074,Bruce Lee: His Greatest Hits (Criterion Collection),Blu-Ray,ACTIVE,bruce-lee-his-greatest-hits-criterion-collection,,191-BLRBRU-50-001A,1,"Action, Blu-Ray, Formatted, issue:needs_new_barcode, Rental"
9258826236154,Bumblebee,Blu-Ray,ACTIVE,bumblebee,,191-BLRBUM-50-001A,1,"Action, Blu-Ray, Formatted, issue:needs_new_barcode, Rental"
9270291169530,CAME A HOT FRIDAY,VHS,ACTIVE,came-a-hot-friday,,191-VHSCAM-001A,1,"Comedy, Formatted, issue:needs_new_barcode, Rental, VHS"
9258984669434,CHIPS,Blu-Ray,ACTIVE,chips,,191-BLRCHI-50-001A,0,"Blu-Ray, Comedy, Formatted, issue:needs_new_barcode, Rental"
9276650324218,CONFESSIONS OF A HITMAN,VHS,ACTIVE,confessions-of-a-hitman,,191-VHSCO3-001A,1,"Action, Formatted, issue:needs_new_barcode, Rental, VHS"
9266895454458,COPSHOP,Blu-Ray,ACTIVE,copshop,,191-BLRCOP-50-001A,1,"Action, Blu-Ray, Formatted, issue:needs_new_barcode, Rental"
9267105431802,CRITTERS ATTACK!,Blu-Ray,ACTIVE,critters-attack,,191-BLRCRT-50-001A,1,"Blu-Ray, Formatted, Horror, issue:needs_new_barcode, Rental"
9276610871546,Can't Hardly Wait,DVD,ACTIVE,cant-hardly-wait,,191-DVDCAN-001A,1,"Comedy, DVD, Formatted, issue:held_for_libib_cleanup, issue:needs_new_barcode, Rental"
9260429672698,Carrie,Blu-Ray,ACTIVE,carrie,,191-BLRCAR-50-001A,0,"Blu-Ray, Formatted, Horror, issue:needs_new_barcode, Rental"
9260363841786,Case 39,Blu-Ray,ACTIVE,case-39,,191-BLRCAS-50-001A,1,"Blu-Ray, Formatted, Horror, issue:needs_new_barcode, Rental"
9260429705466,Castle Freak,Blu-Ray,ACTIVE,castle-freak,,191-UNKCAS-70-001A,1,"Blu-Ray, Formatted, Horror, issue:needs_new_barcode, Rental"
9276608610554,Catch Me If You Can,DVD,ACTIVE,catch-me-if-you-can,,191-DVDCAT-001A,1,"Drama, DVD, Formatted, issue:held_for_libib_cleanup, issue:needs_new_barcode, Rental"
9276625322234,Center Stage,VHS,ACTIVE,center-stage,,191-VHSCEN-001A,0,"Drama, Formatted, issue:needs_new_barcode, Rental, VHS"
9276608938234,Cheaters,DVD,ACTIVE,cheaters,,191-DVDCHE-001A,1,"Comedy, DVD, Formatted, issue:needs_new_barcode, Rental"
9276611199226,Chicago,DVD,ACTIVE,chicago,,191-DVDCHI-001A,0,"DVD, Formatted, issue:needs_new_barcode, Musical, Rental"
9249544012026,Chuck & Buck,VHS,ACTIVE,chuck-buck,,191-UNKCHU-50-001A,1,"Comedy, Formatted, issue:needs_new_barcode, Rental, VHS"
9276608676090,Cinderella Man,DVD,ACTIVE,cinderella-man,,191-DVDCIN-001A,1,"Drama, DVD, Formatted, issue:needs_new_barcode, Rental"
9266894668026,Clerks,Blu-Ray,ACTIVE,clerks,,191-BLRCLR-50-001A,0,"Blu-Ray, Comedy, Formatted, issue:needs_new_barcode, Rental"
9258984276218,Clerks II,Blu-Ray,ACTIVE,clerks-ii,,191-BLRCLE-50-001A,1,"Blu-Ray, Comedy, Formatted, issue:needs_new_barcode, Rental"
9258826662138,Cliffhanger,Blu-Ray,ACTIVE,cliffhanger,,191-BLRCLI-50-001A,1,"Action, Blu-Ray, Formatted, issue:needs_new_barcode, Rental"
9258867785978,Cloud Atlas,Blu-Ray,ACTIVE,cloud-atlas,,191-BLRCLO-50-001A,1,"Blu-Ray, Drama, Formatted, issue:needs_new_barcode, Rental"
9249544863994,Code Hunter,VHS,ACTIVE,code-hunter,,191-VHSCOD-50-001A,0,"Formatted, issue:needs_new_barcode, Rental, Sci-Fi, VHS"
9270291235066,Come Blow Your Horn,VHS,ACTIVE,come-blow-your-horn,,191-VHSCMB-001A,1,"Formatted, Issue_Genre_Needed, Rental, VHS"
9270291071226,Come See The Paradise,VHS,ACTIVE,come-see-the-paradise,,191-VHSCMS-001A,1,"Drama, Formatted, issue:needs_new_barcode, Rental, VHS"
9266967183610,Conan The Barbarian,Blu-Ray,ACTIVE,conan-the-barbarian,,191-BLRCON-50-001A,1,"Blu-Ray, Formatted, Issue_Genre_Needed, Rental"
9276651864314,Concrete Cowboys,VHS,ACTIVE,concrete-cowboys,,191-VHSCOS-001A,1,"Comedy, Formatted, issue:needs_new_barcode, Rental, VHS"
9270291988730,Confession,VHS,ACTIVE,confession,,191-VHSCON-001A,0,"Drama, Formatted, issue:needs_new_barcode, Rental, VHS"
9276650356986,Confessions of a Police Captain,VHS,ACTIVE,confessions-of-a-police-captain,,191-VHSCNF-001A,1,"Formatted, Issue_Genre_Needed, Rental, VHS"
9276652945658,Conspiracy,VHS,ACTIVE,conspiracy,,191-VHSCNS-001A,0,"Formatted, issue:needs_new_barcode, Rental, Thriller, VHS"
9276610838778,Cowboys & Aliens,Blu-Ray,ACTIVE,cowboys-aliens,,191-BLRCWB-001A,1,"Blu-Ray, Formatted, issue:held_for_libib_cleanup, issue:needs_new_barcode, Rental, Sci-Fi"
9258826399994,Cowboys & Aliens (Extended Edition),Blu-Ray,ACTIVE,cowboys-aliens-extended-edition,,191-BLRCOW-50-001A,1,"Action, Blu-Ray, Formatted, issue:needs_new_barcode, Rental"
9266894274810,Crash,Blu-Ray,ACTIVE,crash,,191-BLRCRA-50-001A,0,"Blu-Ray, Drama, Formatted, issue:needs_new_barcode, Rental"
9267105726714,Creepshow 2,4K,ACTIVE,creepshow-2,,191-BLRCRE-50-001A,1,"4K, Formatted, Horror, issue:needs_new_barcode, Rental"
9260446351610,Crimes of the Future,Blu-Ray,ACTIVE,crimes-of-the-future,,191-BLRCRI-50-001A,0,"Action, Blu-Ray, Formatted, Rental"
9276611330298,Crow,Blu-Ray,ACTIVE,crow,,191-BLRCRO-001A,0,"Action, Blu-Ray, Formatted, issue:needs_new_barcode, Rental"
9270291529978,Crucible,VHS,ACTIVE,crucible,,191-VHSCRU-001A,1,"Drama, Formatted, issue:needs_new_barcode, Rental, VHS"
9260438388986,DELIRIUM (Vinegar Syndrome),Blu-Ray,ACTIVE,delirium-vinegar-syndrome,,191-BLRDEL-50-001A,1,"Blu-Ray, Formatted, issue:needs_new_barcode, Rental, Thriller"
9266894176506,Dark Waters,DVD,ACTIVE,dark-waters,,191-DVDDAR-50-001A,1,"Drama, DVD, Formatted, issue:needs_new_barcode, Rental"
9276613624058,Darkest Hour,4K,ACTIVE,darkest-hour,,191-BLRDAR-001A,1,"4K, Drama, Formatted, issue:needs_new_barcode, Rental"
9267105628410,Dawn of the Planet of the Apes,4K,ACTIVE,dawn-of-the-planet-of-the-apes,,191-BLRDAW-50-001A,1,"4K, Action, Formatted, issue:needs_new_barcode, Rental"
9276653306106,Deadlocked,VHS,ACTIVE,deadlocked,,191-VHSDDL-001A,1,"Formatted, issue:needs_new_barcode, Rental, Thriller, VHS"
9276653338874,Deadly Little Secrets,VHS,ACTIVE,deadly-little-secrets,,191-VHSDES-001A,1,"Formatted, issue:needs_new_barcode, Rental, Thriller, VHS"
9258827415802,Death Wish,Blu-Ray,ACTIVE,death-wish,,191-BLRDEA-50-001A,0,"Action, Blu-Ray, Formatted, issue:needs_new_barcode, Rental"
9276650225914,Death of Adolf Hitler,VHS,ACTIVE,death-of-adolf-hitler,,191-VHSDEA-001A,1,"Drama, Formatted, issue:needs_new_barcode, Rental, VHS"
9266912067834,Den of Thieves,Blu-Ray,ACTIVE,den-of-thieves,,191-BLRDEN-50-001A,1,"Action, Blu-Ray, Formatted, issue:needs_new_barcode, Rental"
9276608643322,Dennis the Menace,DVD,ACTIVE,dennis-the-menace,,191-DVDDEN-001A,0,"DVD, Formatted, issue:needs_new_barcode, Kids & Family, Rental"
9276612346106,Departed,Blu-Ray,ACTIVE,departed,,191-BLRDEP-001A,1,"Blu-Ray, Formatted, Issue_Genre_Needed, Rental"
9276653175034,Diary of a Hitman,VHS,ACTIVE,diary-of-a-hitman,,191-VHSDIA-001A,1,"Formatted, issue:needs_new_barcode, Rental, Thriller, VHS"
9276651929850,Dirty Little Secret,VHS,ACTIVE,dirty-little-secret,,191-VHSDIR-001A,1,"Formatted, issue:needs_new_barcode, Rental, Thriller, VHS"
9258868801786,Don't Breathe,Blu-Ray,ACTIVE,dont-breathe,,191-BLRDON-50-001A,1,"Blu-Ray, Formatted, Horror, issue:needs_new_barcode, Rental"
9267021185274,Don't Breathe 2,Blu-Ray,ACTIVE,dont-breathe-2,,191-BLRDNT-50-001A,1,"Blu-Ray, Formatted, Horror, issue:needs_new_barcode, Rental"
9266911936762,Doom / The Scorpion King / The Rundown Triple Feature,Blu-Ray,ACTIVE,doom-the-scorpion-king-the-rundown-triple-feature,,191-BLRDMT-50-001A,1,"Action, Blu-Ray, Formatted, issue:needs_new_barcode, Rental"
9266895552762,Doomsday,Blu-Ray,ACTIVE,doomsday,,191-BLRDOO-50-001A,1,"Action, Blu-Ray, Formatted, issue:needs_new_barcode, Rental"
9266894995706,Double Salvation 2-Pack (Priest / Legion),Blu-Ray,ACTIVE,double-salvation-2-pack-priest-legion,,191-BLRDOU-50-001A,1,"Action, Blu-Ray, Formatted, issue:needs_new_barcode, Rental"
9276612739322,Dr. Strangelove Or: How I Learned To Stop Worrying And Love The Bomb (Special Edition),DVD,ACTIVE,dr-strangelove-or-how-i-learned-to-stop-worrying-and-love-the-bomb-special-edition,,191-DVDDRS-001A,1,"Comedy, DVD, Formatted, issue:needs_new_barcode, Rental"
9260446318842,Dredd,Blu-Ray,ACTIVE,dredd,,191-BLRDRE-50-001A,1,"Action, Blu-Ray, Formatted, issue:needs_new_barcode, Rental"
9266895487226,Drive Angry,Blu-Ray,ACTIVE,drive-angry,,191-BLRDRI-50-001A,1,"Action, Blu-Ray, Formatted, issue:needs_new_barcode, Rental"
9266911117562,Driven,Blu-Ray,ACTIVE,driven,,191-BLRDRV-50-001A,1,"Action, Blu-Ray, Formatted, issue:needs_new_barcode, Rental"
9266894635258,Due Date,Blu-Ray,ACTIVE,due-date,,191-BLRDUE-50-001A,1,"Blu-Ray, Comedy, Formatted, issue:needs_new_barcode, Rental"
9276625125626,Echo Park,VHS,ACTIVE,echo-park,,191-VHSECH-001A,1,"Drama, Formatted, issue:needs_new_barcode, Rental, VHS"
9276611789050,Elizabethtown,DVD,ACTIVE,elizabethtown,,191-DVDELI-001A,1,"DVD, Formatted, issue:held_for_libib_cleanup, issue:needs_new_barcode, Rental, Romantic Comedy"
9276611166458,Enchanted,DVD,ACTIVE,enchanted,,191-DVDENC-001A,1,"DVD, Formatted, issue:held_for_libib_cleanup, issue:needs_new_barcode, Kids & Family, Rental"
9258867294458,Enter the Void (Full-Length Director's Cut),Blu-Ray,ACTIVE,enter-the-void-full-length-directors-cut,,191-BLRENT-50-001A,1,"Blu-Ray, Drama, Formatted, issue:needs_new_barcode, Rental"
9276651667706,Escape,VHS,ACTIVE,escape,,191-VHSESC-001A,0,"Action, Formatted, issue:needs_new_barcode, Rental, VHS"
9276653371642,Escape Clause,VHS,ACTIVE,escape-clause,,191-VHSSCP-001A,1,"Formatted, issue:needs_new_barcode, Rental, Thriller, VHS"
9266894373114,Everything Everywhere All at Once,Blu-Ray,ACTIVE,everything-everywhere-all-at-once,,191-BLREVE-50-001A,1,"Blu-Ray, Drama, Formatted, issue:needs_new_barcode, Rental"
9260438421754,Evil Judgment (Vinegar Syndrome),Blu-Ray,ACTIVE,evil-judgment-vinegar-syndrome,,191-BLREVI-50-001A,1,"Blu-Ray, Formatted, Horror, Rental"
9260364300538,Excision,Blu-Ray,ACTIVE,excision,,191-BLREXC-50-001A,0,"Blu-Ray, Formatted, Horror, issue:needs_new_barcode, Rental"
9266895061242,Executive Decision,Blu-Ray,ACTIVE,executive-decision,,191-BLREXE-50-001A,1,"Action, Blu-Ray, Formatted, issue:needs_new_barcode, Rental"
9267011846394,Extreme Prejudice,Blu-Ray,ACTIVE,extreme-prejudice,,191-BLREXT-50-001A,1,"Action, Blu-Ray, Formatted, issue:needs_new_barcode, Rental"
9258868637946,Faceless After Dark,Blu-Ray,ACTIVE,faceless-after-dark,,191-BLRFAC-50-001A,1,"Blu-Ray, Formatted, Horror, issue:needs_new_barcode, Rental"
9276609167610,Fahrenheit 9/11,DVD,ACTIVE,fahrenheit-9-11,,191-DVDFAH-001A,1,"Documentary, DVD, Formatted, issue:needs_new_barcode, Rental"
9276610117882,Fantasia 2000,DVD,ACTIVE,fantasia-2000,,191-DVDFAN-001A,1,"DVD, Formatted, issue:needs_new_barcode, Kids & Family, Rental"
9276625158394,Far From Home: The Adventures of Yellow Dog,VHS,ACTIVE,far-from-home-the-adventures-of-yellow-dog,,191-VHSFAR-001A,1,"Formatted, issue:needs_new_barcode, Kids & Family, Rental, VHS"
9276610019578,Fear and Loathing in Las Vegas,DVD,ACTIVE,fear-and-loathing-in-las-vegas,,191-DVDFEA-001A,1,"Comedy, DVD, Formatted, issue:held_for_libib_cleanup, issue:needs_new_barcode, Rental"
9276609986810,Federico Fellini's 8 1/2,DVD,ACTIVE,federico-fellinis-8-1-2,,191-DVDFED-001A,1,"Drama, DVD, Formatted, issue:needs_new_barcode, Rental"
9276609593594,Federico Fellini's Amarcord,DVD,ACTIVE,federico-fellinis-amarcord,,191-DVDFDR-001A,1,"Drama, DVD, Formatted, issue:needs_new_barcode, Rental"
9398318956794,Finding Dory,Blu-Ray,ACTIVE,finding-dory-002a,,191-BLRFND-002A,1,"Blu-Ray, Formatted, issue:needs_new_barcode, Kids & Family, Rental"
9266894602490,Finding Dory,Blu-Ray,ACTIVE,finding-dory,,191-BLRFND-50-001A,1,"Blu-Ray, Formatted, issue:needs_new_barcode, Kids & Family, Rental"
9266894405882,Finding Nemo,Blu-Ray,ACTIVE,finding-nemo,,191-BLRFIN-50-001A,1,"Blu-Ray, Formatted, issue:needs_new_barcode, Kids & Family, Rental"
9260429836538,Flesh + Blood,Blu-Ray,ACTIVE,flesh-blood,,191-BLRFLE-50-001A,0,"Action, Blu-Ray, Formatted, issue:needs_new_barcode, Rental"
9258984341754,Forgetting Sarah Marshall,Blu-Ray,ACTIVE,forgetting-sarah-marshall,,191-BLRFOR-50-001A,1,"Blu-Ray, Comedy, Formatted, issue:needs_new_barcode, Rental"
9276651831546,Forrest Gump,VHS,ACTIVE,forrest-gump,,191-VHSFOR-001A,1,"Drama, Formatted, issue:needs_new_barcode, Rental, VHS"
9260363809018,Francesca,Blu-Ray,ACTIVE,francesca,,191-BLRFRA-50-001A,0,"Blu-Ray, Formatted, Horror, issue:needs_new_barcode, Rental"
9276608741626,Freaky Friday,DVD,ACTIVE,freaky-friday,,191-DVDFRE-001A,0,"DVD, Formatted, issue:needs_new_barcode, Kids & Family, Rental"
9276610969850,Furious 7,Blu-Ray,ACTIVE,furious-7,,191-BLRFUR-001A,1,"Action, Blu-Ray, Formatted, issue:needs_new_barcode, Rental"
9258983358714,Game Night,Blu-Ray,ACTIVE,game-night,,191-BLRGMN-50-001A,1,"Blu-Ray, Comedy, Formatted, issue:needs_new_barcode, Rental"
9260447269114,Gangster Squad,Blu-Ray,ACTIVE,gangster-squad,,191-BLRGAN-50-001A,1,"Action, Blu-Ray, Formatted, issue:needs_new_barcode, Rental"
9276609888506,Get Out,Blu-Ray,ACTIVE,get-out,,191-BLRGET-001A,1,"Blu-Ray, Formatted, Horror, issue:held_for_libib_cleanup, issue:needs_new_barcode, Rental"
9270291136762,Get Out of My Room,VHS,ACTIVE,get-out-of-my-room,,191-VHSGTT-001A,1,"Comedy, Formatted, issue:needs_new_barcode, Rental, VHS"
9266911576314,God Is a Bullet,Blu-Ray,ACTIVE,god-is-a-bullet,,191-BLRGOD-50-001A,1,"Action, Blu-Ray, Formatted, issue:needs_new_barcode, Rental"
9266894569722,Goosebumps,Blu-Ray,ACTIVE,goosebumps,,191-BLRGOO-50-001A,1,"Blu-Ray, Formatted, issue:needs_new_barcode, Kids & Family, Rental"
9276612411642,Graduate,DVD,ACTIVE,graduate,,191-DVDGRA-001A,1,"Drama, DVD, Formatted, issue:needs_new_barcode, Rental"
9249544536314,Grease,VHS,ACTIVE,grease,,191-VHSGRE-50-001A,1,"Formatted, issue:needs_new_barcode, Musical, Rental, VHS"
9276611428602,Great Gatsby,Blu-Ray,ACTIVE,great-gatsby,,191-BLRGRE-001A,0,"Blu-Ray, Drama, Formatted, issue:needs_new_barcode, Rental"
9266894012666,Gridiron Gang,Blu-Ray,ACTIVE,gridiron-gang,,191-BLRGRI-50-001A,1,"Blu-Ray, Drama, Formatted, issue:needs_new_barcode, Rental"
9276611756282,Grudge,Blu-Ray,ACTIVE,grudge,,191-BLRGRU-001A,1,"Blu-Ray, Formatted, Horror, issue:needs_new_barcode, Rental"
9260429803770,Gwen and the Book of Sand,Blu-Ray,ACTIVE,gwen-and-the-book-of-sand,,191-BLRGWE-50-001A,1,"Blu-Ray, Drama, Formatted, issue:needs_new_barcode, Rental"
9266932547834,Hansel & Gretel: Witch Hunters (Unrated Cut),Blu-Ray,ACTIVE,hansel-gretel-witch-hunters-unrated-cut,,191-BLRHAN-50-001A,1,"Action, Blu-Ray, Formatted, issue:needs_new_barcode, Rental"
9276609429754,Herbie: Fully Loaded,DVD,ACTIVE,herbie-fully-loaded,,191-WALHER-001A,1,"DVD, Formatted, issue:held_for_libib_cleanup, issue:needs_new_barcode, Kids & Family, Rental"
9260447301882,Hit & Run,Blu-Ray,ACTIVE,hit-run,,191-BLRHIT-50-001A,0,"Action, Blu-Ray, Formatted, issue:needs_new_barcode, Rental"
9258868146426,Hobo With A Shotgun (Collector's Edition),Blu-Ray,ACTIVE,hobo-with-a-shotgun-collectors-edition,,191-BLRHOB-50-001A,1,"Blu-Ray, Formatted, Horror, issue:needs_new_barcode, Rental"
9276625289466,Homeward Bound II: Lost in San Francisco,VHS,ACTIVE,homeward-bound-ii-lost-in-san-francisco,,191-VHSHOM-001A,1,"Formatted, issue:needs_new_barcode, Kids & Family, Rental, VHS"
9258983784698,Horrible Bosses 2 (Extended Cut),Blu-Ray,ACTIVE,horrible-bosses-2-extended-cut,,191-BLRHOR-50-001A,1,"Blu-Ray, Comedy, Formatted, issue:needs_new_barcode, Rental"
9258983850234,Horrible Bosses: Totally Inappropriate Edition,Blu-Ray,ACTIVE,horrible-bosses-totally-inappropriate-edition,,191-BLRHRR-50-001A,1,"Blu-Ray, Comedy, Formatted, issue:needs_new_barcode, Rental"
9260363940090,Hostel,Blu-Ray,ACTIVE,hostel,,191-BLCHOS-50-001A,1,"Blu-Ray, Formatted, Horror, issue:needs_new_barcode, Rental"
9260363710714,Hostel Part II (Unseen Edition),Blu-Ray,ACTIVE,hostel-part-ii-unseen-edition,,191-BLRHOS-50-001A,1,"Blu-Ray, Formatted, Horror, issue:needs_new_barcode, Rental"
9249544438010,Housesitter,VHS,ACTIVE,housesitter,,191-VHSHOU-50-001A,1,"Comedy, Formatted, issue:needs_new_barcode, Rental, VHS"
9249544372474,How To Kill Your Neighbor's Dog,VHS,ACTIVE,how-to-kill-your-neighbors-dog,,191-VHSHOW-50-002A,1,"Comedy, Formatted, issue:needs_new_barcode, Rental, VHS"
9276612608250,Hugo,Blu-Ray,ACTIVE,hugo,,191-BLRHUO-001A,1,"Blu-Ray, Formatted, issue:needs_new_barcode, Kids & Family, Rental"
9260438257914,Hugo Mask Special! Horrible Full Head Mask With Hair!,Blu-Ray,ACTIVE,hugo-mask-special-horrible-full-head-mask-with-hair,,191-BLRHUG-50-001A,1,"Blu-Ray, Formatted, Horror, Rental"
9258827219194,I Am Legend,Blu-Ray,ACTIVE,i-am-legend,,191-BLRIAM-50-001A,1,"Action, Blu-Ray, Formatted, issue:needs_new_barcode, Rental"
9258984145146,"I Love You, Man",Blu-Ray,ACTIVE,i-love-you-man,,191-BLRILO-50-001A,1,"Blu-Ray, Comedy, Formatted, issue:needs_new_barcode, Rental"
9260429607162,IT,Blu-Ray,ACTIVE,it,,191-BLRIT2-50-001A,1,"Blu-Ray, Formatted, Horror, issue:needs_new_barcode, Rental"
9260430000378,In The Mouth of Madness (Collector's Edition),Blu-Ray,DRAFT,in-the-mouth-of-madness-collectors-edition,,191-BLRNTH-50-001A,1,"Blu-Ray, Formatted, Horror, issue:needs_new_barcode, Rental"
9260429639930,In the Line of Duty I-IV,Blu-Ray,ACTIVE,in-the-line-of-duty-i-iv,,191-BLRINT-50-001A,1,"Action, Blu-Ray, Formatted, issue:needs_new_barcode, Rental"
9276610707706,Inferno,Blu-Ray,ACTIVE,inferno,,191-BLRINF-001A,0,"Action, Blu-Ray, Formatted, issue:needs_new_barcode, Rental"
9260364955898,Jay & Silent Bob Reboot,Blu-Ray,ACTIVE,jay-silent-bob-reboot,,191-BLCJAY-50-001A,1,"Blu-Ray, Comedy, Formatted, issue:needs_new_barcode, Rental"
9266913083642,Jeepers Creepers Reborn,Blu-Ray,ACTIVE,jeepers-creepers-reborn,,191-BLRJEE-50-001A,1,"Blu-Ray, Formatted, Horror, issue:needs_new_barcode, Rental"
9276613558522,John Wick: Chapter 3 - Parabellum,4K,ACTIVE,john-wick-chapter-3-parabellum,,191-BLRJOH-001A,1,"4K, Action, Formatted, issue:needs_new_barcode, Rental"
9249544241402,Johnny Suede 1991,VHS,ACTIVE,johnny-suede-1991,,191-VHSJOH-50-001A,1,"Comedy, Formatted, issue:needs_new_barcode, Rental, VHS"
9276610576634,Juno,DVD,ACTIVE,juno,,191-DVDJUN-001A,1,"Comedy, DVD, Formatted, issue:needs_new_barcode, Rental"
9276613427450,Jupiter Ascending,4K,ACTIVE,jupiter-ascending,,191-BLRJUP-001A,1,"4K, Formatted, issue:needs_new_barcode, Rental, Sci-Fi"
9249544306938,K-9 Pi,VHS,ACTIVE,k-9-pi,,191-VHSK9P-50-001A,1,"Comedy, Formatted, issue:needs_new_barcode, Rental, VHS"
9258826334458,Kick-Ass,Blu-Ray,ACTIVE,kick-ass,,191-BLRKIC-50-001A,1,"Action, Blu-Ray, Formatted, issue:needs_new_barcode, Rental"
9266895323386,Kick-Ass 2,Blu-Ray,ACTIVE,kick-ass-2,,191-BLRKCK-50-001A,1,"Action, Blu-Ray, Formatted, issue:needs_new_barcode, Rental"
9266967478522,Kill Bill,4K,ACTIVE,kill-bill,,191-BLRKI2-50-001A,0,"4K, Action, Formatted, issue:needs_new_barcode, Rental"
9266895192314,Kill Bill Vol. 2,Blu-Ray,ACTIVE,kill-bill-vol-2,,191-BLRKLL-50-001A,1,"Action, Blu-Ray, Formatted, issue:needs_new_barcode, Rental"
9258866999546,Killing Them Softly,Blu-Ray,ACTIVE,killing-them-softly,,191-BLRKIL-50-001A,1,"Blu-Ray, Drama, Formatted, issue:needs_new_barcode, Rental"
9260445597946,Kinji Fukasaku's Battles Without Honor and Humanity: The Complete Trilogy (Arrow),Blu-Ray,ACTIVE,kinji-fukasakus-battles-without-honor-and-humanity-the-complete-trilogy-arrow,,191-BLRKIN-50-001A,1,"Action, Blu-Ray, Formatted, issue:needs_new_barcode, Rental"
9260364759290,Knocked Up (Unrated),Blu-Ray,ACTIVE,knocked-up-unrated,,191-BLRKNO-50-001A,1,"Blu-Ray, Comedy, Formatted, issue:needs_new_barcode, Rental"
9258868474106,Let Me In,Blu-Ray,ACTIVE,let-me-in,,191-BLRLET-50-001A,0,"Blu-Ray, Formatted, Horror, issue:needs_new_barcode, Rental"
9249544831226,Liar Liar,VHS,ACTIVE,liar-liar-vhs-video-tape,,191-NKNLIA-50-001A,1,"Comedy, Formatted, issue:needs_new_barcode, Rental, VHS"
9276612149498,Lifeboat,DVD,ACTIVE,lifeboat,,191-DVDLFB-001A,0,"Drama, DVD, Formatted, issue:needs_new_barcode, Rental"
9260438290682,Lost Picture Show (Vinegar Syndrome),Blu-Ray,ACTIVE,lost-picture-show-vinegar-syndrome,,191-BLRLOS-50-001A,1,"Blu-Ray, Formatted, Horror, Rental"
9276610445562,Lost in Translation,DVD,ACTIVE,lost-in-translation,,191-DVDLOS-001A,1,"Comedy, DVD, Formatted, issue:held_for_libib_cleanup, issue:needs_new_barcode, Rental"
9276650193146,Love Has Many Faces,VHS,ACTIVE,love-has-many-faces,,191-VHSLVH-001A,1,"Drama, Formatted, issue:needs_new_barcode, Rental, VHS"
9260447400186,Love and Monsters,Blu-Ray,ACTIVE,love-and-monsters,,191-UNKLOV-50-001A,1,"Action, Blu-Ray, Formatted, issue:needs_new_barcode, Rental"
9260446384378,Lovers Lane (Arrow),Blu-Ray,ACTIVE,lovers-lane-arrow,,191-BLRLOV-70-001A,1,"Blu-Ray, Formatted, Horror, issue:needs_new_barcode, Rental"
9260431245562,M3GAN (Unrated) 4K,4K,ACTIVE,m3gan-unrated-4k,,191-BLRM3G-50-001A,1,"4K, Formatted, Horror, issue:needs_new_barcode, Rental"
9270291824890,MAN FROM CLOVER GROVE,VHS,ACTIVE,man-from-clover-grove,,191-VHSMNF-001A,1,"Comedy, Formatted, issue:needs_new_barcode, Rental, VHS"
9276624797946,MONSIGNOR,VHS,ACTIVE,monsignor,,191-VHSMNS-001A,0,"Drama, Formatted, issue:needs_new_barcode, Rental, VHS"
9243607892218,MR. NICE GUY,VHS,ACTIVE,mr-nice-guy,,191-VHSMRN-001A,0,"Comedy, Formatted, issue:needs_new_barcode, Rental, VHS"
9260447432954,Machete,Blu-Ray,ACTIVE,machete,,191-BLRMAC-50-001A,1,"Action, Blu-Ray, Formatted, issue:needs_new_barcode, Rental"
9267013746938,Machete Kills,Blu-Ray,ACTIVE,machete-kills,,191-BLRMCH-50-001A,1,"Action, Blu-Ray, Formatted, issue:needs_new_barcode, Rental"
9260431311098,Mama,Blu-Ray,ACTIVE,mama,,191-UNIMAM-50-001A,1,"Blu-Ray, Formatted, Horror, issue:needs_new_barcode, Rental"
9276613689594,Manhattan,DVD,ACTIVE,manhattan,,191-DVDMAN-001A,0,"Comedy, DVD, Formatted, issue:needs_new_barcode, Rental"
9276613656826,Matrix Reloaded,4K,ACTIVE,the-matrix-reloaded,,191-BLRTHM-001A,1,"4K, Formatted, issue:needs_new_barcode, Rental, Sci-Fi"
9276609954042,Medallion,DVD,ACTIVE,medallion,,191-DVDMED-001A,1,"Action, DVD, Formatted, issue:needs_new_barcode, Rental"
9276609790202,Memento,DVD,ACTIVE,memento,,191-DVDMEM-001A,1,"DVD, Formatted, issue:needs_new_barcode, Rental, Thriller"
9276612673786,Memoirs of a Geisha,DVD,ACTIVE,memoirs-of-a-geisha,,191-DVDMMR-001A,1,"Drama, DVD, Formatted, issue:needs_new_barcode, Rental"
9276651634938,Memphis,VHS,ACTIVE,memphis,,191-VHSMEM-001A,0,"Formatted, issue:needs_new_barcode, Rental, Thriller, VHS"
9276653142266,Mexico City,VHS,ACTIVE,mexico-city,,191-VHSMEX-001A,1,"Formatted, issue:needs_new_barcode, Rental, Thriller, VHS"
9276651471098,Miami Blues,VHS,ACTIVE,miami-blues,,191-VHSMIA-001A,1,"Action, Formatted, issue:needs_new_barcode, Rental, VHS"
9260364103930,Midnight Movie,Blu-Ray,ACTIVE,midnight-movie,,191-BLRMID-50-002A,1,"Blu-Ray, Formatted, Horror, issue:needs_new_barcode, Rental"
9276651962618,Midnight Strangers,VHS,ACTIVE,midnight-strangers,,191-VHSMID-001A,0,"Formatted, issue:needs_new_barcode, Rental, Thriller, VHS"
9276625092858,Miles From Home,VHS,ACTIVE,miles-from-home,,191-VHSMIL-001A,0,"Drama, Formatted, issue:needs_new_barcode, Rental, VHS"
9276625256698,Milk Money,VHS,ACTIVE,milk-money,,191-VHSMLK-001A,1,"Drama, Formatted, issue:needs_new_barcode, Rental, VHS"
9260430131450,Mirrors (Unrated Special Edition),Blu-Ray,ACTIVE,mirrors-unrated-special-edition,,191-BLRMRR-50-001A,0,"Blu-Ray, Formatted, Horror, issue:needs_new_barcode, Rental"
9260364333306,Mirrors 2 Unrated,Blu-Ray,ACTIVE,mirrors-2-unrated,,191-BLRMIR-50-001A,1,"Blu-Ray, Formatted, Horror, issue:needs_new_barcode, Rental"
9276651372794,Missing Pieces,VHS,ACTIVE,missing-pieces,,191-VHSMSS-001A,1,"Comedy, Formatted, issue:needs_new_barcode, Rental, VHS"
9267013058810,Mission: Impossible - Fallout,Blu-Ray,ACTIVE,mission-impossible-fallout,,191-BLRMIS-50-001A,1,"Action, Blu-Ray, Formatted, issue:needs_new_barcode, Rental"
9276650488058,Mister Johnson,VHS,ACTIVE,mister-johnson,,191-VHSMST-001A,1,"Drama, Formatted, issue:needs_new_barcode, Rental, VHS"
9276651536634,Modern Problems,VHS,ACTIVE,modern-problems,,191-VHSMOD-001A,1,"Comedy, Formatted, issue:needs_new_barcode, Rental, VHS"
9276624732410,Monkey's Uncle,VHS,ACTIVE,monkeys-uncle,,191-VHSMON-001A,1,"Formatted, issue:needs_new_barcode, Kids & Family, Rental, VHS"
9266911215866,Morbius,4K,ACTIVE,morbius,,191-4K2MOR-50-001A,1,"4K, Action, Formatted, issue:needs_new_barcode, Rental"
9258868703482,Motel Hell,Blu-Ray,ACTIVE,motel-hell,,191-BLRMOT-50-001A,1,"Blu-Ray, Formatted, Horror, issue:needs_new_barcode, Rental"
9260438126842,Mother's Day (Vinegar Syndrome),4K,ACTIVE,mothers-day-vinegar-syndrome,,191-4K2MOT-50-001A,0,"4K, Formatted, Horror, issue:needs_new_barcode, Rental"
9276651733242,Mouth to Mouth,VHS,ACTIVE,mouth-to-mouth,,191-VHSMOU-001A,1,"Comedy, Formatted, issue:needs_new_barcode, Rental, VHS"
9260438814970,Mr. & Mrs. Smith,Blu-Ray,ACTIVE,mr-mrs-smith,,191-DVDMRM-50-001A,1,"Action, Blu-Ray, Formatted, issue:needs_new_barcode, Rental"
9270291202298,Mr. Accident,VHS,ACTIVE,mr-accident,,191-VHSMRA-001A,1,"Comedy, Formatted, issue:needs_new_barcode, Rental, VHS"
9267012960506,Mr. Brooks,Blu-Ray,ACTIVE,mr-brooks,,191-BLRMRB-50-001A,1,"Blu-Ray, Formatted, Issue_Genre_Needed, Rental"
9276624863482,Mr. Magoo,VHS,ACTIVE,mr-magoo,,191-VHSMRM-001A,1,"Formatted, issue:needs_new_barcode, Kids & Family, Rental, VHS"
9267106119930,Munsters (A Rob Zombie Film),DVD,ACTIVE,munsters-a-rob-zombie-film,,191-DVDMUN-50-001A,1,"Drama, DVD, Formatted, issue:needs_new_barcode, Rental"
9276610216186,Murder on the Orient Express,Blu-Ray,ACTIVE,murder-on-the-orient-express,,191-BLRMUR-001A,0,"Blu-Ray, Drama, Formatted, issue:needs_new_barcode, Rental"
9276624634106,My Fair Lady,VHS,ACTIVE,my-fair-lady,,191-VHSMYF-001A,1,"Formatted, issue:needs_new_barcode, Musical, Rental, VHS"
9267105530106,My Soul to Take,Blu-Ray,ACTIVE,my-soul-to-take,,191-BLRMYS-50-001A,1,"Blu-Ray, Formatted, Horror, issue:needs_new_barcode, Rental"
9260364824826,Neighbors,Blu-Ray,ACTIVE,neighbors,,191-BLRNES-50-001A,0,"Blu-Ray, Comedy, Formatted, issue:needs_new_barcode, Rental"
9258983620858,Neighbors 2,Blu-Ray,ACTIVE,neighbors-2,,191-BLRNEI-50-001A,0,"Blu-Ray, Comedy, Formatted, issue:needs_new_barcode, Rental"
9266911346938,Never Back Down: Extended Beat Down Edition,Blu-Ray,ACTIVE,never-back-down-extended-beat-down-edition,,191-BLRNEV-50-001A,1,"Action, Blu-Ray, Formatted, issue:needs_new_barcode, Rental"
9243606974714,Never Been Kissed,VHS,ACTIVE,never-been-kissed,,191-VHSNEV-F-001A,1,"Comedy, Formatted, issue:needs_new_barcode, Rental, VHS"
9266894700794,New Year's Eve,Blu-Ray,ACTIVE,new-years-eve,,191-BLRNEW-50-001A,1,"Blu-Ray, Comedy, Formatted, issue:needs_new_barcode, Rental"
9276651602170,Nico and Dani,VHS,ACTIVE,nico-and-dani,,191-VHSNIC-001A,1,"Comedy, Formatted, issue:needs_new_barcode, Rental, VHS"
9260438028538,Night Shift,DVD,ACTIVE,night-shift,,191-DVDNIG-50-001A,1,"DVD, Formatted, Horror, issue:needs_new_barcode, Rental"
9260364136698,Night Watch / Day Watch,Blu-Ray,ACTIVE,night-watch-day-watch,,191-BLRNIG-50-001A,1,"Blu-Ray, Formatted, Horror, issue:needs_new_barcode, Rental"
9260438225146,Night and Day,DVD,ACTIVE,night-and-day,,191-DVDNGH-50-001A,1,"DVD, Formatted, issue:needs_new_barcode, Musical, Rental"
9260364464378,Night of the Living Dead,Blu-Ray,ACTIVE,night-of-the-living-dead,,191-BLRNGH-50-001A,1,"Blu-Ray, Formatted, Horror, issue:needs_new_barcode, Rental"
9258867392762,No Country for Old Men,Blu-Ray,ACTIVE,no-country-for-old-men,,191-BLRNOC-50-001A,1,"Blu-Ray, Drama, Formatted, issue:needs_new_barcode, Rental"
9276651766010,No Secrets,VHS,ACTIVE,no-secrets,,191-VHSNOS-001A,1,"Formatted, issue:needs_new_barcode, Rental, Thriller, VHS"
9276652028154,Nothing to Lose,VHS,ACTIVE,nothing-to-lose,,191-VHSNOT-001A,0,"Comedy, Formatted, issue:needs_new_barcode, Rental, VHS"
9243606679802,OPEN SEASON,VHS,ACTIVE,open-season,,191-VHSOPE-G-001A,1,"Comedy, Formatted, issue:needs_new_barcode, Rental, VHS"
9258984014074,Observe and Report,Blu-Ray,ACTIVE,observe-and-report,,191-BLROBS-50-001A,1,"Blu-Ray, Comedy, Formatted, issue:needs_new_barcode, Rental"
9260447531258,Officer Downe,Blu-Ray,ACTIVE,officer-downe,,191-BLROFF-50-001A,1,"Action, Blu-Ray, Formatted, issue:needs_new_barcode, Rental"
9258867097850,On the Road,Blu-Ray,ACTIVE,on-the-road,,191-UNKONT-50-001A,1,"Blu-Ray, Drama, Formatted, issue:needs_new_barcode, Rental"
9260438159610,One Rainy Afternoon,DVD,ACTIVE,one-rainy-afternoon,,191-DVDONE-50-001A,1,"Drama, DVD, Formatted, issue:needs_new_barcode, Rental"
9276612280570,Out of Africa,DVD,ACTIVE,out-of-africa,,191-DVDOUT-001A,1,"Drama, DVD, Formatted, issue:needs_new_barcode, Rental"
9260447367418,Out of the Furnace,Blu-Ray,ACTIVE,out-of-the-furnace,,191-BLROUT-50-001A,1,"Action, Blu-Ray, Formatted, issue:needs_new_barcode, Rental"
9243652063482,Out to Sea,VHS,ACTIVE,out-to-sea,,191-VHSTTS-001A,1,"Comedy, Formatted, issue:needs_new_barcode, Rental, VHS"
9276650291450,Outsiders,VHS,ACTIVE,outsiders,,191-VHSTSD-001A,1,"Drama, Formatted, Rental, VHS"
9258826989818,Over The Top,Blu-Ray,ACTIVE,over-the-top,,191-BLROVE-50-001A,1,"Action, Blu-Ray, Formatted, issue:needs_new_barcode, Rental"
9249544634618,Overboard Vhs 1987 Goldie Hawn Kurt Russell,VHS,ACTIVE,overboard-vhs-1987-goldie-hawn-kurt-russell,,191-VHSOVE-50-001A,1,"Comedy, Formatted, issue:needs_new_barcode, Rental, VHS"
9267105333498,Peninsula,Blu-Ray,DRAFT,peninsula,,191-BLRPEN-50-001A,1,"Action, Blu-Ray, Formatted, issue:needs_new_barcode, Rental"
9276625453306,Philadelphia,VHS,ACTIVE,philadelphia,,191-VHSPHI-001A,1,"Drama, Formatted, issue:needs_new_barcode, Rental, VHS"
9276610642170,Pineapple Express,DVD,ACTIVE,pineapple-express,,191-DVDPIN-001A,1,"Comedy, DVD, Formatted, issue:needs_new_barcode, Rental"
9276611133690,Pixar Short Films Collection Volume 1,DVD,ACTIVE,pixar-short-films-collection-volume-1,,191-DVDPIX-001A,1,"DVD, Formatted, issue:needs_new_barcode, Kids & Family, Rental"
9243651899642,Pocket Money,VHS,ACTIVE,pocket-money,,191-VHSPOC-001A,1,"Comedy, Formatted, issue:needs_new_barcode, Rental, VHS"
9260446286074,Point Break,Blu-Ray,ACTIVE,point-break,,191-BLRPOI-50-001A,0,"Action, Blu-Ray, Formatted, issue:needs_new_barcode, Rental"
9260431278330,Poltergeist Extended Cut (Blu-ray),Blu-Ray,ACTIVE,poltergeist-extended-cut-blu-ray,,191-UNKPOL-50-001A,1,"Blu-Ray, Formatted, Horror, issue:needs_new_barcode, Rental"
9266911740154,Poseidon,Blu-Ray,ACTIVE,poseidon,,191-BLRPOS-50-001A,1,"Action, Blu-Ray, Formatted, issue:needs_new_barcode, Rental"
9267013812474,Power Rangers,Blu-Ray,ACTIVE,power-rangers,,191-BLRPOW-50-001A,1,"Action, Blu-Ray, Formatted, issue:needs_new_barcode, Rental"
9260364071162,Prom Night,Blu-Ray,ACTIVE,prom-night,,191-BLRPRO-50-001A,0,"Blu-Ray, Formatted, Horror, issue:needs_new_barcode, Rental"
9276613722362,Prometheus,4K,ACTIVE,prometheus,,191-BLRPRM-001A,1,"4K, Formatted, issue:needs_new_barcode, Rental, Sci-Fi"
9260431343866,Psycho Goreman,Blu-Ray,ACTIVE,psycho-goreman,,191-UNKPSY-50-001A,1,"Blu-Ray, Formatted, Horror, issue:needs_new_barcode, Rental"
9276612378874,Pulp Fiction,DVD,ACTIVE,pulp-fiction,,191-DVDPUL-001A,1,"DVD, Formatted, issue:needs_new_barcode, Rental, Thriller"
9276612477178,Raging Bull,DVD,ACTIVE,raging-bull,,191-DVDRAG-001A,1,"Drama, DVD, Formatted, issue:needs_new_barcode, Rental"
9260447334650,Rampage,4K,ACTIVE,rampage,,191-BLRRAM-50-001A,0,"4K, Action, Formatted, issue:needs_new_barcode, Rental"
9276652912890,Rat Race,VHS,ACTIVE,rat-race,,191-VHSRAT-001A,0,"Comedy, Formatted, issue:needs_new_barcode, Rental, VHS"
9276610347258,Ratatouille,DVD,ACTIVE,ratatouille,,191-DVDRAT-001A,1,"DVD, Formatted, issue:held_for_libib_cleanup, issue:needs_new_barcode, Kids & Family, Rental"
9276611657978,Re-Animator,Blu-Ray,ACTIVE,re-animator,,191-BLRREA-001A,1,"Blu-Ray, Formatted, issue:held_for_libib_cleanup, issue:needs_new_barcode, Rental, Sci-Fi"
9276610478330,Red Heat,Blu-Ray,ACTIVE,red-heat,,191-BLRRED-001A,1,"Action, Blu-Ray, Formatted, issue:needs_new_barcode, Rental"
9260363907322,Renfield: Dracula Sucks Edition,Blu-Ray,ACTIVE,renfield-dracula-sucks-edition,,191-BLRREN-50-001A,1,"Blu-Ray, Comedy, Formatted, issue:needs_new_barcode, Rental"
9258867687674,Requiem for a Dream (Director's Cut),Blu-Ray,ACTIVE,requiem-for-a-dream-directors-cut,,191-BLRREQ-50-001A,1,"Blu-Ray, Drama, Formatted, issue:needs_new_barcode, Rental"
9267013419258,Rise of the Planet of the Apes,Blu-Ray,ACTIVE,rise-of-the-planet-of-the-apes,,191-BLRRIS-50-001A,1,"Action, Blu-Ray, Formatted, issue:needs_new_barcode, Rental"
9258867556602,Robin Hood (Unrated Director's Cut),Blu-Ray,ACTIVE,robin-hood-unrated-directors-cut,,191-BLRROB-70-001A,0,"Blu-Ray, Drama, Formatted, issue:needs_new_barcode, Rental"
9276610052346,Royal Tenenbaums,DVD,ACTIVE,royal-tenenbaums,,191-DVDROY-002A,1,"Comedy, DVD, Formatted, issue:needs_new_barcode, Rental"
9276652847354,SHOOTING ELIZABETH,VHS,ACTIVE,shooting-elizabeth,,191-VHSSHO-001A,1,"Comedy, Formatted, issue:needs_new_barcode, Rental, VHS"
9276611363066,SYRIANA,Blu-Ray,ACTIVE,syriana,,191-BLRSYR-001A,1,"Blu-Ray, Drama, Formatted, issue:held_for_libib_cleanup, issue:needs_new_barcode, Rental"
9260364431610,Salem's Lot,Blu-Ray,ACTIVE,salems-lot,,191-BLRSAL-50-001A,1,"Blu-Ray, Formatted, Horror, issue:needs_new_barcode, Rental"
9276609233146,Saving Private Ryan,Blu-Ray,ACTIVE,saving-private-ryan,,191-BLRSAV-001A,1,"Blu-Ray, Drama, Formatted, issue:held_for_libib_cleanup, issue:needs_new_barcode, Rental"
9276610773242,Say Anything,DVD,ACTIVE,say-anything,,191-DVDSAY-001A,1,"Comedy, DVD, Formatted, issue:held_for_libib_cleanup, issue:needs_new_barcode, Rental"
9260429738234,"Scala!!! Or, the Incredibly Strange Rise and Fall of the World's Wildest Cinema and How It Influenced a Mixed-up Generation of Weirdos and Misfits",Blu-Ray,ACTIVE,scala-or-the-incredibly-strange-rise-and-fall-of-the-worlds-wildest-cinema-and-how-it-influenced-a-mixed-up-generation-of-weirdos-and-misfits,,191-BLRSCA-50-001A,0,"Blu-Ray, Documentary, Formatted, issue:needs_new_barcode, Rental"
9276651503866,Serpent of Death,VHS,ACTIVE,serpent-of-death,,191-VHSSER-001A,1,"Action, Formatted, issue:needs_new_barcode, Rental, VHS"
9276613394682,Shallows,4K,ACTIVE,shallows,,191-BLRSHA-001A,1,"4K, Formatted, issue:needs_new_barcode, Rental, Thriller"
9276612870394,Shining,Blu-Ray,ACTIVE,shining,,191-BLRSHI-001A,1,"Blu-Ray, Formatted, Horror, issue:needs_new_barcode, Rental"
9276652978426,Shipwrecked,VHS,ACTIVE,shipwrecked,,191-VHSSHI-001A,1,"Formatted, issue:needs_new_barcode, Kids & Family, Rental, VHS"
9266911445242,Shoot 'Em Up,Blu-Ray,ACTIVE,shoot-em-up,,191-BLRSHO-50-001A,1,"Action, Blu-Ray, Formatted, issue:needs_new_barcode, Rental"
9258826498298,Sicario,Blu-Ray,ACTIVE,sicario,,191-BLRSIC-70-001A,1,"Action, Blu-Ray, Formatted, issue:needs_new_barcode, Rental"
9258826563834,Sicario: Day of the Soldado,Blu-Ray,ACTIVE,sicario-day-of-the-soldado,,191-BLRSCR-50-001A,1,"Action, Blu-Ray, Formatted, issue:needs_new_barcode, Rental"
9276625387770,Simon Birch,VHS,ACTIVE,simon-birch,,191-VHSSMN-001A,1,"Drama, Formatted, issue:needs_new_barcode, Rental, VHS"
9258827481338,Sin City: A Dame to Kill For,Blu-Ray,ACTIVE,sin-city-a-dame-to-kill-for,,191-BLRSIN-50-001A,1,"Action, Blu-Ray, Formatted, issue:needs_new_barcode, Rental"
9266932449530,Skyscraper,4K,ACTIVE,skyscraper,,191-BLRSKY-50-001A,0,"4K, Action, Formatted, issue:needs_new_barcode, Rental"
9276611559674,Sleepless in Seattle,DVD,ACTIVE,sleepless-in-seattle,191-DVDSLE-001A,191-DVDSLE-001A,1,"DVD, Formatted, issue:held_for_libib_cleanup, issue:needs_new_barcode, Rental, Romantic Comedy"
9276608971002,Snatch (Special Edition),DVD,ACTIVE,snatch-special-edition,,191-DVDSNA-001A,1,"Drama, DVD, Formatted, issue:held_for_libib_cleanup, issue:needs_new_barcode, Rental"
9260447236346,Snitch,4K,ACTIVE,snitch,,191-UNKSNI-50-001A,1,"4K, Action, Formatted, issue:needs_new_barcode, Rental"
9276613296378,Solo: A Star Wars Story,4K,ACTIVE,solo-a-star-wars-story,,191-BLRSOL-001A,1,"4K, Formatted, issue:needs_new_barcode, Rental, Sci-Fi"
9276651700474,Special Forces,VHS,ACTIVE,special-forces,,191-VHSSPC-001A,1,"Action, Formatted, issue:needs_new_barcode, Rental, VHS"
9267105890554,Species 4K Collector's Edition,4K,ACTIVE,species-4k-collectors-edition,,191-BLRSPC-50-001A,1,"4K, Formatted, issue:needs_new_barcode, Rental, Sci-Fi"
9266894962938,Speed,Blu-Ray,ACTIVE,speed,,191-BLRSPD-50-001A,0,"Action, Blu-Ray, Formatted, issue:needs_new_barcode, Rental"
9258826891514,Speed Racer,DVD,ACTIVE,speed-racer,,191-BLRSPE-50-001A,1,"DVD, Formatted, issue:needs_new_barcode, Kids & Family, Rental"
9276610085114,Spirited Away,DVD,ACTIVE,spirited-away,,191-DVDSPI-001A,1,"DVD, Formatted, issue:held_for_libib_cleanup, issue:needs_new_barcode, Kids & Family, Rental"
9276650258682,Stand Alone,VHS,ACTIVE,stand-alone,,191-VHSSTN-001A,1,"Action, Formatted, issue:needs_new_barcode, Rental, VHS"
9243651539194,Static,VHS,DRAFT,static,,191-VHSSTA-001A,1,"Comedy, Formatted, issue:needs_new_barcode, Rental, VHS"
9260437995770,Steel and Lace (Vinegar Syndrome),Blu-Ray,ACTIVE,steel-and-lace-vinegar-syndrome,,191-BLRSTE-50-001A,1,"Blu-Ray, Formatted, issue:needs_new_barcode, Rental, Sci-Fi"
9276653011194,Strangers,VHS,ACTIVE,strangers,,191-VHSST3-001A,1,"Formatted, issue:needs_new_barcode, Rental, Thriller, VHS"
9276651798778,Streetkill,VHS,ACTIVE,streetkill,,191-VHSSTL-001A,0,"Drama, Formatted, issue:needs_new_barcode, Rental, VHS"
9276624568570,Strictly Ballroom,VHS,ACTIVE,strictly-ballroom,,191-VHSSTM-001A,1,"Formatted, issue:needs_new_barcode, Musical, Rental, VHS"
9260429771002,Suitable Flesh,Blu-Ray,ACTIVE,suitable-flesh,,191-BLRSUI-50-001A,1,"Blu-Ray, Formatted, Horror, issue:needs_new_barcode, Rental"
9260446417146,Sundown: The Vampire in Retreat,Blu-Ray,ACTIVE,sundown-the-vampire-in-retreat,,191-BLRSUN-50-001A,1,"Action, Blu-Ray, Formatted, issue:needs_new_barcode, Rental"
9260364562682,Super Troopers,Blu-Ray,ACTIVE,super-troopers,,191-BLRSUP-50-001A,0,"Blu-Ray, Comedy, Formatted, issue:needs_new_barcode, Rental"
9249542013178,Suppose They Gave a War and Nobody Came?,VHS,ACTIVE,suppose-they-gave-a-war-and-nobody-came,,191-VHSSUP-50-001A,1,"Comedy, Formatted, issue:needs_new_barcode, Rental, VHS"
9260364267770,THE HOUSE THAT JACK BUILT,Blu-Ray,ACTIVE,the-house-that-jack-built,,191-BLRTHH-50-001A,1,"Blu-Ray, Formatted, Horror, issue:needs_new_barcode, Rental"
9276651995386,Talent for the Game,VHS,ACTIVE,talent-for-the-game,,191-VHSTLN-001A,1,"Comedy, Formatted, issue:needs_new_barcode, Rental, VHS"
9260430065914,Talk to Me,4K,ACTIVE,talk-to-me,,191-BLRTLK-50-001A,0,"4K, Formatted, Horror, issue:needs_new_barcode, Rental"
9260364628218,Talladega Nights: The Ballad of Ricky Bobby,Blu-Ray,ACTIVE,talladega-nights-the-ballad-of-ricky-bobby,,191-BLRTAL-50-001A,1,"Blu-Ray, Comedy, Formatted, issue:needs_new_barcode, Rental"
9276611100922,Tango & Cash,Blu-Ray,ACTIVE,tango-cash,,191-BLRTAN-001A,1,"Action, Blu-Ray, Formatted, issue:held_for_libib_cleanup, issue:needs_new_barcode, Rental"
9267013157114,Terminator Genisys,Blu-Ray,ACTIVE,terminator-genisys,,191-BLRTRM-50-001A,1,"Blu-Ray, Formatted, issue:needs_new_barcode, Rental, Sci-Fi"
9258826137850,Terminator: Dark Fate,Blu-Ray,ACTIVE,terminator-dark-fate,,191-BLRTER-50-001A,1,"Blu-Ray, Formatted, issue:needs_new_barcode, Rental, Sci-Fi"
9276611231994,Texas Chain Saw Massacre,Blu-Ray,ACTIVE,texas-chain-saw-massacre,,191-BLRTEX-001A,1,"Blu-Ray, Formatted, Horror, issue:needs_new_barcode, Rental"
9258984472826,The 40-Year-Old Virgin,Blu-Ray,ACTIVE,the-40-year-old-virgin,,191-BLRTH4-50-001A,1,"Blu-Ray, Comedy, Formatted, issue:needs_new_barcode, Rental"
9243607302394,The Adventures of Pluto Nash,VHS,ACTIVE,the-adventures-of-pluto-nash,,191-VHSTHE-F-001A,1,"Comedy, Formatted, issue:needs_new_barcode, Rental, VHS"
9258867196154,The Assassination of Jesse James,Blu-Ray,ACTIVE,the-assassination-of-jesse-james,,191-BLRTHE-50-001A,0,"Blu-Ray, Drama, Formatted, issue:needs_new_barcode, Rental"
9249542504698,The Assignment,VHS,DRAFT,the-assignment,,191-NKNTHE-50-001A,0,"Formatted, issue:needs_new_barcode, Rental, Thriller, VHS"
9276613329146,The Aviator,DVD,ACTIVE,the-aviator,,191-DVDTHV-001A,0,"Drama, DVD, Formatted, issue:needs_new_barcode, Rental"
9276609822970,The Beales of Grey Gardens,DVD,ACTIVE,the-beales-of-grey-gardens,,191-DVDTHB-001A,1,"Documentary, DVD, Formatted, issue:held_for_libib_cleanup, issue:needs_new_barcode, Rental"
9260429967610,The Black Room (Vinegar Syndrome),Blu-Ray,ACTIVE,the-black-room-vinegar-syndrome,,191-BLRTHB-50-001A,1,"Blu-Ray, Formatted, Issue_Genre_Needed, Rental"
9260430098682,The Boogeyman (Vinegar Syndrome),4K,ACTIVE,the-boogeyman-vinegar-syndrome,,191-4K2THE-50-001A,0,"4K, Formatted, Horror, issue:needs_new_barcode, Rental"
9276611002618,The Break-Up,DVD,ACTIVE,the-break-up,,191-DVDTHP-001A,0,"Comedy, DVD, Formatted, issue:needs_new_barcode, Rental"
9276609396986,The Cabin in the Woods,DVD,ACTIVE,the-cabin-in-the-woods,,191-DVDTHC-001A,1,"DVD, Formatted, Horror, issue:held_for_libib_cleanup, issue:needs_new_barcode, Rental"
9249542897914,The Capitol Conspiracy,VHS,ACTIVE,the-capitol-conspiracy,,191-VHSTHC-50-001A,1,"Formatted, issue:needs_new_barcode, Rental, Thriller, VHS"
9260429508858,The Cardona Collection Vol. 2 (Vinegar Syndrome),Blu-Ray,ACTIVE,the-cardona-collection-vol-2-vinegar-syndrome,,191-BLRTHC-50-001A,1,"Action, Blu-Ray, Formatted, Rental"
9267013550330,The Cell,Blu-Ray,ACTIVE,cell,,191-BLRCEL-50-001A,1,"Action, Blu-Ray, Formatted, issue:needs_new_barcode, Rental"
9258868539642,The Editor,Blu-Ray,ACTIVE,the-editor,,191-BLRTHD-50-001A,1,"Blu-Ray, Formatted, Horror, issue:needs_new_barcode, Rental"
9276609855738,The Fly,Blu-Ray,ACTIVE,the-fly,,191-BLRTHY-001A,0,"Blu-Ray, Formatted, issue:needs_new_barcode, Rental, Sci-Fi"
9260364038394,The Forest,Blu-Ray,ACTIVE,the-forest,,191-BLRTHF-50-001A,0,"Blu-Ray, Formatted, Horror, issue:needs_new_barcode, Rental"
9276609102074,The Forgotten,DVD,ACTIVE,the-forgotten,,191-BL2THE-001A,1,"DVD, Formatted, issue:held_for_libib_cleanup, issue:needs_new_barcode, Rental, Thriller"
9243607400698,The Grifters,VHS,ACTIVE,the-grifters,,191-VHSTHG-F-001A,1,"Comedy, Formatted, issue:needs_new_barcode, Rental, VHS"
9276609528058,The Grudge,DVD,ACTIVE,the-grudge,,191-DVDTHG-001A,0,"DVD, Formatted, Horror, issue:needs_new_barcode, Rental"
9260438323450,The Human Condition (Criterion Collection),Blu-Ray,ACTIVE,the-human-condition-criterion-collection,,191-BLRTH7-50-001A,1,"Blu-Ray, Drama, Formatted, issue:needs_new_barcode, Rental"
9260364398842,The Innkeepers,Blu-Ray,ACTIVE,the-innkeepers,,191-BLRTH2-50-001A,1,"Blu-Ray, Formatted, Horror, issue:needs_new_barcode, Rental"
9276611592442,The Last Waltz,Blu-Ray,ACTIVE,the-last-waltz,,191-BLRTHZ-001A,0,"Blu-Ray, Documentary, Formatted, issue:held_for_libib_cleanup, issue:needs_new_barcode, Rental"
9276612018426,The Lord of the Rings: The Return of the King,DVD,ACTIVE,the-lord-of-the-rings-the-return-of-the-king,,191-DVDTH2-001A,1,"DVD, Fantasy, Formatted, issue:held_for_libib_cleanup, issue:needs_new_barcode, Rental"
9276611985658,The Lord of the Rings: The Two Towers,DVD,ACTIVE,the-lord-of-the-rings-the-two-towers,,191-DVDTHS-001A,1,"DVD, Fantasy, Formatted, issue:held_for_libib_cleanup, issue:needs_new_barcode, Rental"
9249544175866,The Man In The Moon,VHS,ACTIVE,the-man-in-the-moon,,191-VHSTHM-50-001A,1,"Drama, Formatted, issue:needs_new_barcode, Rental, VHS"
9258984079610,The Nice Guys,Blu-Ray,ACTIVE,the-nice-guys,,191-BLRTHN-50-001A,1,"Blu-Ray, Comedy, Formatted, issue:needs_new_barcode, Rental"
9258867982586,The Paperboy,Blu-Ray,ACTIVE,the-paperboy,,191-BLRTHP-50-001A,1,"Blu-Ray, Drama, Formatted, issue:needs_new_barcode, Rental"
9260438061306,The Prophecy I-II-III (Vinegar Syndrome),4K,ACTIVE,the-prophecy-i-ii-iii-vinegar-syndrome,,191-BLRTH9-50-001A,1,"4K, Formatted, Horror, issue:needs_new_barcode, Rental"
9258983457018,The Proposal,Blu-Ray,ACTIVE,the-proposal,,191-BLRTHL-50-001A,1,"Blu-Ray, Comedy, Formatted, issue:needs_new_barcode, Rental"
9260445630714,The Red Queen Kills Seven Times (Arrow),Blu-Ray,ACTIVE,the-red-queen-kills-seven-times-arrow,,191-RRWTHE-50-001A,1,"Blu-Ray, Formatted, issue:needs_new_barcode, Rental, Thriller"
9260438356218,The Sea Hawk,DVD,ACTIVE,the-sea-hawk,,191-DVDTHE-50-001A,1,"Drama, DVD, Formatted, issue:needs_new_barcode, Rental"
9260431376634,The Sinful Dwarf (Limited Collector's Edition),Blu-Ray,ACTIVE,the-sinful-dwarf-limited-collectors-edition,,191-BLRTH6-50-001A,1,"Blu-Ray, Formatted, Horror, issue:needs_new_barcode, Rental"
9260363677946,The Stepfather (Director's Cut),Blu-Ray,ACTIVE,the-stepfather-directors-cut,,191-BLRTHS-50-001A,1,"Blu-Ray, Formatted, Horror, issue:needs_new_barcode, Rental"
9249544470778,"The Talented Mr. Ripley (vhs, 2000)",VHS,ACTIVE,the-talented-mr-ripley-vhs-2000,,191-NKNTHT-50-001A,1,"Formatted, Rental, Thriller, VHS"
9260363874554,The Texas Chainsaw Massacre,Blu-Ray,ACTIVE,the-texas-chainsaw-massacre,,191-BLRTHT-50-001A,1,"Blu-Ray, Formatted, Horror, issue:held_for_libib_cleanup, issue:needs_new_barcode, Rental"
9260364497146,The Texas Chainsaw Massacre: The Beginning,Blu-Ray,ACTIVE,the-texas-chainsaw-massacre-the-beginning,,191-BLRTHG-50-001A,1,"Blu-Ray, Formatted, Horror, issue:needs_new_barcode, Rental"
9266894930170,The Transporter,Blu-Ray,ACTIVE,the-transporter,,191-BLRTHR-50-001A,1,"Action, Blu-Ray, Formatted, issue:needs_new_barcode, Rental"
9260364529914,The Watch,Blu-Ray,ACTIVE,the-watch,,191-BLRTH3-50-001A,1,"Blu-Ray, Comedy, Formatted, issue:needs_new_barcode, Rental"
9267105792250,The Wraith (Collector's Series),Blu-Ray,ACTIVE,the-wraith-collectors-series,,191-UNKTHE-50-001A,1,"Blu-Ray, Formatted, issue:needs_new_barcode, Rental, Sci-Fi"
9258867851514,The Wrestler,Blu-Ray,ACTIVE,the-wrestler,,191-BLRTHW-50-001A,1,"Blu-Ray, Drama, Formatted, issue:needs_new_barcode, Rental"
9249542111482,Thelma & Louise,VHS,ACTIVE,thelma-louise,,191-VHSTH2-50-001A,1,"Comedy, Formatted, issue:needs_new_barcode, Rental, VHS"
9260438520058,Thief (Criterion Collection),Blu-Ray,ACTIVE,thief-criterion-collection,,191-BLRTH8-50-001A,1,"Blu-Ray, Drama, Formatted, issue:needs_new_barcode, Rental"
9270291595514,Things Are Tough All Over,VHS,ACTIVE,things-are-tough-all-over,,191-VHSTHI-001A,1,"Comedy, Formatted, issue:needs_new_barcode, Rental, VHS"
9258983915770,This Is 40,Blu-Ray,ACTIVE,this-is-40,,191-BLRTHI-50-001A,1,"Blu-Ray, Comedy, Formatted, issue:needs_new_barcode, Rental"
9260364660986,This Is The End,Blu-Ray,ACTIVE,this-is-the-end,,191-BLRTH5-50-001A,1,"Blu-Ray, Comedy, Formatted, issue:needs_new_barcode, Rental"
9276609757434,Three Kings,DVD,ACTIVE,three-kings,,191-DVDTHR-001A,1,"Action, DVD, Formatted, issue:held_for_libib_cleanup, issue:needs_new_barcode, Rental"
9276624601338,Till The Clouds Roll By,VHS,ACTIVE,till-the-clouds-roll-by,,191-VHSTIL-001A,1,"Formatted, issue:needs_new_barcode, Musical, Rental, VHS"
9276612444410,"Tom Hanks Comedy Collection (The Money Pit, The 'Burbs, Dragnet)",DVD,ACTIVE,tom-hanks-comedy-collection-the-money-pit-the-burbs-dragnet,,191-DVDTOM-001A,1,"Comedy, DVD, Formatted, issue:needs_new_barcode, Rental"
9267011944698,Top Gun 2-Movie Collection,Blu-Ray,ACTIVE,top-gun-2-movie-collection,,191-BLRTOP-50-001A,1,"Action, Blu-Ray, Formatted, issue:needs_new_barcode, Rental"
9276624929018,Tragedy of Flight 103,VHS,ACTIVE,tragedy-of-flight-103,,191-VHSTR3-001A,1,"Drama, Formatted, issue:needs_new_barcode, Rental, VHS"
9260364005626,Trainwreck,Blu-Ray,ACTIVE,trainwreck,,191-BLRTRA-50-001A,1,"Blu-Ray, Comedy, Formatted, issue:needs_new_barcode, Rental"
9266894864634,Transporter 2,Blu-Ray,ACTIVE,transporter-2,,191-BLRTR2-50-001A,1,"Action, Blu-Ray, Formatted, issue:needs_new_barcode, Rental"
9266894831866,Transporter 3 (2-Disc Fully Loaded Edition),Blu-Ray,ACTIVE,transporter-3-2-disc-fully-loaded-edition,,191-BLRTRN-50-001A,1,"Action, Blu-Ray, Formatted, issue:needs_new_barcode, Rental"
9266911838458,Transporter Refueled,Blu-Ray,ACTIVE,transporter-refueled,,191-BLRTRD-50-001A,1,"Action, Blu-Ray, Formatted, issue:needs_new_barcode, Rental"
9276653273338,Trial,VHS,ACTIVE,trial,,191-VHSTRL-001A,1,"Formatted, issue:needs_new_barcode, Rental, Thriller, VHS"
9276625420538,Trial by Jury,VHS,ACTIVE,trial-by-jury,,191-VHSTRI-001A,1,"Drama, Formatted, issue:needs_new_barcode, Rental, VHS"
9266895225082,Triple 9,Blu-Ray,ACTIVE,triple-9,,191-BLRTRI-50-001A,1,"Action, Blu-Ray, Formatted, issue:needs_new_barcode, Rental"
9276613263610,True Grit,Blu-Ray,ACTIVE,true-grit,,191-BLRTRU-001A,1,"Blu-Ray, Drama, Formatted, issue:needs_new_barcode, Rental"
9276612051194,Tupac: Resurrection,DVD,ACTIVE,tupac-resurrection,,191-DVDTUP-001A,1,"Documentary, DVD, Formatted, issue:needs_new_barcode, Rental"
9276651405562,Twilight,VHS,ACTIVE,twilight,,191-VHSTWI-001A,1,"Formatted, issue:needs_new_barcode, Rental, Thriller, VHS"
9260438454522,UNDEFEATABLE (Vinegar Syndrome),Blu-Ray,ACTIVE,undefeatable-vinegar-syndrome,,191-BLRUND-50-001A,1,"Action, Blu-Ray, Formatted, issue:needs_new_barcode, Rental"
9267105988858,Unbearable Weight of Massive Talent,Blu-Ray,ACTIVE,unbearable-weight-of-massive-talent,,191-BLRUNB-50-001A,1,"Action, Blu-Ray, Formatted, issue:needs_new_barcode, Rental"
9276611821818,Uncut Gems,Blu-Ray,ACTIVE,uncut-gems,,191-BLRUNC-001A,1,"Blu-Ray, Drama, Formatted, issue:needs_new_barcode, Rental"
9276612215034,Underworld: Evolution,DVD,ACTIVE,underworld-evolution,,191-DVDUND-001A,1,"DVD, Formatted, issue:needs_new_barcode, Rental, Sci-Fi"
9266967314682,Unleashed,Blu-Ray,ACTIVE,unleashed,,191-BLRUNL-50-001A,1,"Action, Blu-Ray, Formatted, issue:needs_new_barcode, Rental"
9276651569402,Up Your Alley,VHS,ACTIVE,up-your-alley,,191-VHSUPY-001A,1,"Comedy, Formatted, issue:needs_new_barcode, Rental, VHS"
9260364202234,V/H/S,Blu-Ray,ACTIVE,v-h-s,,191-BLRVH3-50-001A,1,"Blu-Ray, Formatted, Horror, issue:needs_new_barcode, Rental"
9258868408570,V/H/S/2,Blu-Ray,ACTIVE,v-h-s-2,,191-BLRVH2-50-001A,1,"Blu-Ray, Formatted, Horror, issue:needs_new_barcode, Rental"
9258868211962,V/H/S/94,Blu-Ray,ACTIVE,v-h-s-94,,191-BLRVHS-50-001A,1,"Blu-Ray, Formatted, Horror, issue:needs_new_barcode, Rental"
9260431409402,V/H/S/BEYOND,Blu-Ray,ACTIVE,v-h-s-beyond,,191-BLRVHD-50-001A,1,"Blu-Ray, Formatted, Horror, issue:needs_new_barcode, Rental"
9260364235002,V/H/S: VIRAL,Blu-Ray,ACTIVE,v-h-s-viral,,191-BLRVHL-50-001A,1,"Blu-Ray, Formatted, Horror, issue:needs_new_barcode, Rental"
9258983686394,Vacation,Blu-Ray,ACTIVE,vacation,,191-BLRVAC-50-001A,1,"Blu-Ray, Comedy, Formatted, issue:needs_new_barcode, Rental"
9276612247802,Van Helsing,DVD,ACTIVE,van-helsing,,191-DVDVAN-001A,1,"DVD, Formatted, issue:needs_new_barcode, Rental, Sci-Fi"
9266911674618,Venom,Blu-Ray,ACTIVE,venom,,191-BLRVEN-50-001A,1,"Action, Blu-Ray, Formatted, issue:needs_new_barcode, Rental"
9260438847738,Vertigo,DVD,ACTIVE,vertigo,,191-ALFVER-50-001A,1,"DVD, Formatted, issue:needs_new_barcode, Rental, Thriller"
9276612182266,Village of the Damned,DVD,ACTIVE,village-of-the-damned,,191-DVDVIL-001A,1,"DVD, Formatted, Horror, issue:held_for_libib_cleanup, issue:needs_new_barcode, Rental"
9266895519994,Walking Tall,Blu-Ray,ACTIVE,walking-tall,,191-BLRWAL-50-001A,1,"Blu-Ray, Formatted, Issue_Genre_Needed, Rental"
9258827317498,War for the Planet of the Apes,Blu-Ray,ACTIVE,war-for-the-planet-of-the-apes,,191-BLRWAR-50-001A,1,"Action, Blu-Ray, Formatted, issue:needs_new_barcode, Rental"
9266895257850,Warlock Collection 3-Film Set,Blu-Ray,ACTIVE,warlock-collection-3-film-set,,191-BLRWRL-50-001A,1,"Blu-Ray, Formatted, Horror, issue:needs_new_barcode, Rental"
9260429869306,Waterworld (Arrow Release),Blu-Ray,ACTIVE,waterworld-arrow-release,,191-BLRWAT-50-001A,1,"Action, Blu-Ray, Formatted, issue:needs_new_barcode, Rental"
9258827055354,We Were Soldiers,Blu-Ray,ACTIVE,we-were-soldiers,,191-BLRWEW-50-001A,1,"Blu-Ray, Drama, Formatted, issue:needs_new_barcode, Rental"
9258984603898,We're the Millers,Blu-Ray,ACTIVE,were-the-millers,,191-BLRWER-50-001A,1,"Blu-Ray, Comedy, Formatted, issue:needs_new_barcode, Rental"
9276650389754,When a Man Loves a Woman,VHS,ACTIVE,when-a-man-loves-a-woman,,191-VHSWHN-001A,1,"Drama, Formatted, issue:needs_new_barcode, Rental, VHS"
9260447498490,Where the #$&% is Santa?,Blu-Ray,ACTIVE,where-the-is-santa,,191-BLRWHE-50-001A,1,"Blu-Ray, Comedy, Formatted, issue:needs_new_barcode, Rental"
9266894536954,Where the Wild Things Are,Blu-Ray,ACTIVE,where-the-wild-things-are,,191-BLRWHR-50-001A,1,"Blu-Ray, Formatted, issue:needs_new_barcode, Kids & Family, Rental"
9266895028474,White House Down,Blu-Ray,ACTIVE,white-house-down,,191-BLRWHI-50-001A,1,"Action, Blu-Ray, Formatted, issue:needs_new_barcode, Rental"
9276610806010,White Noise,DVD,ACTIVE,white-noise,,191-DVDWHI-001A,1,"DVD, Formatted, issue:needs_new_barcode, Rental, Thriller"
9270291562746,White Palace,VHS,ACTIVE,white-palace,,191-VHSWHT-001A,1,"Drama, Formatted, issue:needs_new_barcode, Rental, VHS"
9270291628282,Who is Harry Kellerman and why is he saying those terrible things about me?,VHS,ACTIVE,who-is-harry-kellerman-and-why-is-he-saying-those-terrible-things-about-me,,191-VHSWHE-001A,1,"Comedy, Formatted, issue:needs_new_barcode, Rental, VHS"
9270291497210,Who's That Girl,VHS,ACTIVE,whos-that-girl,,191-VHSWHS-001A,1,"Comedy, Formatted, issue:needs_new_barcode, Rental, VHS"
9243607466234,Who's the Man?,VHS,ACTIVE,whos-the-man,,191-VHSWHO-F-001A,1,"Comedy, Formatted, issue:needs_new_barcode, Rental, VHS"
9243651768570,"Win, Place or Steal",VHS,ACTIVE,win-place-or-steal,,191-VHSWIN-001A,1,"Comedy, Formatted, issue:needs_new_barcode, Rental, VHS"
9266932318458,Windtalkers,Blu-Ray,ACTIVE,windtalkers,,191-BLYWIN-50-001A,1,"Action, Blu-Ray, Formatted, issue:needs_new_barcode, Rental"
9260363776250,Wish Upon (Director's Cut),Blu-Ray,ACTIVE,wish-upon-directors-cut,,191-BLRWIS-50-001A,1,"Blu-Ray, Formatted, Horror, issue:needs_new_barcode, Rental"
9266932220154,Wrath of Man,Blu-Ray,ACTIVE,wrath-of-man,,191-BLRWRT-50-001A,1,"Action, Blu-Ray, Formatted, issue:needs_new_barcode, Rental"
9258826825978,Wrath of the Titans,Blu-Ray,ACTIVE,wrath-of-the-titans,,191-BLRWRA-50-001A,1,"Action, Blu-Ray, Formatted, issue:needs_new_barcode, Rental"
9276612116730,X2: X-Men United,DVD,ACTIVE,x2-x-men-united,,191-DVDX2X-001A,1,"Action, DVD, Formatted, issue:needs_new_barcode, Rental"
9276608872698,You've Got Mail,DVD,ACTIVE,youve-got-mail,,191-DVDYOU-001A,1,"DVD, Formatted, issue:held_for_libib_cleanup, issue:needs_new_barcode, Rental, Romantic Comedy"
9276610281722,Young Girls of Rochefort,DVD,ACTIVE,young-girls-of-rochefort,,191-DVDYNG-001A,1,"DVD, Formatted, issue:needs_new_barcode, Musical, Rental"
9260429934842,Zack Parker's Proxy,Blu-Ray,ACTIVE,zack-parkers-proxy,,191-BLRZAC-50-001A,1,"Blu-Ray, Formatted, Horror, issue:needs_new_barcode, Rental, Supercycle product"
