barcode,shopify_title,vendor,status,qty,product_id,in_libib,libib_id,libib_title,libib_collection,libib_status
191-BLR13A-50-001A,13 Assassins,Blu-Ray,ACTIVE,1,9266895159546,yes,lsvu0ft7b9,13 Assassins,Rental Library,
191-BLR16B-001A,16 Blocks,Blu-Ray,ACTIVE,1,9276609364218,yes,iz56m92lqm,16 Blocks,Rental Library,
191-BLR21J-50-001A,21 Jump Street,Blu-Ray,ACTIVE,1,9260364726522,yes,7f2gde6hd6,21 Jump Street,Rental Library,
191-UNK22J-50-001A,22 Jump Street,Blu-Ray,ACTIVE,1,9260364857594,yes,u34lwajgnz,22 Jump Street,Rental Library,
191-VHS3ST-50-001A,3 Strikes,VHS,ACTIVE,1,9249544405242,yes,iz5dos8lqm,3 Strikes,Rental Library,
191-DVD6TH-001A,6th Day,DVD,ACTIVE,1,9276611297530,yes,u34lq83gnz,6th Day,Rental Library,
191-BLRABL-50-001A,A Blade in the Dark (Vinegar Syndrome),Blu-Ray,ACTIVE,1,9260438487290,yes,obaqxcx0an,A Blade in the Dark (Vinegar Syndrome),Rental Library,
191-BLRAGU-50-001A,A Guy Thing,Blu-Ray,ACTIVE,1,9260364923130,yes,ayqfzrspsz,A Guy Thing,Rental Library,
191-NKNALE-50-001A,"A League Of Their Own Madonna, Tom Hanks, Geena Davis Vhs",VHS,ACTIVE,1,9249542078714,yes,ywhtv5hr71,"A League Of Their Own Madonna, Tom Hanks, Geena Davis Vhs",Rental Library,
191-UNIAMI-50-001A,A Million Ways to Die in the West,Blu-Ray,ACTIVE,1,9260364890362,yes,e90p36p5u2,A Million Ways to Die in the West,Rental Library,
191-DVDASE-001A,A Serious Man,DVD,ACTIVE,1,9276611690746,yes,dmnxz4qu84,A Serious Man,Rental Library,
191-BLRAST-50-001A,A Star Is Born,Blu-Ray,ACTIVE,1,9266894307578,yes,gak7ipzbt4,A Star Is Born,Rental Library,
191-BLRATI-001A,A Time to Kill / The Pelican Brief / The Client,Blu-Ray,ACTIVE,1,9276611035386,yes,iz5d8xslqm,A Time to Kill / The Pelican Brief / The Client,Rental Library,
191-DVDAVE-001A,A Very Long Engagement,DVD,ACTIVE,1,9276613525754,yes,e90pm105u2,A Very Long Engagement,Rental Library,
191-VHSMRC-50-001A,AMERICAN PIE SPECIAL EDITION,VHS,ACTIVE,0,9249543586042,yes,6umxygs8dt,AMERICAN PIE SPECIAL EDITION,Rental Library,
191-VHSACT-001A,Act,VHS,ACTIVE,1,9270291726586,yes,gak7woxbt4,Act,Rental Library,
191-VHSCTS-001A,Acts of Betrayal,VHS,ACTIVE,1,9276650422522,yes,dmnij6xu84,Acts of Betrayal,Rental Library,
191-DVDADA-50-001A,Adam's Rib,DVD,ACTIVE,1,9260438782202,yes,dmniq3zu84,Adam's Rib,Rental Library,
191-VHSADV-001A,Adventures of the Wilderness Family,VHS,ACTIVE,1,9276624961786,yes,2ogkpfptqt,Adventures of the Wilderness Family,Rental Library,
191-VHSAGE-50-001A,Age Isn't Everything,VHS,ACTIVE,1,9249544765690,yes,2ogkn0wtqt,Age Isn't Everything,Rental Library,
191-VHSAIR-001A,Airport 1975,VHS,ACTIVE,1,9276650455290,yes,qhfo9y8we4,Airport 1975,Rental Library,
191-VHSALF-001A,Alfie,VHS,ACTIVE,1,9270291333370,yes,bpyhi0hcho,Alfie,Rental Library,
191-VHSALL-50-001A,All I Want,VHS,ACTIVE,1,9249544929530,yes,qhfo613we4,All I Want,Rental Library,
191-VHSALM-001A,Almost Pregnant: A Bedtime Story,VHS,ACTIVE,1,9276651897082,no,,,,
191-BLRAMA-001A,Amazing Spider-Man 2,Blu-Ray,ACTIVE,1,9276612706554,yes,8g3jy2wohq,Amazing Spider-Man 2,Rental Library,
191-BLRAMB-50-001A,Ambulance (Collector's Edition),Blu-Ray,ACTIVE,0,9260447465722,yes,bpyhlntcho,Ambulance (Collector's Edition),Rental Library,
191-BLRAME-001A,American Made,4K,ACTIVE,1,9276613591290,yes,56dn3zrv9x,American Made,Rental Library,
191-VHSAMR-50-001A,American Splendor,VHS,ACTIVE,1,9249544601850,yes,56dna81v9x,American Splendor,Rental Library,
191-BLRAMI-001A,Amityville Horror,Blu-Ray,ACTIVE,0,9276609921274,yes,4jlvf38kbx,Amityville Horror,Rental Library,
191-VHSAMY-50-001A,Amy's O,VHS,ACTIVE,0,9249542996218,yes,4jlveq3kbx,Amy's O,Rental Library,
191-VHSNFF-001A,An Affair to Remember,VHS,ACTIVE,1,9276650160378,yes,ri19vnuxoz,An Affair to Remember,Rental Library,
191-VHSNFR-50-001A,An African Dream,VHS,ACTIVE,1,9249543848186,yes,0cpwjm8dcu,An African Dream,Rental Library,
191-VHSNMR-50-001A,An American Summer [vhs],VHS,ACTIVE,1,9249543815418,no,,,,
191-VHSANA-50-001A,An Angel at My Table,VHS,ACTIVE,1,9249543258362,yes,obaqxmd0an,An Angel at My Table,Rental Library,
191-VHSAND-50-001A,Andre,VHS,ACTIVE,1,9249544798458,yes,cnr17kammk,Andre,Rental Library,
191-UNKANG-50-001A,Angel Baby,VHS,ACTIVE,1,9249543913722,yes,kq725iqysl,Angel Baby,Rental Library,
191-VHSAN2-001A,Angels in the Outfield,VHS,ACTIVE,0,9276625027322,yes,0cpwx9sdcu,Angels in the Outfield,Rental Library,
191-DVDANN-50-001A,Anna and the King of Siam,DVD,ACTIVE,1,9260438192378,yes,t0by4ud93y,Anna and the King of Siam,Rental Library,
191-BLRANY-50-001A,Any Given Sunday (Directors Cut),Blu-Ray,ACTIVE,1,9258867458298,yes,prwesjjno7,Any Given Sunday (Directors Cut),Rental Library,
191-VHSAPT-50-001A,Apt Pupil,VHS,ACTIVE,1,9249543192826,yes,3kjs1rxarj,Apt Pupil,Rental Library,
191-TRIARM-50-001A,Armstrong,VHS,ACTIVE,1,9249542865146,yes,9dcrkgm6rp,Armstrong,Rental Library,
191-DVDARS-50-001A,Arsenic and Old Lace,DVD,ACTIVE,0,9260438094074,yes,nxi5fq741p,Arsenic and Old Lace,Rental Library,
191-BLRASS-50-001A,Assassination Nation,Blu-Ray,ACTIVE,1,9266895290618,yes,lsvu0e97b9,Assassination Nation,Rental Library,
191-UNKASS-50-001A,Assassination Tango,VHS,ACTIVE,1,9249544896762,yes,7f2gd58hd6,Assassination Tango,Rental Library,
191-UNKATF-50-001A,At First Sight,VHS,ACTIVE,1,9249543323898,yes,u34lwpqgnz,At First Sight,Rental Library,
191-VHSAVA-50-001A,Avalanche,VHS,ACTIVE,1,9249544732922,yes,iz5dofolqm,Avalanche,Rental Library,
191-VHSBAD-001A,BAD BEHAVIOR,VHS,ACTIVE,1,9270291923194,yes,ywht5pbr71,BAD BEHAVIOR,Rental Library,
191-BLRBLO-50-001A,BLOODSUCKING FREAKS (Vinegar Syndrome),Blu-Ray,ACTIVE,1,9260430033146,yes,2ogknditqt,BLOODSUCKING FREAKS (Vinegar Syndrome),Rental Library,
191-VHSBBP-001A,Babe: Pig in the City,VHS,ACTIVE,1,9276625060090,yes,m4xz7u931h,Babe: Pig in the City,Rental Library,
191-BLRBAB-50-001A,Babylon,Blu-Ray,ACTIVE,0,9266894242042,yes,obaqxmj0an,Babylon,Rental Library,
191-BLRBAD-50-001A,Bad Boys for Life,Blu-Ray,ACTIVE,1,9266894766330,yes,ayqfzxfpsz,Bad Boys for Life,Rental Library,
191-BLRBAS-50-001A,Basic Instinct 2 Collector's Edition,Blu-Ray,ACTIVE,1,9267012829434,yes,obaqrte0an,Basic Instinct 2 Collector's Edition,Rental Library,
191-VHSBAS-001A,Basil,VHS,ACTIVE,1,9270291857658,yes,8g3jy25ohq,Basil,Rental Library,
191-BLRBEC-50-001A,Becky,Blu-Ray,ACTIVE,0,9266967412986,yes,kq72ea3ysl,Becky,Rental Library,
191-BLRBEE-50-001A,Beerfest,Blu-Ray,ACTIVE,1,9258984538362,yes,ftoam64e5y,Beerfest,Rental Library,
191-VHSBEE-50-001A,Beethoven,VHS,ACTIVE,1,9249542701306,yes,gak7insbt4,Beethoven,Rental Library,
191-BLRBTL-50-001A,Beetlejuice,Blu-Ray,ACTIVE,1,9266894504186,yes,dmniqasu84,Beetlejuice,Rental Library,
191-BLRBEI-001A,Being John Malkovich,Blu-Ray,ACTIVE,1,9276609462522,yes,nxiz61j41p,Being John Malkovich,Rental Library,
191-VHSBES-001A,Best Little Whorehouse in Texas,VHS,ACTIVE,1,9270291661050,yes,t0bynee93y,Best Little Whorehouse in Texas,Rental Library,
191-THFBES-001A,Best of Abbott and Costello Volume 4,DVD,ACTIVE,1,9276610248954,yes,3kjshgcarj,Best of Abbott and Costello Volume 4,Rental Library,
191-DVDBEV-50-001A,Beverly Hills Chihuahua,DVD,ACTIVE,0,9267106218234,yes,hetbdw719k,Beverly Hills Chihuahua,Rental Library,
191-BLRBLA-50-001A,Black Christmas,Blu-Ray,ACTIVE,0,9267013615866,yes,lsvuoq17b9,Black Christmas,Rental Library,
191-BLRBLU-50-001A,Blue Steel,Blu-Ray,ACTIVE,1,9267013353722,yes,7f2g0wshd6,Blue Steel,Rental Library,
191-BLRBLV-001A,Blue Velvet,Blu-Ray,ACTIVE,1,9276611887354,yes,j7s2gfhqlq,Blue Velvet,Rental Library,
191-BLRBOD-001A,Body of Lies / Edge of Darkness / Pride and Glory,Blu-Ray,ACTIVE,1,9276610543866,yes,j7s8ty7qlq,Body of Lies / Edge of Darkness / Pride and Glory,Rental Library,
191-VHSBON-001A,Bone Collector,VHS,ACTIVE,1,9276653076730,yes,iz5d8jflqm,Bone Collector,Rental Library,
191-VHSBOR-001A,Born Innocent,VHS,ACTIVE,0,9276653207802,yes,e90pmzd5u2,Born Innocent,Rental Library,
191-DVDBOT-001A,Bottle Rocket,DVD,ACTIVE,0,9276612313338,yes,v8u4afb26q,Bottle Rocket,Rental Library,
191-BLRBOU-001A,Bourne Supremacy,Blu-Ray,ACTIVE,1,9276612837626,yes,ftoac1ue5y,Bourne Supremacy,Rental Library,
191-BLRBRM-001A,Bram Stoker's Dracula,Blu-Ray,ACTIVE,1,9276613198074,yes,gak7w0jbt4,Bram Stoker's Dracula,Rental Library,
191-VHSBRA-001A,Brass,VHS,ACTIVE,0,9276652880122,yes,dmnij8ju84,Brass,Rental Library,
191-BLRBRA-50-001A,Braveheart,Blu-Ray,ACTIVE,1,9266894340346,yes,w1e08saisd,Braveheart,Rental Library,
191-VHSBRY-001A,Breaking Away,VHS,ACTIVE,1,9276624994554,yes,w1e06xoisd,Breaking Away,Rental Library,
191-BLRBRI-50-001A,Bridesmaids,Blu-Ray,ACTIVE,1,9258983522554,yes,qhfo6zawe4,Bridesmaids,Rental Library,
191-VHSBRN-50-001A,Bring It On,VHS,ACTIVE,1,9249544503546,yes,bpyhl49cho,Bring It On,Rental Library,
191-VHSBRI-50-001A,Bring it On Again,VHS,ACTIVE,1,9249544110330,yes,8g3jrc5ohq,Bring it On Again,Rental Library,
191-BLRBRO-50-001A,Brothers,Blu-Ray,ACTIVE,0,9258868867322,yes,56dnaozv9x,Brothers,Rental Library,
191-BLRBRU-50-001A,Bruce Lee: His Greatest Hits (Criterion Collection),Blu-Ray,ACTIVE,1,9260429902074,yes,4jlvewakbx,Bruce Lee: His Greatest Hits (Criterion Collection),Rental Library,
191-BLRBUM-50-001A,Bumblebee,Blu-Ray,ACTIVE,1,9258826236154,yes,0cpwj3odcu,Bumblebee,Rental Library,
191-VHSCAM-001A,CAME A HOT FRIDAY,VHS,ACTIVE,1,9270291169530,yes,qhfo9rowe4,CAME A HOT FRIDAY,Rental Library,
191-BLRCHI-50-001A,CHIPS,Blu-Ray,ACTIVE,0,9258984669434,yes,kq725lwysl,CHIPS,Rental Library,
191-VHSCO3-001A,CONFESSIONS OF A HITMAN,VHS,ACTIVE,1,9276650324218,yes,t0byn5593y,CONFESSIONS OF A HITMAN,Rental Library,
191-BLRCOP-50-001A,COPSHOP,Blu-Ray,ACTIVE,1,9266895454458,yes,u34lwnwgnz,COPSHOP,Rental Library,
191-BLRCRT-50-001A,CRITTERS ATTACK!,Blu-Ray,ACTIVE,1,9267105431802,yes,9dcr4286rp,CRITTERS ATTACK!,Rental Library,
191-DVDCAN-001A,Can't Hardly Wait,DVD,ACTIVE,1,9276610871546,yes,ftobydbe5y,Can't Hardly Wait,Rental Library,
191-BLRCAR-50-001A,Carrie,Blu-Ray,ACTIVE,0,9260429672698,yes,m4xzhym31h,Carrie,Rental Library,
191-BLRCAS-50-001A,Case 39,Blu-Ray,ACTIVE,1,9260363841786,yes,ywhtv7xr71,Case 39,Rental Library,
191-UNKCAS-70-001A,Castle Freak,Blu-Ray,ACTIVE,1,9260429705466,yes,cnr17ypmmk,Castle Freak,Rental Library,
191-DVDCAT-001A,Catch Me If You Can,DVD,ACTIVE,1,9276608610554,yes,qhftb2gwe4,Catch Me If You Can,Rental Library,
191-VHSCEN-001A,Center Stage,VHS,ACTIVE,0,9276625322234,yes,56dn3sxv9x,Center Stage,Rental Library,
191-DVDCHE-001A,Cheaters,DVD,ACTIVE,1,9276608938234,yes,4jlvfaokbx,Cheaters,Rental Library,
191-DVDCHI-001A,Chicago,DVD,ACTIVE,0,9276611199226,yes,ywht5ncr71,Chicago,Rental Library,
191-UNKCHU-50-001A,Chuck & Buck,VHS,ACTIVE,1,9249544012026,yes,t0by4gu93y,Chuck & Buck,Rental Library,
191-DVDCIN-001A,Cinderella Man,DVD,ACTIVE,1,9276608676090,yes,obaqr950an,Cinderella Man,Rental Library,
191-BLRCLR-50-001A,Clerks,Blu-Ray,ACTIVE,0,9266894668026,yes,prwesqqno7,Clerks,Rental Library,
191-BLRCLE-50-001A,Clerks II,Blu-Ray,ACTIVE,1,9258984276218,yes,hetbu2919k,Clerks II,Rental Library,
191-BLRCLI-50-001A,Cliffhanger,Blu-Ray,ACTIVE,1,9258826662138,yes,9dcrkb36rp,Cliffhanger,Rental Library,
191-BLRCLO-50-001A,Cloud Atlas,Blu-Ray,ACTIVE,1,9258867785978,yes,nxi5fwh41p,Cloud Atlas,Rental Library,
191-VHSCOD-50-001A,Code Hunter,VHS,ACTIVE,0,9249544863994,yes,7f2gdvohd6,Code Hunter,Rental Library,
191-VHSCMB-001A,Come Blow Your Horn,VHS,ACTIVE,1,9270291235066,no,,,,
191-VHSCMS-001A,Come See The Paradise,VHS,ACTIVE,1,9270291071226,yes,cnr1luommk,Come See The Paradise,Rental Library,
191-BLRCON-50-001A,Conan The Barbarian,Blu-Ray,ACTIVE,1,9266967183610,no,,,,
191-VHSCOS-001A,Concrete Cowboys,VHS,ACTIVE,1,9276651864314,yes,8g3jytvohq,Concrete Cowboys,Rental Library,
191-VHSCON-001A,Confession,VHS,ACTIVE,0,9270291988730,yes,kq72epaysl,Confession,Rental Library,
191-VHSCNF-001A,Confessions of a Police Captain,VHS,ACTIVE,1,9276650356986,no,,,,
191-VHSCNS-001A,Conspiracy,VHS,ACTIVE,0,9276652945658,yes,prwezm3no7,Conspiracy,Rental Library,
191-BLRCWB-001A,Cowboys & Aliens,Blu-Ray,ACTIVE,1,9276610838778,yes,6um4lay8dt,Cowboys & Aliens,Rental Library,
191-BLRCOW-50-001A,Cowboys & Aliens (Extended Edition),Blu-Ray,ACTIVE,1,9258826399994,yes,iz5doe0lqm,Cowboys & Aliens (Extended Edition),Rental Library,
191-BLRCRA-50-001A,Crash,Blu-Ray,ACTIVE,0,9266894274810,yes,obaqx3q0an,Crash,Rental Library,
191-BLRCRE-50-001A,Creepshow 2,4K,ACTIVE,1,9267105726714,yes,hetbdih19k,Creepshow 2,Rental Library,
191-BLRCRI-50-001A,Crimes of the Future,Blu-Ray,ACTIVE,0,9260446351610,no,,,,
191-BLRCRO-001A,Crow,Blu-Ray,ACTIVE,0,9276611330298,yes,lsvuowz7b9,Crow,Rental Library,
191-VHSCRU-001A,Crucible,VHS,ACTIVE,1,9270291529978,yes,7f2g0ifhd6,Crucible,Rental Library,
191-BLRDEL-50-001A,DELIRIUM (Vinegar Syndrome),Blu-Ray,ACTIVE,1,9260438388986,yes,ftoam8ke5y,DELIRIUM (Vinegar Syndrome),Rental Library,
191-DVDDAR-50-001A,Dark Waters,DVD,ACTIVE,1,9266894176506,yes,ayqfzjepsz,Dark Waters,Rental Library,
191-BLRDAR-001A,Darkest Hour,4K,ACTIVE,1,9276613624058,yes,j7s8trhqlq,Darkest Hour,Rental Library,
191-BLRDAW-50-001A,Dawn of the Planet of the Apes,4K,ACTIVE,1,9267105628410,yes,u34lq0pgnz,Dawn of the Planet of the Apes,Rental Library,
191-VHSDDL-001A,Deadlocked,VHS,ACTIVE,1,9276653306106,yes,iz5d8qelqm,Deadlocked,Rental Library,
191-VHSDES-001A,Deadly Little Secrets,VHS,ACTIVE,1,9276653338874,yes,obaqr6a0an,Deadly Little Secrets,Rental Library,
191-BLRDEA-50-001A,Death Wish,Blu-Ray,ACTIVE,0,9258827415802,yes,v8u4pdr26q,Death Wish,Rental Library,
191-VHSDEA-001A,Death of Adolf Hitler,VHS,ACTIVE,1,9276650225914,yes,ayqf1mwpsz,Death of Adolf Hitler,Rental Library,
191-BLRDEN-50-001A,Den of Thieves,Blu-Ray,ACTIVE,1,9266912067834,yes,e90pmsu5u2,Den of Thieves,Rental Library,
191-DVDDEN-001A,Dennis the Menace,DVD,ACTIVE,0,9276608643322,yes,v8u4aec26q,Dennis the Menace,Rental Library,
191-BLRDEP-001A,Departed,Blu-Ray,ACTIVE,1,9276612346106,no,,,,
191-VHSDIA-001A,Diary of a Hitman,VHS,ACTIVE,1,9276653175034,yes,ftoaczge5y,Diary of a Hitman,Rental Library,
191-VHSDIR-001A,Dirty Little Secret,VHS,ACTIVE,1,9276651929850,yes,gak7wdqbt4,Dirty Little Secret,Rental Library,
191-BLRDON-50-001A,Don't Breathe,Blu-Ray,ACTIVE,1,9258868801786,yes,gak7i4fbt4,Don't Breathe,Rental Library,
191-BLRDNT-50-001A,Don't Breathe 2,Blu-Ray,ACTIVE,1,9267021185274,yes,w1e06j0isd,Don't Breathe 2,Rental Library,
191-BLRDMT-50-001A,Doom / The Scorpion King / The Rundown Triple Feature,Blu-Ray,ACTIVE,1,9266911936762,yes,8g3jy9lohq,Doom / The Scorpion King / The Rundown Triple Feature,Rental Library,
191-BLRDOO-50-001A,Doomsday,Blu-Ray,ACTIVE,1,9266895552762,yes,xlz62yujps,Doomsday,Rental Library,
191-BLRDOU-50-001A,Double Salvation 2-Pack (Priest / Legion),Blu-Ray,ACTIVE,1,9266894995706,yes,dmniqpfu84,Double Salvation 2-Pack (Priest / Legion),Rental Library,
191-DVDDRS-001A,Dr. Strangelove Or: How I Learned To Stop Worrying And Love The Bomb (Special Edition),DVD,ACTIVE,1,9276612739322,yes,56dn3fjv9x,Dr. Strangelove Or: How I Learned To Stop Worrying And Love The Bomb (Special Edition),Rental Library,
191-BLRDRE-50-001A,Dredd,Blu-Ray,ACTIVE,1,9260446318842,yes,2ogknultqt,Dredd,Rental Library,
191-BLRDRI-50-001A,Drive Angry,Blu-Ray,ACTIVE,1,9266895487226,yes,4jlvfp0kbx,Drive Angry,Rental Library,
191-BLRDRV-50-001A,Driven,Blu-Ray,ACTIVE,1,9266911117562,yes,ri19vkbxoz,Driven,Rental Library,
191-BLRDUE-50-001A,Due Date,Blu-Ray,ACTIVE,1,9266894635258,yes,qhfo6spwe4,Due Date,Rental Library,
191-VHSECH-001A,Echo Park,VHS,ACTIVE,1,9276625125626,yes,ywht54mr71,Echo Park,Rental Library,
191-DVDELI-001A,Elizabethtown,DVD,ACTIVE,1,9276611789050,yes,u34jskpgnz,Elizabethtown,Rental Library,
191-DVDENC-001A,Enchanted,DVD,ACTIVE,1,9276611166458,yes,8g3k7a2ohq,Enchanted,Rental Library,
191-BLRENT-50-001A,Enter the Void (Full-Length Director's Cut),Blu-Ray,ACTIVE,1,9258867294458,yes,bpyhlk6cho,Enter the Void (Full-Length Director's Cut),Rental Library,
191-VHSESC-001A,Escape,VHS,ACTIVE,0,9276651667706,yes,cnr1lg0mmk,Escape,Rental Library,
191-VHSSCP-001A,Escape Clause,VHS,ACTIVE,1,9276653371642,yes,kq72enpysl,Escape Clause,Rental Library,
191-BLREVE-50-001A,Everything Everywhere All at Once,Blu-Ray,ACTIVE,1,9266894373114,yes,8g3jrmvohq,Everything Everywhere All at Once,Rental Library,
191-BLREVI-50-001A,Evil Judgment (Vinegar Syndrome),Blu-Ray,ACTIVE,1,9260438421754,no,,,,
191-BLREXC-50-001A,Excision,Blu-Ray,ACTIVE,0,9260364300538,yes,xlz6t14jps,Excision,Rental Library,
191-BLREXE-50-001A,Executive Decision,Blu-Ray,ACTIVE,1,9266895061242,yes,56dna0sv9x,Executive Decision,Rental Library,
191-BLREXT-50-001A,Extreme Prejudice,Blu-Ray,ACTIVE,1,9267011846394,yes,prwez3ano7,Extreme Prejudice,Rental Library,
191-BLRFAC-50-001A,Faceless After Dark,Blu-Ray,ACTIVE,1,9258868637946,yes,ri192hyxoz,Faceless After Dark,Rental Library,
191-DVDFAH-001A,Fahrenheit 9/11,DVD,ACTIVE,1,9276609167610,yes,hetbd7z19k,Fahrenheit 9/11,Rental Library,
191-DVDFAN-001A,Fantasia 2000,DVD,ACTIVE,1,9276610117882,yes,nxi5spr41p,Fantasia 2000,Rental Library,
191-VHSFAR-001A,Far From Home: The Adventures of Yellow Dog,VHS,ACTIVE,1,9276625158394,yes,lsvuois7b9,Far From Home: The Adventures of Yellow Dog,Rental Library,
191-DVDFEA-001A,Fear and Loathing in Las Vegas,DVD,ACTIVE,1,9276610019578,yes,ri15dfmxoz,Fear and Loathing in Las Vegas,Rental Library,
191-DVDFED-001A,Federico Fellini's 8 1/2,DVD,ACTIVE,1,9276609986810,yes,7f2g0lehd6,Federico Fellini's 8 1/2,Rental Library,
191-DVDFDR-001A,Federico Fellini's Amarcord,DVD,ACTIVE,1,9276609593594,yes,u34lqdngnz,Federico Fellini's Amarcord,Rental Library,
191-BLRFND-002A,Finding Dory,Blu-Ray,ACTIVE,1,9398318956794,yes,qhf8vfywe4,Finding Dory,Rental Library,
191-BLRFND-50-001A,Finding Dory,Blu-Ray,ACTIVE,1,9266894602490,yes,0cpwja0dcu,Finding Dory,Rental Library,
191-BLRFIN-50-001A,Finding Nemo,Blu-Ray,ACTIVE,1,9266894405882,yes,m4xzhxa31h,Finding Nemo,Rental Library,
191-BLRFLE-50-001A,Flesh + Blood,Blu-Ray,ACTIVE,0,9260429836538,yes,ywhtvhjr71,Flesh + Blood,Rental Library,
191-BLRFOR-50-001A,Forgetting Sarah Marshall,Blu-Ray,ACTIVE,1,9258984341754,yes,obaqxag0an,Forgetting Sarah Marshall,Rental Library,
191-VHSFOR-001A,Forrest Gump,VHS,ACTIVE,1,9276651831546,yes,e90pmfg5u2,Forrest Gump,Rental Library,
191-BLRFRA-50-001A,Francesca,Blu-Ray,ACTIVE,0,9260363809018,yes,8g3jr3bohq,Francesca,Rental Library,
191-DVDFRE-001A,Freaky Friday,DVD,ACTIVE,0,9276608741626,yes,v8u4a5m26q,Freaky Friday,Rental Library,
191-BLRFUR-001A,Furious 7,Blu-Ray,ACTIVE,1,9276610969850,yes,6umxk9y8dt,Furious 7,Rental Library,
191-BLRGMN-50-001A,Game Night,Blu-Ray,ACTIVE,1,9258983358714,yes,kq7257iysl,Game Night,Rental Library,
191-BLRGAN-50-001A,Gangster Squad,Blu-Ray,ACTIVE,1,9260447269114,yes,prweswwno7,Gangster Squad,Rental Library,
191-BLRGET-001A,Get Out,Blu-Ray,ACTIVE,1,9276609888506,yes,m4xlvw031h,Get Out,Rental Library,
191-VHSGTT-001A,Get Out of My Room,VHS,ACTIVE,1,9270291136762,yes,2ogkpvktqt,Get Out of My Room,Rental Library,
191-BLRGOD-50-001A,God Is a Bullet,Blu-Ray,ACTIVE,1,9266911576314,yes,w1e06qdisd,God Is a Bullet,Rental Library,
191-BLRGOO-50-001A,Goosebumps,Blu-Ray,ACTIVE,1,9266894569722,yes,hetbut619k,Goosebumps,Rental Library,
191-DVDGRA-001A,Graduate,DVD,ACTIVE,1,9276612411642,yes,6umxk9i8dt,Graduate,Rental Library,
191-VHSGRE-50-001A,Grease,VHS,ACTIVE,1,9249544536314,yes,9dcrkca6rp,Grease,Rental Library,
191-BLRGRE-001A,Great Gatsby,Blu-Ray,ACTIVE,0,9276611428602,yes,8g3jy67ohq,Great Gatsby,Rental Library,
191-BLRGRI-50-001A,Gridiron Gang,Blu-Ray,ACTIVE,1,9266894012666,yes,7f2gd20hd6,Gridiron Gang,Rental Library,
191-BLRGRU-001A,Grudge,Blu-Ray,ACTIVE,1,9276611756282,yes,56dn3eqv9x,Grudge,Rental Library,
191-BLRGWE-50-001A,Gwen and the Book of Sand,Blu-Ray,ACTIVE,1,9260429803770,yes,j7s89s9qlq,Gwen and the Book of Sand,Rental Library,
191-BLRHAN-50-001A,Hansel & Gretel: Witch Hunters (Unrated Cut),Blu-Ray,ACTIVE,1,9266932547834,yes,ri19vycxoz,Hansel & Gretel: Witch Hunters (Unrated Cut),Rental Library,
191-WALHER-001A,Herbie: Fully Loaded,DVD,ACTIVE,1,9276609429754,yes,lsv836e7b9,Herbie: Fully Loaded,Rental Library,
191-BLRHIT-50-001A,Hit & Run,Blu-Ray,ACTIVE,0,9260447301882,yes,iz5do5dlqm,Hit & Run,Rental Library,
191-BLRHOB-50-001A,Hobo With A Shotgun (Collector's Edition),Blu-Ray,ACTIVE,1,9258868146426,yes,obaqxaw0an,Hobo With A Shotgun (Collector's Edition),Rental Library,
191-VHSHOM-001A,Homeward Bound II: Lost in San Francisco,VHS,ACTIVE,1,9276625289466,yes,obaqr820an,Homeward Bound II: Lost in San Francisco,Rental Library,
191-BLRHOR-50-001A,Horrible Bosses 2 (Extended Cut),Blu-Ray,ACTIVE,1,9258983784698,yes,ayqfzq5psz,Horrible Bosses 2 (Extended Cut),Rental Library,
191-BLRHRR-50-001A,Horrible Bosses: Totally Inappropriate Edition,Blu-Ray,ACTIVE,1,9258983850234,yes,v8u4pux26q,Horrible Bosses: Totally Inappropriate Edition,Rental Library,
191-BLCHOS-50-001A,Hostel,Blu-Ray,ACTIVE,1,9260363940090,yes,ftoamoye5y,Hostel,Rental Library,
191-BLRHOS-50-001A,Hostel Part II (Unseen Edition),Blu-Ray,ACTIVE,1,9260363710714,yes,gak7ikebt4,Hostel Part II (Unseen Edition),Rental Library,
191-VHSHOU-50-001A,Housesitter,VHS,ACTIVE,1,9249544438010,yes,6umxymh8dt,Housesitter,Rental Library,
191-VHSHOW-50-002A,How To Kill Your Neighbor's Dog,VHS,ACTIVE,1,9249544372474,yes,dmniqneu84,How To Kill Your Neighbor's Dog,Rental Library,
191-BLRHUO-001A,Hugo,Blu-Ray,ACTIVE,1,9276612608250,yes,cnr1lbdmmk,Hugo,Rental Library,
191-BLRHUG-50-001A,Hugo Mask Special! Horrible Full Head Mask With Hair!,Blu-Ray,ACTIVE,1,9260438257914,no,,,,
191-BLRIAM-50-001A,I Am Legend,Blu-Ray,ACTIVE,1,9258827219194,yes,w1e08enisd,I Am Legend,Rental Library,
191-BLRILO-50-001A,"I Love You, Man",Blu-Ray,ACTIVE,1,9258984145146,yes,qhfo6fnwe4,"I Love You, Man",Rental Library,
191-BLRIT2-50-001A,IT,Blu-Ray,ACTIVE,1,9260429607162,yes,4jlvelnkbx,IT,Rental Library,
191-BLRNTH-50-001A,In The Mouth of Madness (Collector's Edition),Blu-Ray,DRAFT,1,9260430000378,yes,8g3jr32ohq,In The Mouth of Madness (Collector's Edition),Rental Library,
191-BLRINT-50-001A,In the Line of Duty I-IV,Blu-Ray,ACTIVE,1,9260429639930,yes,6umxym58dt,In the Line of Duty I-IV,Rental Library,
191-BLRINF-001A,Inferno,Blu-Ray,ACTIVE,0,9276610707706,yes,8g3jy6tohq,Inferno,Rental Library,
191-BLCJAY-50-001A,Jay & Silent Bob Reboot,Blu-Ray,ACTIVE,1,9260364955898,yes,ri1921rxoz,Jay & Silent Bob Reboot,Rental Library,
191-BLRJEE-50-001A,Jeepers Creepers Reborn,Blu-Ray,ACTIVE,1,9266913083642,yes,kq72e4nysl,Jeepers Creepers Reborn,Rental Library,
191-BLRJOH-001A,John Wick: Chapter 3 - Parabellum,4K,ACTIVE,1,9276613558522,yes,prwezapno7,John Wick: Chapter 3 - Parabellum,Rental Library,
191-VHSJOH-50-001A,Johnny Suede 1991,VHS,ACTIVE,1,9249544241402,yes,0cpwjnudcu,Johnny Suede 1991,Rental Library,
191-DVDJUN-001A,Juno,DVD,ACTIVE,1,9276610576634,yes,3kjsh3parj,Juno,Rental Library,
191-BLRJUP-001A,Jupiter Ascending,4K,ACTIVE,1,9276613427450,yes,9dcr4906rp,Jupiter Ascending,Rental Library,
191-VHSK9P-50-001A,K-9 Pi,VHS,ACTIVE,1,9249544306938,yes,m4xzhjp31h,K-9 Pi,Rental Library,
191-BLRKIC-50-001A,Kick-Ass,Blu-Ray,ACTIVE,1,9258826334458,yes,obaqxpb0an,Kick-Ass,Rental Library,
191-BLRKCK-50-001A,Kick-Ass 2,Blu-Ray,ACTIVE,1,9266895323386,yes,8g3jracohq,Kick-Ass 2,Rental Library,
191-BLRKI2-50-001A,Kill Bill,4K,ACTIVE,0,9266967478522,yes,lsvuolf7b9,Kill Bill,Rental Library,
191-BLRKLL-50-001A,Kill Bill Vol. 2,Blu-Ray,ACTIVE,1,9266895192314,yes,kq725hlysl,Kill Bill Vol. 2,Rental Library,
191-BLRKIL-50-001A,Killing Them Softly,Blu-Ray,ACTIVE,1,9258866999546,yes,t0by4cb93y,Killing Them Softly,Rental Library,
191-BLRKIN-50-001A,Kinji Fukasaku's Battles Without Honor and Humanity: The Complete Trilogy (Arrow),Blu-Ray,ACTIVE,1,9260445597946,yes,prwesiino7,Kinji Fukasaku's Battles Without Honor and Humanity: The Complete Trilogy (Arrow),Rental Library,
191-BLRKNO-50-001A,Knocked Up (Unrated),Blu-Ray,ACTIVE,1,9260364759290,yes,hetbu9819k,Knocked Up (Unrated),Rental Library,
191-BLRLET-50-001A,Let Me In,Blu-Ray,ACTIVE,0,9258868474106,yes,nxi5flz41p,Let Me In,Rental Library,
191-NKNLIA-50-001A,Liar Liar,VHS,ACTIVE,1,9249544831226,yes,lsvu02o7b9,Liar Liar,Rental Library,
191-DVDLFB-001A,Lifeboat,DVD,ACTIVE,0,9276612149498,yes,j7s8tjzqlq,Lifeboat,Rental Library,
191-BLRLOS-50-001A,Lost Picture Show (Vinegar Syndrome),Blu-Ray,ACTIVE,1,9260438290682,no,,,,
191-DVDLOS-001A,Lost in Translation,DVD,ACTIVE,1,9276610445562,yes,j7s2g5zqlq,Lost in Translation,Rental Library,
191-VHSLVH-001A,Love Has Many Faces,VHS,ACTIVE,1,9276650193146,yes,u34lqu4gnz,Love Has Many Faces,Rental Library,
191-UNKLOV-50-001A,Love and Monsters,Blu-Ray,ACTIVE,1,9260447400186,yes,j7s89f6qlq,Love and Monsters,Rental Library,
191-BLRLOV-70-001A,Lovers Lane (Arrow),Blu-Ray,ACTIVE,1,9260446384378,yes,u34lwklgnz,Lovers Lane (Arrow),Rental Library,
191-BLRM3G-50-001A,M3GAN (Unrated) 4K,4K,ACTIVE,1,9260431245562,yes,iz5dovulqm,M3GAN (Unrated) 4K,Rental Library,
191-VHSMNF-001A,MAN FROM CLOVER GROVE,VHS,ACTIVE,1,9270291824890,yes,obaqron0an,MAN FROM CLOVER GROVE,Rental Library,
191-VHSMNS-001A,MONSIGNOR,VHS,ACTIVE,0,9276624797946,yes,t0byntt93y,MONSIGNOR,Rental Library,
191-VHSMRN-001A,MR. NICE GUY,VHS,ACTIVE,0,9243607892218,yes,obaqxrp0an,MR. NICE GUY,Rental Library,
191-BLRMAC-50-001A,Machete,Blu-Ray,ACTIVE,1,9260447432954,yes,e90p3dy5u2,Machete,Rental Library,
191-BLRMCH-50-001A,Machete Kills,Blu-Ray,ACTIVE,1,9267013746938,yes,iz5d8ivlqm,Machete Kills,Rental Library,
191-UNIMAM-50-001A,Mama,Blu-Ray,ACTIVE,1,9260431311098,yes,v8u4pgj26q,Mama,Rental Library,
191-DVDMAN-001A,Manhattan,DVD,ACTIVE,0,9276613689594,yes,ayqf1alpsz,Manhattan,Rental Library,
191-BLRTHM-001A,Matrix Reloaded,4K,ACTIVE,1,9276613656826,yes,8g3jrusohq,Matrix Reloaded,Rental Library,
191-DVDMED-001A,Medallion,DVD,ACTIVE,1,9276609954042,yes,e90pmeb5u2,Medallion,Rental Library,
191-DVDMEM-001A,Memento,DVD,ACTIVE,1,9276609790202,yes,ftoacfce5y,Memento,Rental Library,
191-DVDMMR-001A,Memoirs of a Geisha,DVD,ACTIVE,1,9276612673786,yes,gak7wgibt4,Memoirs of a Geisha,Rental Library,
191-VHSMEM-001A,Memphis,VHS,ACTIVE,0,9276651634938,yes,dmnijdiu84,Memphis,Rental Library,
191-VHSMEX-001A,Mexico City,VHS,ACTIVE,1,9276653142266,yes,2ogkp2ytqt,Mexico City,Rental Library,
191-VHSMIA-001A,Miami Blues,VHS,ACTIVE,1,9276651471098,yes,w1e06wuisd,Miami Blues,Rental Library,
191-BLRMID-50-002A,Midnight Movie,Blu-Ray,ACTIVE,1,9260364103930,yes,gak7iy5bt4,Midnight Movie,Rental Library,
191-VHSMID-001A,Midnight Strangers,VHS,ACTIVE,0,9276651962618,yes,6umxk6l8dt,Midnight Strangers,Rental Library,
191-VHSMIL-001A,Miles From Home,VHS,ACTIVE,0,9276625092858,yes,8g3jy8hohq,Miles From Home,Rental Library,
191-VHSMLK-001A,Milk Money,VHS,ACTIVE,1,9276625256698,yes,xlz62xbjps,Milk Money,Rental Library,
191-BLRMRR-50-001A,Mirrors (Unrated Special Edition),Blu-Ray,ACTIVE,0,9260430131450,yes,2ogknbhtqt,Mirrors (Unrated Special Edition),Rental Library,
191-BLRMIR-50-001A,Mirrors 2 Unrated,Blu-Ray,ACTIVE,1,9260364333306,yes,dmniq45u84,Mirrors 2 Unrated,Rental Library,
191-VHSMSS-001A,Missing Pieces,VHS,ACTIVE,1,9276651372794,yes,0cpwx0vdcu,Missing Pieces,Rental Library,
191-BLRMIS-50-001A,Mission: Impossible - Fallout,Blu-Ray,ACTIVE,1,9267013058810,yes,ywht5yar71,Mission: Impossible - Fallout,Rental Library,
191-VHSMST-001A,Mister Johnson,VHS,ACTIVE,1,9276650488058,yes,obaqrot0an,Mister Johnson,Rental Library,
191-VHSMOD-001A,Modern Problems,VHS,ACTIVE,1,9276651536634,yes,cnr1lcummk,Modern Problems,Rental Library,
191-VHSMON-001A,Monkey's Uncle,VHS,ACTIVE,1,9276624732410,yes,8g3jy89ohq,Monkey's Uncle,Rental Library,
191-4K2MOR-50-001A,Morbius,4K,ACTIVE,1,9266911215866,yes,hetbuzf19k,Morbius,Rental Library,
191-BLRMOT-50-001A,Motel Hell,Blu-Ray,ACTIVE,1,9258868703482,yes,w1e0854isd,Motel Hell,Rental Library,
191-4K2MOT-50-001A,Mother's Day (Vinegar Syndrome),4K,ACTIVE,0,9260438126842,yes,6umxy3v8dt,Mother's Day (Vinegar Syndrome),Rental Library,
191-VHSMOU-001A,Mouth to Mouth,VHS,ACTIVE,1,9276651733242,yes,9dcrk8d6rp,Mouth to Mouth,Rental Library,
191-DVDMRM-50-001A,Mr. & Mrs. Smith,Blu-Ray,ACTIVE,1,9260438814970,yes,xlz6tsyjps,Mr. & Mrs. Smith,Rental Library,
191-VHSMRA-001A,Mr. Accident,VHS,ACTIVE,1,9270291202298,yes,lsvu0he7b9,Mr. Accident,Rental Library,
191-BLRMRB-50-001A,Mr. Brooks,Blu-Ray,ACTIVE,1,9267012960506,no,,,,
191-VHSMRM-001A,Mr. Magoo,VHS,ACTIVE,1,9276624863482,yes,j7s89wsqlq,Mr. Magoo,Rental Library,
191-DVDMUN-50-001A,Munsters (A Rob Zombie Film),DVD,ACTIVE,1,9267106119930,yes,obaqxd40an,Munsters (A Rob Zombie Film),Rental Library,
191-BLRMUR-001A,Murder on the Orient Express,Blu-Ray,ACTIVE,0,9276610216186,yes,ayqfzn7psz,Murder on the Orient Express,Rental Library,
191-VHSMYF-001A,My Fair Lady,VHS,ACTIVE,1,9276624634106,yes,e90p3vc5u2,My Fair Lady,Rental Library,
191-BLRMYS-50-001A,My Soul to Take,Blu-Ray,ACTIVE,1,9267105530106,yes,dmniqglu84,My Soul to Take,Rental Library,
191-BLRNES-50-001A,Neighbors,Blu-Ray,ACTIVE,0,9260364824826,yes,4jlve74kbx,Neighbors,Rental Library,
191-BLRNEI-50-001A,Neighbors 2,Blu-Ray,ACTIVE,0,9258983620858,yes,0cpwj4gdcu,Neighbors 2,Rental Library,
191-BLRNEV-50-001A,Never Back Down: Extended Beat Down Edition,Blu-Ray,ACTIVE,1,9266911346938,yes,2ogkn9rtqt,Never Back Down: Extended Beat Down Edition,Rental Library,
191-VHSNEV-F-001A,Never Been Kissed,VHS,ACTIVE,1,9243606974714,yes,kq725esysl,Never Been Kissed,Rental Library,
191-BLRNEW-50-001A,New Year's Eve,Blu-Ray,ACTIVE,1,9266894700794,yes,ywhtvzwr71,New Year's Eve,Rental Library,
191-VHSNIC-001A,Nico and Dani,VHS,ACTIVE,1,9276651602170,yes,bpyhlmecho,Nico and Dani,Rental Library,
191-DVDNIG-50-001A,Night Shift,DVD,ACTIVE,1,9260438028538,yes,prwesllno7,Night Shift,Rental Library,
191-BLRNIG-50-001A,Night Watch / Day Watch,Blu-Ray,ACTIVE,1,9260364136698,yes,hetbu6o19k,Night Watch / Day Watch,Rental Library,
191-DVDNGH-50-001A,Night and Day,DVD,ACTIVE,1,9260438225146,yes,cnr17jkmmk,Night and Day,Rental Library,
191-BLRNGH-50-001A,Night of the Living Dead,Blu-Ray,ACTIVE,1,9260364464378,yes,8g3jrpmohq,Night of the Living Dead,Rental Library,
191-BLRNOC-50-001A,No Country for Old Men,Blu-Ray,ACTIVE,1,9258867392762,yes,9dcrk3n6rp,No Country for Old Men,Rental Library,
191-VHSNOS-001A,No Secrets,VHS,ACTIVE,1,9276651766010,yes,6umxyo78dt,No Secrets,Rental Library,
191-VHSNOT-001A,Nothing to Lose,VHS,ACTIVE,0,9276652028154,yes,8g3jr01ohq,Nothing to Lose,Rental Library,
191-VHSOPE-G-001A,OPEN SEASON,VHS,ACTIVE,1,9243606679802,yes,t0by4np93y,OPEN SEASON,Rental Library,
191-BLROBS-50-001A,Observe and Report,Blu-Ray,ACTIVE,1,9258984014074,yes,lsvu0t07b9,Observe and Report,Rental Library,
191-BLROFF-50-001A,Officer Downe,Blu-Ray,ACTIVE,1,9260447531258,yes,7f2gd9uhd6,Officer Downe,Rental Library,
191-UNKONT-50-001A,On the Road,Blu-Ray,ACTIVE,1,9258867097850,yes,j7s89e8qlq,On the Road,Rental Library,
191-DVDONE-50-001A,One Rainy Afternoon,DVD,ACTIVE,1,9260438159610,yes,iz5do2glqm,One Rainy Afternoon,Rental Library,
191-DVDOUT-001A,Out of Africa,DVD,ACTIVE,1,9276612280570,yes,56dna2iv9x,Out of Africa,Rental Library,
191-BLROUT-50-001A,Out of the Furnace,Blu-Ray,ACTIVE,1,9260447367418,yes,ayqfzi2psz,Out of the Furnace,Rental Library,
191-VHSTTS-001A,Out to Sea,VHS,ACTIVE,1,9243652063482,yes,3kjs1h1arj,Out to Sea,Rental Library,
191-VHSTSD-001A,Outsiders,VHS,ACTIVE,1,9276650291450,no,,,,
191-BLROVE-50-001A,Over The Top,Blu-Ray,ACTIVE,1,9258826989818,yes,ftoamdxe5y,Over The Top,Rental Library,
191-VHSOVE-50-001A,Overboard Vhs 1987 Goldie Hawn Kurt Russell,VHS,ACTIVE,1,9249544634618,yes,gak7irvbt4,Overboard Vhs 1987 Goldie Hawn Kurt Russell,Rental Library,
191-BLRPEN-50-001A,Peninsula,Blu-Ray,DRAFT,1,9267105333498,yes,4jlveygkbx,Peninsula,Rental Library,
191-VHSPHI-001A,Philadelphia,VHS,ACTIVE,1,9276625453306,yes,m4xzhad31h,Philadelphia,Rental Library,
191-DVDPIN-001A,Pineapple Express,DVD,ACTIVE,1,9276610642170,yes,ywhtvxpr71,Pineapple Express,Rental Library,
191-DVDPIX-001A,Pixar Short Films Collection Volume 1,DVD,ACTIVE,1,9276611133690,yes,8g3jr06ohq,Pixar Short Films Collection Volume 1,Rental Library,
191-VHSPOC-001A,Pocket Money,VHS,ACTIVE,1,9243651899642,yes,hetbudg19k,Pocket Money,Rental Library,
191-BLRPOI-50-001A,Point Break,Blu-Ray,ACTIVE,0,9260446286074,yes,2ogknc1tqt,Point Break,Rental Library,
191-UNKPOL-50-001A,Poltergeist Extended Cut (Blu-ray),Blu-Ray,ACTIVE,1,9260431278330,yes,qhfo65kwe4,Poltergeist Extended Cut (Blu-ray),Rental Library,
191-BLRPOS-50-001A,Poseidon,Blu-Ray,ACTIVE,1,9266911740154,yes,kq725rkysl,Poseidon,Rental Library,
191-BLRPOW-50-001A,Power Rangers,Blu-Ray,ACTIVE,1,9267013812474,yes,3kjs1n4arj,Power Rangers,Rental Library,
191-BLRPRO-50-001A,Prom Night,Blu-Ray,ACTIVE,0,9260364071162,yes,8g3jrp9ohq,Prom Night,Rental Library,
191-BLRPRM-001A,Prometheus,4K,ACTIVE,1,9276613722362,yes,hetbuse19k,Prometheus,Rental Library,
191-UNKPSY-50-001A,Psycho Goreman,Blu-Ray,ACTIVE,1,9260431343866,yes,56dnag5v9x,Psycho Goreman,Rental Library,
191-DVDPUL-001A,Pulp Fiction,DVD,ACTIVE,1,9276612378874,yes,nxi5fyq41p,Pulp Fiction,Rental Library,
191-DVDRAG-001A,Raging Bull,DVD,ACTIVE,1,9276612477178,yes,7f2gdz2hd6,Raging Bull,Rental Library,
191-BLRRAM-50-001A,Rampage,4K,ACTIVE,0,9260447334650,yes,4jlve1ykbx,Rampage,Rental Library,
191-VHSRAT-001A,Rat Race,VHS,ACTIVE,0,9276652912890,yes,u34lwcygnz,Rat Race,Rental Library,
191-DVDRAT-001A,Ratatouille,DVD,ACTIVE,1,9276610347258,yes,dmnxzyiu84,Ratatouille,Rental Library,
191-BLRREA-001A,Re-Animator,Blu-Ray,ACTIVE,1,9276611657978,yes,2ogaqb4tqt,Re-Animator,Rental Library,
191-BLRRED-001A,Red Heat,Blu-Ray,ACTIVE,1,9276610478330,yes,iz5dohtlqm,Red Heat,Rental Library,
191-BLRREN-50-001A,Renfield: Dracula Sucks Edition,Blu-Ray,ACTIVE,1,9260363907322,yes,ri192fqxoz,Renfield: Dracula Sucks Edition,Rental Library,
191-BLRREQ-50-001A,Requiem for a Dream (Director's Cut),Blu-Ray,ACTIVE,1,9258867687674,yes,0cpwjkbdcu,Requiem for a Dream (Director's Cut),Rental Library,
191-BLRRIS-50-001A,Rise of the Planet of the Apes,Blu-Ray,ACTIVE,1,9267013419258,yes,obaqxuk0an,Rise of the Planet of the Apes,Rental Library,
191-BLRROB-70-001A,Robin Hood (Unrated Director's Cut),Blu-Ray,ACTIVE,0,9258867556602,yes,m4xzhw431h,Robin Hood (Unrated Director's Cut),Rental Library,
191-DVDROY-002A,Royal Tenenbaums,DVD,ACTIVE,1,9276610052346,yes,e90p32m5u2,Royal Tenenbaums,Rental Library,
191-VHSSHO-001A,SHOOTING ELIZABETH,VHS,ACTIVE,1,9276652847354,yes,8g3jrdzohq,SHOOTING ELIZABETH,Rental Library,
191-BLRSYR-001A,SYRIANA,Blu-Ray,ACTIVE,1,9276611363066,yes,m4xlvj831h,SYRIANA,Rental Library,
191-BLRSAL-50-001A,Salem's Lot,Blu-Ray,ACTIVE,1,9260364431610,yes,cnr17qymmk,Salem's Lot,Rental Library,
191-BLRSAV-001A,Saving Private Ryan,Blu-Ray,ACTIVE,1,9276609233146,yes,obayhk40an,Saving Private Ryan,Rental Library,
191-DVDSAY-001A,Say Anything,DVD,ACTIVE,1,9276610773242,yes,w1e9cvdisd,Say Anything,Rental Library,
191-BLRSCA-50-001A,"Scala!!! Or, the Incredibly Strange Rise and Fall of the World's Wildest Cinema and How It Influenced a Mixed-up Generation of Weirdos and Misfits",Blu-Ray,ACTIVE,0,9260429738234,yes,8g3jrn3ohq,"Scala!!! Or, the Incredibly Strange Rise and Fall of the World's Wildest Cinema and How It Influenced a Mixed-up Generation of Weirdos and Misfits",Rental Library,
191-VHSSER-001A,Serpent of Death,VHS,ACTIVE,1,9276651503866,yes,ftoamv3e5y,Serpent of Death,Rental Library,
191-BLRSHA-001A,Shallows,4K,ACTIVE,1,9276613394682,yes,dmniqb7u84,Shallows,Rental Library,
191-BLRSHI-001A,Shining,Blu-Ray,ACTIVE,1,9276612870394,yes,w1e087bisd,Shining,Rental Library,
191-VHSSHI-001A,Shipwrecked,VHS,ACTIVE,1,9276652978426,yes,qhfo6lbwe4,Shipwrecked,Rental Library,
191-BLRSHO-50-001A,Shoot 'Em Up,Blu-Ray,ACTIVE,1,9266911445242,yes,6umxy0h8dt,Shoot 'Em Up,Rental Library,
191-BLRSIC-70-001A,Sicario,Blu-Ray,ACTIVE,1,9258826498298,yes,kq725zhysl,Sicario,Rental Library,
191-BLRSCR-50-001A,Sicario: Day of the Soldado,Blu-Ray,ACTIVE,1,9258826563834,yes,t0by43m93y,Sicario: Day of the Soldado,Rental Library,
191-VHSSMN-001A,Simon Birch,VHS,ACTIVE,1,9276625387770,yes,56dnatlv9x,Simon Birch,Rental Library,
191-BLRSIN-50-001A,Sin City: A Dame to Kill For,Blu-Ray,ACTIVE,1,9258827481338,yes,prwes77no7,Sin City: A Dame to Kill For,Rental Library,
191-BLRSKY-50-001A,Skyscraper,4K,ACTIVE,0,9266932449530,yes,ri192qaxoz,Skyscraper,Rental Library,
191-DVDSLE-001A,Sleepless in Seattle,DVD,ACTIVE,1,9276611559674,yes,bpywerzcho,Sleepless in Seattle,Rental Library,
191-DVDSNA-001A,Snatch (Special Edition),DVD,ACTIVE,1,9276608971002,yes,e90crbc5u2,Snatch (Special Edition),Rental Library,
191-UNKSNI-50-001A,Snitch,4K,ACTIVE,1,9260447236346,yes,hetbu8019k,Snitch,Rental Library,
191-BLRSOL-001A,Solo: A Star Wars Story,4K,ACTIVE,1,9276613296378,yes,ywhtvjnr71,Solo: A Star Wars Story,Rental Library,
191-VHSSPC-001A,Special Forces,VHS,ACTIVE,1,9276651700474,yes,obaqxu60an,Special Forces,Rental Library,
191-BLRSPC-50-001A,Species 4K Collector's Edition,4K,ACTIVE,1,9267105890554,yes,cnr17abmmk,Species 4K Collector's Edition,Rental Library,
191-BLRSPD-50-001A,Speed,Blu-Ray,ACTIVE,0,9266894962938,yes,9dcrka46rp,Speed,Rental Library,
191-BLRSPE-50-001A,Speed Racer,DVD,ACTIVE,1,9258826891514,yes,j7s895oqlq,Speed Racer,Rental Library,
191-DVDSPI-001A,Spirited Away,DVD,ACTIVE,1,9276610085114,yes,w1e9c2uisd,Spirited Away,Rental Library,
191-VHSSTN-001A,Stand Alone,VHS,ACTIVE,1,9276650258682,yes,kq725jrysl,Stand Alone,Rental Library,
191-VHSSTA-001A,Static,VHS,DRAFT,1,9243651539194,yes,9dcrk4r6rp,Static,Rental Library,
191-BLRSTE-50-001A,Steel and Lace (Vinegar Syndrome),Blu-Ray,ACTIVE,1,9260437995770,yes,u34lwrhgnz,Steel and Lace (Vinegar Syndrome),Rental Library,
191-VHSST3-001A,Strangers,VHS,ACTIVE,1,9276653011194,yes,prwesyyno7,Strangers,Rental Library,
191-VHSSTL-001A,Streetkill,VHS,ACTIVE,0,9276651798778,yes,3kjs14karj,Streetkill,Rental Library,
191-VHSSTM-001A,Strictly Ballroom,VHS,ACTIVE,1,9276624568570,yes,9dcrk0g6rp,Strictly Ballroom,Rental Library,
191-BLRSUI-50-001A,Suitable Flesh,Blu-Ray,ACTIVE,1,9260429771002,yes,iz5dotblqm,Suitable Flesh,Rental Library,
191-BLRSUN-50-001A,Sundown: The Vampire in Retreat,Blu-Ray,ACTIVE,1,9260446417146,yes,obaqx470an,Sundown: The Vampire in Retreat,Rental Library,
191-BLRSUP-50-001A,Super Troopers,Blu-Ray,ACTIVE,0,9260364562682,yes,ayqfzltpsz,Super Troopers,Rental Library,
191-VHSSUP-50-001A,Suppose They Gave a War and Nobody Came?,VHS,ACTIVE,1,9249542013178,yes,lsvu0ob7b9,Suppose They Gave a War and Nobody Came?,Rental Library,
191-BLRTHH-50-001A,THE HOUSE THAT JACK BUILT,Blu-Ray,ACTIVE,1,9260364267770,yes,obaqxk30an,THE HOUSE THAT JACK BUILT,Rental Library,
191-VHSTLN-001A,Talent for the Game,VHS,ACTIVE,1,9276651995386,yes,lsvu0zv7b9,Talent for the Game,Rental Library,
191-BLRTLK-50-001A,Talk to Me,4K,ACTIVE,0,9260430065914,yes,v8u4pcw26q,Talk to Me,Rental Library,
191-BLRTAL-50-001A,Talladega Nights: The Ballad of Ricky Bobby,Blu-Ray,ACTIVE,1,9260364628218,yes,gak7ix2bt4,Talladega Nights: The Ballad of Ricky Bobby,Rental Library,
191-BLRTAN-001A,Tango & Cash,Blu-Ray,ACTIVE,1,9276611100922,yes,kq7fohpysl,Tango & Cash,Rental Library,
191-BLRTRM-50-001A,Terminator Genisys,Blu-Ray,ACTIVE,1,9267013157114,yes,7f2gdsthd6,Terminator Genisys,Rental Library,
191-BLRTER-50-001A,Terminator: Dark Fate,Blu-Ray,ACTIVE,1,9258826137850,yes,dmniqy2u84,Terminator: Dark Fate,Rental Library,
191-BLRTEX-001A,Texas Chain Saw Massacre,Blu-Ray,ACTIVE,1,9276611231994,yes,j7s89leqlq,Texas Chain Saw Massacre,Rental Library,
191-BLRTH4-50-001A,The 40-Year-Old Virgin,Blu-Ray,ACTIVE,1,9258984472826,yes,2ogknmztqt,The 40-Year-Old Virgin,Rental Library,
191-VHSTHE-F-001A,The Adventures of Pluto Nash,VHS,ACTIVE,1,9243607302394,yes,j7s89tuqlq,The Adventures of Pluto Nash,Rental Library,
191-BLRTHE-50-001A,The Assassination of Jesse James,Blu-Ray,ACTIVE,0,9258867196154,yes,w1e082yisd,The Assassination of Jesse James,Rental Library,
191-NKNTHE-50-001A,The Assignment,VHS,DRAFT,0,9249542504698,yes,bpyhljdcho,The Assignment,Rental Library,
191-DVDTHV-001A,The Aviator,DVD,ACTIVE,0,9276613329146,yes,iz5do19lqm,The Aviator,Rental Library,
191-DVDTHB-001A,The Beales of Grey Gardens,DVD,ACTIVE,1,9276609822970,yes,ywhe0sar71,The Beales of Grey Gardens,Rental Library,
191-BLRTHB-50-001A,The Black Room (Vinegar Syndrome),Blu-Ray,ACTIVE,1,9260429967610,no,,,,
191-4K2THE-50-001A,The Boogeyman (Vinegar Syndrome),4K,ACTIVE,0,9260430098682,yes,6umxypt8dt,The Boogeyman (Vinegar Syndrome),Rental Library,
191-DVDTHP-001A,The Break-Up,DVD,ACTIVE,0,9276611002618,yes,ftoam2ae5y,The Break-Up,Rental Library,
191-DVDTHC-001A,The Cabin in the Woods,DVD,ACTIVE,1,9276609396986,yes,u34jsxkgnz,The Cabin in the Woods,Rental Library,
191-VHSTHC-50-001A,The Capitol Conspiracy,VHS,ACTIVE,1,9249542897914,yes,8g3jrn6ohq,The Capitol Conspiracy,Rental Library,
191-BLRTHC-50-001A,The Cardona Collection Vol. 2 (Vinegar Syndrome),Blu-Ray,ACTIVE,1,9260429508858,no,,,,
191-BLRCEL-50-001A,The Cell,Blu-Ray,ACTIVE,1,9267013550330,yes,xlz62kdjps,The Cell,Rental Library,
191-BLRTHD-50-001A,The Editor,Blu-Ray,ACTIVE,1,9258868539642,yes,xlz6texjps,The Editor,Rental Library,
191-BLRTHY-001A,The Fly,Blu-Ray,ACTIVE,0,9276609855738,yes,dmniqchu84,The Fly,Rental Library,
191-BLRTHF-50-001A,The Forest,Blu-Ray,ACTIVE,0,9260364038394,yes,ri192ewxoz,The Forest,Rental Library,
191-BL2THE-001A,The Forgotten,DVD,ACTIVE,1,9276609102074,yes,ayqht77psz,The Forgotten,Rental Library,
191-VHSTHG-F-001A,The Grifters,VHS,ACTIVE,1,9243607400698,yes,u34lwqsgnz,The Grifters,Rental Library,
191-DVDTHG-001A,The Grudge,DVD,ACTIVE,0,9276609528058,yes,2ogkn8jtqt,The Grudge,Rental Library,
191-BLRTH7-50-001A,The Human Condition (Criterion Collection),Blu-Ray,ACTIVE,1,9260438323450,yes,8g3jr4aohq,The Human Condition (Criterion Collection),Rental Library,
191-BLRTH2-50-001A,The Innkeepers,Blu-Ray,ACTIVE,1,9260364398842,yes,kq725s1ysl,The Innkeepers,Rental Library,
191-BLRTHZ-001A,The Last Waltz,Blu-Ray,ACTIVE,0,9276611592442,no,,,,
191-DVDTH2-001A,The Lord of the Rings: The Return of the King,DVD,ACTIVE,1,9276612018426,yes,t0bpwb593y,The Lord of the Rings: The Return of the King,Rental Library,
191-DVDTHS-001A,The Lord of the Rings: The Two Towers,DVD,ACTIVE,1,9276611985658,yes,3kj72jmarj,The Lord of the Rings: The Two Towers,Rental Library,
191-VHSTHM-50-001A,The Man In The Moon,VHS,ACTIVE,1,9249544175866,yes,prweshhno7,The Man In The Moon,Rental Library,
191-BLRTHN-50-001A,The Nice Guys,Blu-Ray,ACTIVE,1,9258984079610,yes,hetbuod19k,The Nice Guys,Rental Library,
191-BLRTHP-50-001A,The Paperboy,Blu-Ray,ACTIVE,1,9258867982586,yes,nxi5f1e41p,The Paperboy,Rental Library,
191-BLRTH9-50-001A,The Prophecy I-II-III (Vinegar Syndrome),4K,ACTIVE,1,9260438061306,yes,lsvu06u7b9,The Prophecy I-II-III (Vinegar Syndrome),Rental Library,
191-BLRTHL-50-001A,The Proposal,Blu-Ray,ACTIVE,1,9258983457018,yes,j7s89v0qlq,The Proposal,Rental Library,
191-RRWTHE-50-001A,The Red Queen Kills Seven Times (Arrow),Blu-Ray,ACTIVE,1,9260445630714,yes,iz5do9clqm,The Red Queen Kills Seven Times (Arrow),Rental Library,
191-DVDTHE-50-001A,The Sea Hawk,DVD,ACTIVE,1,9260438356218,yes,obaqxkh0an,The Sea Hawk,Rental Library,
191-BLRTH6-50-001A,The Sinful Dwarf (Limited Collector's Edition),Blu-Ray,ACTIVE,1,9260431376634,yes,e90p3bj5u2,The Sinful Dwarf (Limited Collector's Edition),Rental Library,
191-BLRTHS-50-001A,The Stepfather (Director's Cut),Blu-Ray,ACTIVE,1,9260363677946,yes,v8u4pmi26q,The Stepfather (Director's Cut),Rental Library,
191-NKNTHT-50-001A,"The Talented Mr. Ripley (vhs, 2000)",VHS,ACTIVE,1,9249544470778,no,,,,
191-BLRTHT-50-001A,The Texas Chainsaw Massacre,Blu-Ray,ACTIVE,1,9260363874554,no,,,,
191-BLRTHG-50-001A,The Texas Chainsaw Massacre: The Beginning,Blu-Ray,ACTIVE,1,9260364497146,yes,ftoamgqe5y,The Texas Chainsaw Massacre: The Beginning,Rental Library,
191-BLRTHR-50-001A,The Transporter,Blu-Ray,ACTIVE,1,9266894930170,yes,6umxynf8dt,The Transporter,Rental Library,
191-BLRTH3-50-001A,The Watch,Blu-Ray,ACTIVE,1,9260364529914,yes,2ogkn3stqt,The Watch,Rental Library,
191-UNKTHE-50-001A,The Wraith (Collector's Series),Blu-Ray,ACTIVE,1,9267105792250,yes,m4xzhng31h,The Wraith (Collector's Series),Rental Library,
191-BLRTHW-50-001A,The Wrestler,Blu-Ray,ACTIVE,1,9258867851514,yes,bpyhlqucho,The Wrestler,Rental Library,
191-VHSTH2-50-001A,Thelma & Louise,VHS,ACTIVE,1,9249542111482,yes,6umxyn98dt,Thelma & Louise,Rental Library,
191-BLRTH8-50-001A,Thief (Criterion Collection),Blu-Ray,ACTIVE,1,9260438520058,yes,8g3jr48ohq,Thief (Criterion Collection),Rental Library,
191-VHSTHI-001A,Things Are Tough All Over,VHS,ACTIVE,1,9270291595514,yes,ywhtvq4r71,Things Are Tough All Over,Rental Library,
191-BLRTHI-50-001A,This Is 40,Blu-Ray,ACTIVE,1,9258983915770,yes,xlz6tvqjps,This Is 40,Rental Library,
191-BLRTH5-50-001A,This Is The End,Blu-Ray,ACTIVE,1,9260364660986,yes,56dnamtv9x,This Is The End,Rental Library,
191-DVDTHR-001A,Three Kings,DVD,ACTIVE,1,9276609757434,yes,8g3k7n9ohq,Three Kings,Rental Library,
191-VHSTIL-001A,Till The Clouds Roll By,VHS,ACTIVE,1,9276624601338,yes,obaqxg80an,Till The Clouds Roll By,Rental Library,
191-DVDTOM-001A,"Tom Hanks Comedy Collection (The Money Pit, The 'Burbs, Dragnet)",DVD,ACTIVE,1,9276612444410,yes,8g3jrg0ohq,"Tom Hanks Comedy Collection (The Money Pit, The 'Burbs, Dragnet)",Rental Library,
191-BLRTOP-50-001A,Top Gun 2-Movie Collection,Blu-Ray,ACTIVE,1,9267011944698,yes,prwesrrno7,Top Gun 2-Movie Collection,Rental Library,
191-VHSTR3-001A,Tragedy of Flight 103,VHS,ACTIVE,1,9276624929018,yes,3kjs1kyarj,Tragedy of Flight 103,Rental Library,
191-BLRTRA-50-001A,Trainwreck,Blu-Ray,ACTIVE,1,9260364005626,yes,ri1925ixoz,Trainwreck,Rental Library,
191-BLRTR2-50-001A,Transporter 2,Blu-Ray,ACTIVE,1,9266894864634,yes,m4xzhly31h,Transporter 2,Rental Library,
191-BLRTRN-50-001A,Transporter 3 (2-Disc Fully Loaded Edition),Blu-Ray,ACTIVE,1,9266894831866,yes,obaqxya0an,Transporter 3 (2-Disc Fully Loaded Edition),Rental Library,
191-BLRTRD-50-001A,Transporter Refueled,Blu-Ray,ACTIVE,1,9266911838458,yes,9dcrkdb6rp,Transporter Refueled,Rental Library,
191-VHSTRL-001A,Trial,VHS,ACTIVE,1,9276653273338,yes,7f2gdf9hd6,Trial,Rental Library,
191-VHSTRI-001A,Trial by Jury,VHS,ACTIVE,1,9276625420538,yes,j7s8975qlq,Trial by Jury,Rental Library,
191-BLRTRI-50-001A,Triple 9,Blu-Ray,ACTIVE,1,9266895225082,yes,cnr17ixmmk,Triple 9,Rental Library,
191-BLRTRU-001A,True Grit,Blu-Ray,ACTIVE,1,9276613263610,yes,obaqxbr0an,True Grit,Rental Library,
191-DVDTUP-001A,Tupac: Resurrection,DVD,ACTIVE,1,9276612051194,yes,ayqfzyzpsz,Tupac: Resurrection,Rental Library,
191-VHSTWI-001A,Twilight,VHS,ACTIVE,1,9276651405562,yes,v8u4p8426q,Twilight,Rental Library,
191-BLRUND-50-001A,UNDEFEATABLE (Vinegar Syndrome),Blu-Ray,ACTIVE,1,9260438454522,yes,8g3jrkpohq,UNDEFEATABLE (Vinegar Syndrome),Rental Library,
191-BLRUNB-50-001A,Unbearable Weight of Massive Talent,Blu-Ray,ACTIVE,1,9267105988858,yes,ftoamtpe5y,Unbearable Weight of Massive Talent,Rental Library,
191-BLRUNC-001A,Uncut Gems,Blu-Ray,ACTIVE,1,9276611821818,yes,6umxyuw8dt,Uncut Gems,Rental Library,
191-DVDUND-001A,Underworld: Evolution,DVD,ACTIVE,1,9276612215034,yes,qhfo6hmwe4,Underworld: Evolution,Rental Library,
191-BLRUNL-50-001A,Unleashed,Blu-Ray,ACTIVE,1,9266967314682,yes,8g3jrgfohq,Unleashed,Rental Library,
191-VHSUPY-001A,Up Your Alley,VHS,ACTIVE,1,9276651569402,yes,xlz6tlajps,Up Your Alley,Rental Library,
191-BLRVH3-50-001A,V/H/S,Blu-Ray,ACTIVE,1,9260364202234,yes,kq725fzysl,V/H/S,Rental Library,
191-BLRVH2-50-001A,V/H/S/2,Blu-Ray,ACTIVE,1,9258868408570,yes,t0by4pa93y,V/H/S/2,Rental Library,
191-BLRVHS-50-001A,V/H/S/94,Blu-Ray,ACTIVE,1,9258868211962,yes,nxi5fz541p,V/H/S/94,Rental Library,
191-BLRVHD-50-001A,V/H/S/BEYOND,Blu-Ray,ACTIVE,1,9260431409402,yes,lsvu08g7b9,V/H/S/BEYOND,Rental Library,
191-BLRVHL-50-001A,V/H/S: VIRAL,Blu-Ray,ACTIVE,1,9260364235002,yes,7f2gdochd6,V/H/S: VIRAL,Rental Library,
191-BLRVAC-50-001A,Vacation,Blu-Ray,ACTIVE,1,9258983686394,yes,j7s892dqlq,Vacation,Rental Library,
191-DVDVAN-001A,Van Helsing,DVD,ACTIVE,1,9276612247802,yes,56dna6hv9x,Van Helsing,Rental Library,
191-BLRVEN-50-001A,Venom,Blu-Ray,ACTIVE,1,9266911674618,yes,ri192inxoz,Venom,Rental Library,
191-ALFVER-50-001A,Vertigo,DVD,ACTIVE,1,9260438847738,yes,iz5do6mlqm,Vertigo,Rental Library,
191-DVDVIL-001A,Village of the Damned,DVD,ACTIVE,1,9276612182266,yes,kq7fo7aysl,Village of the Damned,Rental Library,
191-BLRWAL-50-001A,Walking Tall,Blu-Ray,ACTIVE,1,9266895519994,no,,,,
191-BLRWAR-50-001A,War for the Planet of the Apes,Blu-Ray,ACTIVE,1,9258827317498,yes,ayqfzh6psz,War for the Planet of the Apes,Rental Library,
191-BLRWRL-50-001A,Warlock Collection 3-Film Set,Blu-Ray,ACTIVE,1,9266895257850,yes,v8u4p3l26q,Warlock Collection 3-Film Set,Rental Library,
191-BLRWAT-50-001A,Waterworld (Arrow Release),Blu-Ray,ACTIVE,1,9260429869306,yes,6umxy4e8dt,Waterworld (Arrow Release),Rental Library,
191-BLRWEW-50-001A,We Were Soldiers,Blu-Ray,ACTIVE,1,9258827055354,yes,2ogknaftqt,We Were Soldiers,Rental Library,
191-BLRWER-50-001A,We're the Millers,Blu-Ray,ACTIVE,1,9258984603898,yes,w1e089xisd,We're the Millers,Rental Library,
191-VHSWHN-001A,When a Man Loves a Woman,VHS,ACTIVE,1,9276650389754,yes,m4xzh4b31h,When a Man Loves a Woman,Rental Library,
191-BLRWHE-50-001A,Where the #$&% is Santa?,Blu-Ray,ACTIVE,1,9260447498490,yes,bpyhlwgcho,Where the #$&% is Santa?,Rental Library,
191-BLRWHR-50-001A,Where the Wild Things Are,Blu-Ray,ACTIVE,1,9266894536954,yes,6umxy468dt,Where the Wild Things Are,Rental Library,
191-BLRWHI-50-001A,White House Down,Blu-Ray,ACTIVE,1,9266895028474,yes,8g3jry0ohq,White House Down,Rental Library,
191-DVDWHI-001A,White Noise,DVD,ACTIVE,1,9276610806010,yes,ywhtvwkr71,White Noise,Rental Library,
191-VHSWHT-001A,White Palace,VHS,ACTIVE,1,9270291562746,yes,obaqxbo0an,White Palace,Rental Library,
191-VHSWHE-001A,Who is Harry Kellerman and why is he saying those terrible things about me?,VHS,ACTIVE,1,9270291628282,yes,cnr1743mmk,Who is Harry Kellerman and why is he saying those terrible things about me?,Rental Library,
191-VHSWHS-001A,Who's That Girl,VHS,ACTIVE,1,9270291497210,yes,kq725wjysl,Who's That Girl,Rental Library,
191-VHSWHO-F-001A,Who's the Man?,VHS,ACTIVE,1,9243607466234,yes,iz5do83lqm,Who's the Man?,Rental Library,
191-VHSWIN-001A,"Win, Place or Steal",VHS,ACTIVE,1,9243651768570,yes,ayqfz18psz,"Win, Place or Steal",Rental Library,
191-BLYWIN-50-001A,Windtalkers,Blu-Ray,ACTIVE,1,9266932318458,yes,t0by4d093y,Windtalkers,Rental Library,
191-BLRWIS-50-001A,Wish Upon (Director's Cut),Blu-Ray,ACTIVE,1,9260363776250,yes,4jlvefjkbx,Wish Upon (Director's Cut),Rental Library,
191-BLRWRT-50-001A,Wrath of Man,Blu-Ray,ACTIVE,1,9266932220154,yes,hetbu5219k,Wrath of Man,Rental Library,
191-BLRWRA-50-001A,Wrath of the Titans,Blu-Ray,ACTIVE,1,9258826825978,yes,ri192vlxoz,Wrath of the Titans,Rental Library,
191-DVDX2X-001A,X2: X-Men United,DVD,ACTIVE,1,9276612116730,yes,9dcrkuc6rp,X2: X-Men United,Rental Library,
191-DVDYOU-001A,You've Got Mail,DVD,ACTIVE,1,9276608872698,yes,ftobygme5y,You've Got Mail,Rental Library,
191-DVDYNG-001A,Young Girls of Rochefort,DVD,ACTIVE,1,9276610281722,yes,nxi5fjl41p,Young Girls of Rochefort,Rental Library,
191-BLRZAC-50-001A,Zack Parker's Proxy,Blu-Ray,ACTIVE,1,9260429934842,yes,m4xzh7r31h,Zack Parker's Proxy,Rental Library,
