Handle,Title,Reason
confessions-of-a-police-captain,Confessions of a Police Captain,no genre-like tag found in Tags
the-monkeys-uncle,The Monkey's Uncle,no genre-like tag found in Tags
departed,Departed,no genre-like tag found in Tags
being-john-malkovich,Being John Malkovich,no genre-like tag found in Tags
cheaters,Cheaters,no genre-like tag found in Tags
come-blow-your-horn,Come Blow Your Horn,no genre-like tag found in Tags
look-who-s-talking,Look Who’s Talking,no genre-like tag found in Tags
white-oleander,White Oleander,no genre-like tag found in Tags
teachers,Teachers,no genre-like tag found in Tags
big-mommas-house,Big Momma's House,no genre-like tag found in Tags
zack-reba,Zack & Reba,no genre-like tag found in Tags
street-smart,Street Smart,no genre-like tag found in Tags
mr-brooks,Mr. Brooks,no genre-like tag found in Tags
conan-the-barbarian,Conan The Barbarian,no genre-like tag found in Tags
walking-tall,Walking Tall,no genre-like tag found in Tags
night-and-day,Night and Day,no genre-like tag found in Tags
the-black-room-vinegar-syndrome,The Black Room (Vinegar Syndrome),no genre-like tag found in Tags
cocktail,Cocktail,no genre-like tag found in Tags
matilda,Matilda,no genre-like tag found in Tags
threes-trouble,THREE'S TROUBLE,no genre-like tag found in Tags
company-man,Company Man,no genre-like tag found in Tags
