call_number,barcode_status,content_status,message
19980794,updated,updated,barcode: ok | content: changed: poster
70888442,updated,updated,barcode: ok | content: changed: poster
01047802,updated,updated,barcode: ok | content: changed: poster
01211642,updated,updated,barcode: ok | content: changed: poster
38862330,updated,updated,barcode: ok | content: changed: poster
77540346,updated,updated,barcode: ok | content: changed: poster
41713146,updated,updated,barcode: ok | content: changed: poster
76229626,updated,updated,barcode: ok | content: changed: poster
17318906,updated,updated,barcode: ok | content: changed: poster
83615226,updated,updated,barcode: ok | content: changed: poster
38559226,updated,updated,barcode: ok | content: changed: poster
08339450,updated,updated,barcode: ok | content: changed: poster
01375482,updated,updated,barcode: ok | content: changed: poster
28696058,updated,updated,barcode: ok | content: changed: poster
86206970,updated,updated,barcode: ok | content: changed: poster
26724346,updated,updated,barcode: ok | content: changed: poster
83647994,updated,updated,barcode: ok | content: changed: poster
40066554,updated,updated,barcode: ok | content: changed: poster
17384442,updated,updated,barcode: ok | content: changed: poster
26691578,updated,updated,barcode: ok | content: changed: poster
22365178,updated,updated,barcode: ok | content: changed: poster
06516218,updated,updated,barcode: ok | content: changed: poster
07651322,updated,updated,barcode: ok | content: changed: poster
21709818,updated,updated,barcode: ok | content: changed: poster
00720122,updated,updated,barcode: ok | content: changed: poster
83090938,updated,updated,barcode: ok | content: changed: poster
72264698,updated,updated,barcode: ok | content: changed: poster
37871098,updated,updated,barcode: ok | content: changed: poster
20038650,updated,updated,barcode: ok | content: changed: poster
85715450,updated,updated,barcode: ok | content: changed: poster
04736762,updated,updated,barcode: ok | content: changed: poster
20333562,updated,updated,barcode: ok | content: changed: poster
16663546,updated,updated,barcode: ok | content: changed: poster
27379706,updated,updated,barcode: ok | content: changed: poster
40828410,updated,updated,barcode: ok | content: changed: poster
13254650,updated,updated,barcode: ok | content: changed: poster
39845370,updated,updated,barcode: ok | content: changed: poster
83385850,updated,updated,barcode: ok | content: changed: poster
49055994,updated,updated,barcode: ok | content: changed: poster
98777338,updated,updated,barcode: ok | content: changed: poster
42008058,updated,updated,barcode: ok | content: changed: poster
07585786,updated,updated,barcode: ok | content: changed: poster
83582458,updated,updated,barcode: ok | content: changed: poster
30853114,updated,updated,barcode: ok | content: changed: poster
32570874,updated,updated,barcode: ok | content: changed: poster
42761722,updated,updated,barcode: ok | content: changed: poster
14139386,updated,updated,barcode: ok | content: changed: poster
34373114,updated,updated,barcode: ok | content: changed: poster
29476858,updated,updated,barcode: ok | content: changed: poster
18072570,updated,updated,barcode: ok | content: changed: poster
82697722,updated,updated,barcode: ok | content: changed: poster
33390074,updated,updated,barcode: ok | content: changed: poster
01791994,updated,updated,barcode: ok | content: changed: poster
46369018,updated,updated,barcode: ok | content: changed: poster
31384058,updated,updated,barcode: ok | content: changed: poster
35839482,updated,updated,barcode: ok | content: changed: poster
08994810,updated,updated,barcode: ok | content: changed: poster
30885882,updated,updated,barcode: ok | content: changed: poster
96849658,updated,updated,barcode: ok | content: changed: poster
47712506,updated,updated,barcode: ok | content: changed: poster
82959866,updated,updated,barcode: ok | content: changed: poster
74918906,updated,updated,barcode: ok | content: changed: poster
03075578,updated,updated,barcode: ok | content: changed: poster
01732090,updated,updated,barcode: ok | content: changed: poster
08275706,updated,updated,barcode: ok | content: changed: poster
42732026,updated,updated,barcode: ok | content: changed: poster
40721914,updated,updated,barcode: ok | content: changed: poster
21062138,updated,updated,barcode: ok | content: changed: poster
37617146,updated,updated,barcode: ok | content: changed: poster
76884986,updated,updated,barcode: ok | content: changed: poster
19882490,updated,updated,barcode: ok | content: changed: poster
01604858,updated,updated,barcode: ok | content: changed: poster
78294010,updated,updated,barcode: ok | content: changed: poster
00018170,updated,updated,barcode: ok | content: changed: poster
03763706,updated,updated,barcode: ok | content: changed: poster
83353082,updated,updated,barcode: ok | content: changed: poster
41421306,updated,updated,barcode: ok | content: changed: poster
01080570,updated,updated,barcode: ok | content: changed: poster
26731002,updated,updated,barcode: ok | content: changed: poster
83320314,updated,updated,barcode: ok | content: changed: poster
73575418,updated,updated,barcode: ok | content: changed: poster
86141434,updated,updated,barcode: ok | content: changed: poster
99694842,updated,updated,barcode: ok | content: changed: poster
01441018,updated,updated,barcode: ok | content: changed: poster
01637626,updated,updated,barcode: ok | content: changed: poster
82894330,updated,updated,barcode: ok | content: changed: poster
01394426,updated,updated,barcode: ok | content: changed: poster
27124218,updated,updated,barcode: ok | content: changed: poster
85780986,updated,updated,barcode: ok | content: changed: poster
49744122,updated,updated,barcode: ok | content: changed: poster
19948026,updated,updated,barcode: ok | content: changed: poster
04484602,updated,updated,barcode: ok | content: changed: poster
42076666,updated,updated,barcode: ok | content: changed: poster
83418618,updated,updated,barcode: ok | content: changed: poster
83516922,updated,updated,barcode: ok | content: changed: poster
04081402,updated,updated,barcode: ok | content: changed: poster
01076730,updated,updated,barcode: ok | content: changed: poster
01506554,updated,updated,barcode: ok | content: changed: poster
49023226,updated,updated,barcode: ok | content: changed: poster
51775738,updated,updated,barcode: ok | content: changed: poster
82566650,updated,updated,barcode: ok | content: changed: poster
05795322,updated,updated,barcode: ok | content: changed: poster
05828090,updated,updated,barcode: ok | content: changed: poster
44829178,updated,updated,barcode: ok | content: changed: poster
65711098,updated,updated,barcode: ok | content: changed: poster
06897658,updated,updated,barcode: ok | content: changed: poster
27319802,updated,updated,barcode: ok | content: changed: poster
46336250,updated,updated,barcode: ok | content: changed: poster
82501114,updated,updated,barcode: ok | content: changed: poster
08996602,updated,updated,barcode: ok | content: changed: poster
35184122,updated,updated,barcode: ok | content: changed: poster
78949370,updated,updated,barcode: ok | content: changed: poster
86043130,updated,updated,barcode: ok | content: changed: poster
51087610,updated,updated,barcode: ok | content: changed: poster
86108666,updated,updated,barcode: ok | content: changed: poster
00785658,updated,updated,barcode: ok | content: changed: poster
36527610,updated,updated,barcode: ok | content: changed: poster
85846522,updated,updated,barcode: ok | content: changed: poster
05139962,updated,updated,barcode: ok | content: changed: poster
34495994,updated,updated,barcode: ok | content: changed: poster
21677050,updated,updated,barcode: ok | content: changed: poster
83451386,updated,updated,barcode: ok | content: changed: poster
18727930,updated,updated,barcode: ok | content: changed: poster
08306682,updated,updated,barcode: ok | content: changed: poster
28788730,updated,updated,barcode: ok | content: changed: poster
99634938,updated,updated,barcode: ok | content: changed: poster
47024378,updated,updated,barcode: ok | content: changed: poster
04802298,updated,updated,barcode: ok | content: changed: poster
83549690,updated,updated,barcode: ok | content: changed: poster
14499834,updated,updated,barcode: ok | content: changed: poster
28100602,updated,updated,barcode: ok | content: changed: poster
42728954,updated,updated,barcode: ok | content: changed: poster
19383290,updated,updated,barcode: ok | content: changed: poster
83287546,updated,updated,barcode: ok | content: changed: poster
03954682,updated,updated,barcode: ok | content: changed: poster
35618298,updated,updated,barcode: ok | content: changed: poster
30695930,updated,updated,barcode: ok | content: changed: poster
85944826,updated,updated,barcode: ok | content: changed: poster
30858746,updated,updated,barcode: ok | content: changed: poster
98973946,updated,updated,barcode: ok | content: changed: poster
21021690,updated,updated,barcode: ok | content: changed: poster
37182970,updated,updated,barcode: ok | content: changed: poster
43485690,updated,updated,barcode: ok | content: changed: poster
03266554,updated,updated,barcode: ok | content: changed: poster
24764922,updated,updated,barcode: ok | content: changed: poster
01408250,updated,updated,barcode: ok | content: changed: poster
00706298,updated,updated,barcode: ok | content: changed: poster
03393274,updated,updated,barcode: ok | content: changed: poster
01103866,updated,updated,barcode: ok | content: changed: poster
34528762,updated,updated,barcode: ok | content: changed: poster
23454202,updated,updated,barcode: ok | content: changed: poster
20013562,updated,updated,barcode: ok | content: changed: poster
28990970,updated,updated,barcode: ok | content: changed: poster
28133370,updated,updated,barcode: ok | content: changed: poster
83058170,updated,updated,barcode: ok | content: changed: poster
06483450,updated,updated,barcode: ok | content: changed: poster
42764794,updated,updated,barcode: ok | content: changed: poster
35872250,updated,updated,barcode: ok | content: changed: poster
07554810,updated,updated,barcode: ok | content: changed: poster
19718650,updated,updated,barcode: ok | content: changed: poster
51808506,updated,updated,barcode: ok | content: changed: poster
45517306,updated,updated,barcode: ok | content: changed: poster
75574266,updated,updated,barcode: ok | content: changed: poster
02420218,updated,updated,barcode: ok | content: changed: poster
22529018,updated,updated,barcode: ok | content: changed: poster
36634106,updated,updated,barcode: ok | content: changed: poster
85879290,updated,updated,barcode: ok | content: changed: poster
30197754,updated,updated,barcode: ok | content: changed: poster
70855674,updated,updated,barcode: ok | content: changed: poster
74230778,updated,updated,barcode: ok | content: changed: poster
43452922,updated,updated,barcode: ok | content: changed: poster
21422586,updated,updated,barcode: ok | content: changed: poster
00818426,updated,updated,barcode: ok | content: changed: poster
67873786,updated,updated,barcode: ok | content: changed: poster
85453306,updated,updated,barcode: ok | content: changed: poster
00752890,updated,updated,barcode: ok | content: changed: poster
97636090,updated,updated,barcode: ok | content: changed: poster
50399482,updated,updated,barcode: ok | content: changed: poster
19489274,updated,updated,barcode: ok | content: changed: poster
71543802,updated,updated,barcode: ok | content: changed: poster
06244090,updated,updated,barcode: ok | content: changed: poster
06899450,updated,updated,barcode: ok | content: changed: poster
18039802,updated,updated,barcode: ok | content: changed: poster
01824762,updated,updated,barcode: ok | content: changed: poster
00654586,updated,updated,barcode: ok | content: changed: poster
35257850,updated,updated,barcode: ok | content: changed: poster
29542394,updated,updated,barcode: ok | content: changed: poster
20366330,updated,updated,barcode: ok | content: changed: poster
82533882,updated,updated,barcode: ok | content: changed: poster
48367866,updated,updated,barcode: ok | content: changed: poster
07587578,updated,updated,barcode: ok | content: changed: poster
40033786,updated,updated,barcode: ok | content: changed: poster
01244410,updated,updated,barcode: ok | content: changed: poster
68561914,updated,updated,barcode: ok | content: changed: poster
00982266,updated,updated,barcode: ok | content: changed: poster
22471162,updated,updated,barcode: ok | content: changed: poster
83484154,updated,updated,barcode: ok | content: changed: poster
38534650,updated,updated,barcode: ok | content: changed: poster
16008186,updated,updated,barcode: ok | content: changed: poster
00050938,updated,updated,barcode: ok | content: changed: poster
