Handle,Title,Body (HTML),Vendor,Product Category,Type,Tags,Published,Option1 Name,Option1 Value,Option1 Linked To,Option2 Name,Option2 Value,Option2 Linked To,Option3 Name,Option3 Value,Option3 Linked To,Variant SKU,Variant Grams,Variant Inventory Tracker,Variant Inventory Qty,Variant Inventory Policy,Variant Fulfillment Service,Variant Price,Variant Compare At Price,Variant Requires Shipping,Variant Taxable,Unit Price Total Measure,Unit Price Total Measure Unit,Unit Price Base Measure,Unit Price Base Measure Unit,Variant Barcodes,Image Src,Image Position,Image Alt Text,Gift Card,SEO Title,SEO Description,Country (product.metafields.custom.country),Decade (product.metafields.custom.decade),Director (product.metafields.custom.director),Format (product.metafields.custom.format),Genres (product.metafields.custom.genres),Media condition (product.metafields.custom.media_condition),Runtime (min) (product.metafields.custom.runtime),Staff pick note (product.metafields.custom.staff_pick_note),Year (product.metafields.custom.year),Rental Availability (product.metafields.scf.avf),Color (product.metafields.shopify.color-pattern),Genre (product.metafields.shopify.genre),Language version (product.metafields.shopify.language-version),Media content type (product.metafields.shopify.media-content-type),MPAA rating (product.metafields.shopify.mpaa-rating),Neckline (product.metafields.shopify.neckline),Size (product.metafields.shopify.size),Sleeve length type (product.metafields.shopify.sleeve-length-type),Target audience (product.metafields.shopify.target-audience),Top length type (product.metafields.shopify.top-length-type),Complementary products (product.metafields.shopify--discovery--product_recommendation.complementary_products),Related products (product.metafields.shopify--discovery--product_recommendation.related_products),Related products settings (product.metafields.shopify--discovery--product_recommendation.related_products_display),Search product boosts (product.metafields.shopify--discovery--product_search_boost.queries),Variant Image,Variant Weight Unit,Variant Tax Code,Cost per item,Status
fist-fighter-laserdisc-floor-sale-action,Fist Fighter,,Laserdisc,Uncategorized,,"Action, Floor Sale",true,Genre,Action,,,,,,,,,0.0,shopify,1,deny,manual,16.00,,true,true,,,,,63612922,,,,false,,,,,,,,,,,,,,,,,,,,,,,,,,,,lb,,,active
how-to-make-an-american-quilt-laserdisc-floor-sale-drama,How to Make an American Quilt,,Laserdisc,,,"Drama, Floor Sale",true,Genre,Drama,,,,,,,,,0.0,shopify,1,deny,manual,11.00,,true,true,,,,,63547386,,,,false,,,,,,,,,,,,,,,,,,,,,,,,,,,,lb,,,active
the-emerald-forest-laserdisc-floor-sale-drama,The Emerald Forest,,Laserdisc,,,"Drama, Floor Sale",true,Genre,Drama,,,,,,,,,0.0,shopify,1,deny,manual,11.00,,true,true,,,,,63481850,,,,false,,,,,,,,,,,,,,,,,,,,,,,,,,,,lb,,,active
memphis-belle-laserdisc-floor-sale-drama,Memphis Belle,,Laserdisc,,,"Drama, Floor Sale",true,Genre,Drama,,,,,,,,,0.0,shopify,1,deny,manual,8.00,,true,true,,,,,63449082,,,,false,,,,,,,,,,,,,,,,,,,,,,,,,,,,lb,,,active
kindergarten-cop-laserdisc-floor-sale-kids-family,Kindergarten Cop,,Laserdisc,,,"Floor Sale, Kids & Family",true,Genre,Kids & Family,,,,,,,,,0.0,shopify,1,deny,manual,8.00,,true,true,,,,,63416314,,,,false,,,,,,,,,,,,,,,,,,,,,,,,,,,,lb,,,active
patriot-games-laserdisc-floor-sale-thriller,Patriot Games,,Laserdisc,,,"Floor Sale, Thriller",true,Genre,Thriller,,,,,,,,,0.0,shopify,1,deny,manual,14.00,,true,true,,,,,63383546,,,,false,,,,,,,,,,,,,,,,,,,,,,,,,,,,lb,,,active
under-siege-laserdisc-floor-sale-action,Under Siege,,Laserdisc,,,"Action, Floor Sale",true,Genre,Action,,,,,,,,,0.0,shopify,1,deny,manual,11.00,,true,true,,,,,60073978,,,,false,,,,,,,,,,,,,,,,,,,,,,,,,,,,lb,,,active
beyond-the-valley-of-the-dolls-laserdisc-floor-sale-drama,Beyond the Valley of the Dolls,,Laserdisc,,,"Drama, Floor Sale",true,Genre,Drama,,,,,,,,,0.0,shopify,1,deny,manual,18.00,,true,true,,,,,59811834,,,,false,,,,,,,,,,,,,,,,,,,,,,,,,,,,lb,,,active
casper-laserdisc-floor-sale-kids-family,Casper,,Laserdisc,,,"Floor Sale, Kids & Family",true,Genre,Kids & Family,,,,,,,,,0.0,shopify,1,deny,manual,11.00,,true,true,,,,,59582458,,,,false,,,,,,,,,,,,,,,,,,,,,,,,,,,,lb,,,active
airplane-laserdisc-floor-sale-comedy,Airplane,,Laserdisc,,,"Comedy, Floor Sale",true,Genre,Comedy,,,,,,,,,0.0,shopify,1,deny,manual,14.00,,true,true,,,,,58566650,,,,false,,,,,,,,,,,,,,,,,,,,,,,,,,,,lb,,,active
raiders-of-the-lost-ark-laserdisc-floor-sale-action,Raiders of the Lost Ark,,Laserdisc,,,"Action, Floor Sale",true,Genre,Action,,,,,,,,,0.0,shopify,1,deny,manual,14.00,,true,true,,,,,54405114,,,,false,,,,,,,,,,,,,,,,,,,,,,,,,,,,lb,,,active
reservoir-dogs-laserdisc-floor-sale-thriller,Reservoir Dogs,,Laserdisc,,,"Floor Sale, Thriller",true,Genre,Thriller,,,,,,,,,0.0,shopify,1,deny,manual,30.00,,true,true,,,,,53815290,,,,false,,,,,,,,,,,,,,,,,,,,,,,,,,,,lb,,,active
leon-the-professional-laserdisc-floor-sale-action,Leon The Professional,,Laserdisc,,,"Action, Floor Sale",true,Genre,Action,,,,,,,,,0.0,shopify,1,deny,manual,22.00,,true,true,,,,,53684218,,,,false,,,,,,,,,,,,,,,,,,,,,,,,,,,,lb,,,active
alien-ressurrection-laserdisc-floor-sale-sci-fi,Alien Ressurrection,,Laserdisc,,,"Floor Sale, Sci-Fi",true,Genre,Sci-Fi,,,,,,,,,0.0,shopify,1,deny,manual,15.00,,true,true,,,,,53618682,,,,false,,,,,,,,,,,,,,,,,,,,,,,,,,,,lb,,,active
star-trek-first-contact-laserdisc-floor-sale-sci-fi,Star Trek First Contact,,Laserdisc,,,"Floor Sale, Sci-Fi",true,Genre,Sci-Fi,,,,,,,,,0.0,shopify,1,deny,manual,13.00,,true,true,,,,,53585914,,,,false,,,,,,,,,,,,,,,,,,,,,,,,,,,,lb,,,active
amongst-friends-laserdisc-floor-sale-thriller,Amongst Friends,,Laserdisc,,,"Floor Sale, Thriller",true,Genre,Thriller,,,,,,,,,0.0,shopify,1,deny,manual,14.00,,true,true,,,,,53520378,,,,false,,,,,,,,,,,,,,,,,,,,,,,,,,,,lb,,,active
lethal-weapon-4-laserdisc-floor-sale-action,Lethal Weapon 4,,Laserdisc,,,"Action, Floor Sale",true,Genre,Action,,,,,,,,,0.0,shopify,1,deny,manual,14.00,,true,true,,,,,53487610,,,,false,,,,,,,,,,,,,,,,,,,,,,,,,,,,lb,,,active
firefox-laserdisc-floor-sale-action,Firefox,,Laserdisc,,,"Action, Floor Sale",true,Genre,Action,,,,,,,,,0.0,shopify,1,deny,manual,11.00,,true,true,,,,,53454842,,,,false,,,,,,,,,,,,,,,,,,,,,,,,,,,,lb,,,active
where-eagles-dare-laserdisc-floor-sale-drama,Where Eagles Dare,,Laserdisc,,,"Drama, Floor Sale",true,Genre,Drama,,,,,,,,,0.0,shopify,1,deny,manual,15.00,,true,true,,,,,48736250,,,,false,,,,,,,,,,,,,,,,,,,,,,,,,,,,lb,,,active
dumb-and-dumber-laserdisc-floor-sale-comedy,Dumb and Dumber,,Laserdisc,,,"Comedy, Floor Sale",true,Genre,Comedy,,,,,,,,,0.0,shopify,1,deny,manual,11.00,,true,true,,,,,47818746,,,,false,,,,,,,,,,,,,,,,,,,,,,,,,,,,lb,,,active
cutting-edge-laserdisc-floor-sale-romantic-comedy,Cutting Edge,,Laserdisc,,,"Floor Sale, Romantic Comedy",true,Genre,Romantic Comedy,,,,,,,,,0.0,shopify,1,deny,manual,12.00,,true,true,,,,,47785978,,,,false,,,,,,,,,,,,,,,,,,,,,,,,,,,,lb,,,active
untamed-heart-laserdisc-floor-sale-romantic-comedy,Untamed Heart,,Laserdisc,,,"Floor Sale, Romantic Comedy",true,Genre,Romantic Comedy,,,,,,,,,0.0,shopify,1,deny,manual,10.00,,true,true,,,,,47753210,,,,false,,,,,,,,,,,,,,,,,,,,,,,,,,,,lb,,,active
the-adventures-of-rocky-and-bullwinkle-laserdisc-floor-sale-kids-family,The Adventures of Rocky and Bullwinkle,,Laserdisc,,,"Floor Sale, Kids & Family",true,Genre,Kids & Family,,,,,,,,,0.0,shopify,1,deny,manual,8.00,,true,true,,,,,47720442,,,,false,,,,,,,,,,,,,,,,,,,,,,,,,,,,lb,,,active
romancing-the-stone-laserdisc-floor-sale-romantic-comedy,Romancing the Stone,,Laserdisc,,,"Floor Sale, Romantic Comedy",true,Genre,Romantic Comedy,,,,,,,,,0.0,shopify,1,deny,manual,12.00,,true,true,,,,,47687674,,,,false,,,,,,,,,,,,,,,,,,,,,,,,,,,,lb,,,active
force-10-from-navarone-laserdisc-floor-sale-action,Force 10 From Navarone,,Laserdisc,,,"Action, Floor Sale",true,Genre,Action,,,,,,,,,0.0,shopify,1,deny,manual,13.00,,true,true,,,,,47654906,,,,false,,,,,,,,,,,,,,,,,,,,,,,,,,,,lb,,,active
sliding-doors-laserdisc-floor-sale-drama,Sliding Doors,,Laserdisc,,,"Drama, Floor Sale",true,Genre,Drama,,,,,,,,,0.0,shopify,1,deny,manual,10.00,,true,true,,,,,47622138,,,,false,,,,,,,,,,,,,,,,,,,,,,,,,,,,lb,,,active
indio-laserdisc-floor-sale-action,Indio,,Laserdisc,,,"Action, Floor Sale",true,Genre,Action,,,,,,,,,0.0,shopify,1,deny,manual,18.00,,true,true,,,,,47589370,,,,false,,,,,,,,,,,,,,,,,,,,,,,,,,,,lb,,,active
high-road-to-china-laserdisc-floor-sale-action,High Road to China,,Laserdisc,,,"Action, Floor Sale",true,Genre,Action,,,,,,,,,0.0,shopify,1,deny,manual,13.00,,true,true,,,,,47556602,,,,false,,,,,,,,,,,,,,,,,,,,,,,,,,,,lb,,,active
under-siege-2-laserdisc-floor-sale-action,Under Siege 2,,Laserdisc,,,"Action, Floor Sale",true,Genre,Action,,,,,,,,,0.0,shopify,1,deny,manual,9.00,,true,true,,,,,47491066,,,,false,,,,,,,,,,,,,,,,,,,,,,,,,,,,lb,,,active
quigley-down-under-laserdisc-floor-sale-action,Quigley Down Under,,Laserdisc,,,"Action, Floor Sale",true,Genre,Action,,,,,,,,,0.0,shopify,1,deny,manual,14.00,,true,true,,,,,47458298,,,,false,,,,,,,,,,,,,,,,,,,,,,,,,,,,lb,,,active
the-long-kiss-goodnight-laserdisc-floor-sale-thriller,The Long Kiss Goodnight,,Laserdisc,,,"Floor Sale, Thriller",true,Genre,Thriller,,,,,,,,,0.0,shopify,1,deny,manual,14.00,,true,true,,,,,47425530,,,,false,,,,,,,,,,,,,,,,,,,,,,,,,,,,lb,,,active
the-naked-gun-2-1-2-laserdisc-floor-sale-comedy,The Naked Gun 2 1/2,,Laserdisc,,,"Comedy, Floor Sale",true,Genre,Comedy,,,,,,,,,0.0,shopify,1,deny,manual,9.00,,true,true,,,,,47392762,,,,false,,,,,,,,,,,,,,,,,,,,,,,,,,,,lb,,,active
malcolm-x-laserdisc-floor-sale-drama,Malcolm X,,Laserdisc,,,"Drama, Floor Sale",true,Genre,Drama,,,,,,,,,0.0,shopify,1,deny,manual,14.00,,true,true,,,,,47359994,,,,false,,,,,,,,,,,,,,,,,,,,,,,,,,,,lb,,,active
falling-down-limited-edition-blu-ray-4k-ultra-hd-4k-floor-sale-action,Falling Down (Limited Edition) [Blu-ray] [4K Ultra HD],,4K,Media > Videos,,"4K, Action, Floor Sale, Formatted",true,Genre,Action,,,,,,,,,0.0,shopify,1,deny,manual,45.00,,false,false,,,,,40480250,,,,false,,,,,,,,,,,,,,action,,,,,,,,,,,,,,lb,,,active
tcm-sci-fi-collection-dvd-rental-sci-fi,TCM Sci-Fi Collection,,DVD,Media > Videos,,"DVD, Formatted, Rental, Sci-Fi",true,Genre,Sci-Fi,,,,,,,,,0.0,shopify,1,deny,manual,0.00,,false,false,,,,,50754042,,,,false,,,,,,,,,,,,,,sci-fi,,,,,,,,,,,,,,lb,,,active
snowboat-academy-vhs-rental-comedy,Snowboat Academy,,VHS,Media > Videos,,"Comedy, Formatted, Rental, VHS",true,Genre,Comedy,,,,,,,,,0.0,shopify,1,deny,manual,0.00,,false,false,,,,,52765434,,,,false,,,,,,,,,,,,,,comedy,,,,,,,,,,,,,,lb,,,active
the-spider-and-the-fly-vhs-floor-sale-drama,The Spider and the Fly,<p></p>,VHS,,,"Drama, Floor Sale",true,Genre,Drama,,,,,,,,,0.0,shopify,1,deny,manual,7.00,,true,true,,,,,84985338,,,,false,,,,,,,,,,,,,,,,,,,,,,,,,,,,lb,,,active
camoulage-vhs-floor-sale-comedy,Camoulage,<p></p>,VHS,Media > Videos,,"Comedy, Floor Sale, Formatted, VHS",true,Genre,Comedy,,,,,,,,,0.0,shopify,1,deny,manual,6.00,,false,false,,,,,84919802,,,,false,,,,,,,,,,,,,,comedy,,,,,,,,,,,,,,lb,,,active
bangkock-dangerous-dvd-rental-action,Bangkock Dangerous,"<p>Bangkok Dangerous is a 2008 action thriller starring Nicolas Cage as a professional assassin who takes on one last job in Bangkok, training a local protégé while breaking his own rule against personal attachments.</p>",DVD,Media > Videos,,"Action, DVD, Formatted, Rental",true,Genre,Action,,,,,,,,,0.0,shopify,1,deny,manual,0.00,,false,false,,,,,52486650,,,,false,,,,,,,,,,,,,,action,,,,,,,,,,,,,,lb,,,active
the-moment-cultcave-vhs-floor-sale-musical,The Moment (Cult Cave),,VHS,Media > Videos,,"Floor Sale, Formatted, Musical, VHS",true,Genre,Musical,,,,,,,,,0.0,shopify,1,deny,manual,36.00,,false,false,,,,,50545402,,,,false,,,,,,,,,,,,,,musical,,,,,,,,,,,,,,lb,,,active
backrooms-cultcave-vhs-floor-sale-horror,Backrooms (Cult Cave),"<p>Backrooms is a 2026 science fiction psychological horror film directed by Kane Parsons, based on his web series inspired by the ""Backrooms"" creepypasta, in which a furniture store owner and his therapist discover a strange, endless liminal space hidden within reality.</p>",VHS,Media > Videos,,"Floor Sale, Formatted, Horror, VHS",true,Genre,Horror,,,,,,,,,0.0,shopify,1,deny,manual,36.00,,false,false,,,,,50414330,,,,false,,,,,,,,,,,,,,horror,,,,,,,,,,,,,,lb,,,active
cherish-vhs-floor-sale,Cherish,<p></p>,VHS,,,Floor Sale,true,Genre,Comedy,,,,,,,,,0.0,shopify,0,deny,manual,10.00,,true,true,,,,,,https://cdn.shopify.com/s/files/1/0826/6363/7242/files/hTNAKGnqi8v4FRPEjm9Wl5S5yMz.jpg?v=1788381247,1,Cherish (2002) poster,false,,,,,,,,,,,,,,,,,,,,,,,,,,,,lb,,,active
misled-screener-vhs-floor-sale-thriller,Misled - Screener,<p></p>,VHS,Media > Videos,,"Floor Sale, Formatted, Thriller, VHS",true,Genre,Thriller,,,,,,,,,0.0,shopify,1,deny,manual,14.00,,false,false,,,,,04684282,,,,false,,,,,,,,,,,,,,thriller,,,,,,,,,,,,,,lb,,,active
scared-cargo-vhs-floor-sale-thriller,Scared Cargo,<p></p>,VHS,Media > Videos,,"Floor Sale, Formatted, Thriller, VHS",true,Genre,Thriller,,,,,,,,,0.0,shopify,1,deny,manual,5.00,,false,false,,,,,03832314,,,,false,,,,,,,,,,,,,,thriller,,,,,,,,,,,,,,lb,,,active
walt-disney-mini-classics-commemorative-edition-vhs-floor-sale-kids-family,Walt Disney Mini Classics: Commemorative Edition,<p></p>,VHS,Media > Videos,,"Floor Sale, Formatted, Kids & Family, VHS",true,Genre,Kids & Family,,,,,,,,,0.0,shopify,1,deny,manual,7.00,,false,false,,,,,03471866,,,,false,,,,,,,,,,,,,,kids-family,,,,,,,,,,,,,,lb,,,active
lightnight-incident-vhs-rental-thriller,Lightnight incident,<p></p>,VHS,Media > Videos,,"Formatted, Rental, Thriller, VHS",true,Genre,Thriller,,,,,,,,,0.0,shopify,1,deny,manual,0.00,,false,false,,,,,29253882,,,,false,,,,,,,,,,,,,,thriller,,,,,,,,,,,,,,lb,,,active
lightnight-incident-vhs-floor-sale-thriller,Lightnight Incident,<p></p>,VHS,Media > Videos,,"Floor Sale, Formatted, Thriller, VHS",true,Genre,Thriller,,,,,,,,,0.0,shopify,1,deny,manual,5.00,,false,false,,,,,58959610,,,,false,,,,,,,,,,,,,,thriller,,,,,,,,,,,,,,lb,,,active
salems-lot-limited-edition-4k-ultra-hd-4k-floor-sale-horror,Salem's Lot [Limited Edition] [4K Ultra HD],,4K,Media > Videos,,"4K, Floor Sale, Formatted, Horror",true,Genre,Horror,,,,,,,,,0.0,shopify,1,deny,manual,55.00,,false,false,,,,,93254906,,,,false,,,,,,,,,,,,,,horror,,,,,,,,,,,,,,lb,,,active
giallo-essentials-yellow-edition-standard-edition-blu-ray-bluray-floor-sale-horror,Giallo Essentials [Yellow Edition] Standard Edition [Blu-ray],,Blu-Ray,Media > Videos,,"Blu-Ray, Floor Sale, Formatted, Horror",true,Genre,Horror,,,,,,,,,0.0,shopify,1,deny,manual,98.00,,false,false,,,,,91354362,,,,false,,,,,,,,,,,,,,horror,,,,,,,,,,,,,,lb,,,active
jackie-chans-breakout-hits-limited-edition-4k-ultra-hd-4k-floor-sale-action,Jackie Chan's Breakout Hits [Limited Edition] [4K Ultra HD],"<p>This collection gathers early breakout films starring martial artist and actor Jackie Chan, showcasing the acrobatic fight choreography and physical comedy that made him a global action star.</p>",4K,Media > Videos,,"4K, Action, Floor Sale, Formatted",true,Genre,Action,,,,,,,,,0.0,shopify,1,deny,manual,218.00,,false,false,,,,,91059450,,,,false,,,,,,,,,,,,,,action,,,,,,,,,,,,,,lb,,,active
mom-can-i-keep-him-vhs-rental-kids-family,"Mom, Can I Keep Him?",<p></p>,VHS,Media > Videos,,"Formatted, Kids & Family, Rental, VHS",true,Genre,Kids & Family,,,,,,,,,0.0,shopify,1,deny,manual,0.00,,false,false,,,,,69408762,,,,false,,,,,,,,,,,,,,kids-family,,,,,,,,,,,,,,lb,,,active
space-rangers-chronicles-2-vhs-rental-sci-fi,Space Rangers Chronicles 2,<p></p>,VHS,Media > Videos,,"Formatted, Rental, Sci-Fi, VHS",true,Genre,Sci-Fi,,,,,,,,,0.0,shopify,1,deny,manual,0.00,,false,false,,,,,55444730,,,,false,,,,,,,,,,,,,,sci-fi,,,,,,,,,,,,,,lb,,,active
leviathan-promotional-cassette-vhs-floor-sale-comedy,Leviathan Promotional Cassette,<p>10</p>,VHS,Media > Videos,,"Comedy, Floor Sale, Formatted, VHS",true,Genre,Comedy,,,,,,,,,0.0,shopify,1,deny,manual,10.00,,false,false,,,,,60007674,,,,false,,,,,,,,,,,,,,comedy,,,,,,,,,,,,,,lb,,,active
beauty-shop-leagally-blonde-dvd-rental-comedy,Beauty Shop / Leagally Blonde,"<p>Beauty Shop (2005) starring Queen Latifah and Legally Blonde (2001) starring Reese Witherspoon, packaged together as a two-movie DVD.</p>",DVD,Media > Videos,,"Comedy, DVD, Formatted, Rental",true,Genre,Comedy,,,,,,,,,0.0,shopify,1,deny,manual,0.00,,false,false,,,,,03782906,,,,false,,,,,,,,,,,,,,comedy,,,,,,,,,,,,,,lb,,,active
the-three-muskateers-dvd-rental-action,The Three Muskateers,<p>the three musketeers</p>,DVD,Media > Videos,,"Action, DVD, Formatted, Rental",true,Genre,Action,,,,,,,,,0.0,shopify,1,deny,manual,0.00,,false,false,,,,,02701562,,,,false,,,,,,,,,,,,,,action,,,,,,,,,,,,,,lb,,,active
resident-evil-collection-dvd-7,Resident Evil Collection,,DVD,Media > Videos,,"Action, DVD, Floor Sale, Formatted",true,Genre,Action,,,,,,,,,0.0,shopify,1,deny,manual,7.00,,false,false,,,,,42203898,,,,false,,,,,,,,,,,,,,action,,,,,,,,,,,,,,lb,,,active
miramax-movies-dvd-floor-sale-drama,Miramax Movies,,DVD,Media > Videos,,"Drama, DVD, Floor Sale, Formatted",true,Genre,Drama,,,,,,,,,0.0,shopify,1,deny,manual,5.00,,false,false,,,,,41974522,,,,false,,,,,,,,,,,,,,drama,,,,,,,,,,,,,,lb,,,active
star-wars-i-ii-iii-bluray-16,"Star Wars: I, II, III","<p>Star Wars: The Prequel Trilogy -- Episode I: The Phantom Menace, Episode II: Attack of the Clones, and Episode III: Revenge of the Sith.</p>",Blu-Ray,Media > Videos,,"Blu-Ray, Floor Sale, Formatted, Sci-Fi",true,Genre,Sci-Fi,,,,,,,,,0.0,shopify,1,deny,manual,16.00,,false,false,,,,,41614074,,,,false,,,,,,,,,,,,,,sci-fi,,,,,,,,,,,,,,lb,,,active
15-classic-movies-dvd-rental-drama,15 Classic Movies,,DVD,Media > Videos,,"Drama, DVD, Formatted, Rental",true,Genre,Drama,,,,,,,,,0.0,shopify,1,deny,manual,0.00,,false,false,,,,,34088954,,,,false,,,,,,,,,,,,,,drama,,,,,,,,,,,,,,lb,,,active
get-hard-central-intelligence-dvd-rental-comedy,Get Hard / Central Intelligence,"<p>A double feature pairing two comedies: Get Hard (2015) starring Will Ferrell and Kevin Hart, and Central Intelligence (2016) starring Dwayne Johnson and Kevin Hart.</p>",DVD,Media > Videos,,"Comedy, DVD, Formatted, Rental",true,Genre,Comedy,,,,,,,,,0.0,shopify,1,deny,manual,0.00,,false,false,,,,,43033082,,,,false,,,,,,,,,,,,,,comedy,,,,,,,,,,,,,,lb,,,active
masters-of-terror-8-horror-films-dvd-rental-horror,Masters of Terror: 8 Horror Films,"<p>The 8-Film Masters of Terror Collection, a horror movie multi-pack.</p>",DVD,Media > Videos,,"DVD, Formatted, Horror, Rental",true,Genre,Horror,,,,,,,,,0.0,shopify,1,deny,manual,0.00,,false,false,,,,,42410490,,,,false,,,,,,,,,,,,,,horror,,,,,,,,,,,,,,lb,,,active
american-horror-stories-12-movie-collection-dvd-rental-horror,American Horror Stories 12 Movie Collection,"<p>American Horror Stories, a 12-movie horror collection.</p>",DVD,Media > Videos,,"DVD, Formatted, Horror, Rental",true,Genre,Horror,,,,,,,,,0.0,shopify,1,deny,manual,0.00,,false,false,,,,,42115578,,,,false,,,,,,,,,,,,,,horror,,,,,,,,,,,,,,lb,,,active
3-movie-collection-think-like-a-man-think-like-a-man-too-about-last-night-dvd-rental-romantic-comedy,"3 Movie Collection: Think Like a Man, Think Like a Man Too, About Last Night","<p>A 3-movie collection: About Last Night (2014), Think Like a Man (2012), and Think Like a Man Too (2014).</p>",DVD,Media > Videos,,"DVD, Formatted, Rental, Romantic Comedy",true,Genre,Romantic Comedy,,,,,,,,,0.0,shopify,1,deny,manual,0.00,,false,false,,,,,65283578,,,,false,,,,,,,,,,,,,,romantic-comedy,,,,,,,,,,,,,,lb,,,active
mark-wahlberg-rockstar-perfect-storm-three-kings-corrupter-dvd-rental-action,"Mark Wahlberg: Rockstar, Perfect Storm, Three Kings, Corrupter","<p>4 Film Favorites: Mark Wahlberg -- The Perfect Storm, Three Kings, Rock Star, and The Corruptor.</p>",DVD,Media > Videos,,"Action, DVD, Formatted, Rental",true,Genre,Action,,,,,,,,,0.0,shopify,1,deny,manual,0.00,,false,false,,,,,29990906,,,,false,,,,,,,,,,,,,,action,,,,,,,,,,,,,,lb,,,active
missing-in-action-triple-feature-dvd-rental-action,Missing in Action Triple Feature,"<p>Chuck Norris Triple Feature: Missing in Action, Missing in Action 2: The Beginning, and Braddock: Missing in Action III.</p>",DVD,Media > Videos,,"Action, DVD, Formatted, Rental",true,Genre,Action,,,,,,,,,0.0,shopify,1,deny,manual,0.00,,false,false,,,,,29794298,,,,false,,,,,,,,,,,,,,action,,,,,,,,,,,,,,lb,,,active
action-4-movie-series-contraband-savages-traffic-miami-vice-dvd-6,"Action 4-Movie Series: Contraband, Savages, Traffic, Miami Vice","<p>A 4-movie action collection: Contraband, Savages, Traffic, and Miami Vice.</p>",DVD,Media > Videos,,"Action, DVD, Floor Sale, Formatted",true,Genre,Action,,,,,,,,,0.0,shopify,1,deny,manual,6.00,,false,false,,,,,89743866,,,,false,,,,,,,,,,,,,,action,,,,,,,,,,,,,,lb,,,active
laugh-out-loud-pineapple-express-the-interview-the-night-before-this-is-the-end-dvd-6,"Laugh Out Loud: Pineapple Express, The Interview, The Night Before, This is the End","<p>A comedy collection: Pineapple Express, The Interview, The Night Before, and This Is the End.</p>",DVD,Media > Videos,,"Comedy, DVD, Floor Sale, Formatted",true,Genre,Comedy,,,,,,,,,0.0,shopify,1,deny,manual,6.00,,false,false,,,,,89711098,,,,false,,,,,,,,,,,,,,comedy,,,,,,,,,,,,,,lb,,,active
8-movie-monster-pack-dvd-5,8 Movie Monster Pack,<p>An 8-movie monster/sci-fi horror collection DVD pack.</p>,DVD,Media > Videos,,"DVD, Floor Sale, Formatted, Sci-Fi",true,Genre,Sci-Fi,,,,,,,,,0.0,shopify,1,deny,manual,5.00,,false,false,,,,,89678330,,,,false,,,,,,,,,,,,,,sci-fi,,,,,,,,,,,,,,lb,,,active
double-feature-the-land-before-time-6-7-dvd-rental-kids-family,Double Feature: The Land Before Time 6&7,<p>A double feature pairing The Land Before Time VI: The Secret of Saurus Rock and The Land Before Time VII: The Stone of Cold Fire.</p>,DVD,Media > Videos,,"DVD, Formatted, Kids & Family, Rental",true,Genre,Kids & Family,,,,,,,,,0.0,shopify,1,deny,manual,0.00,,false,false,,,,,85748218,,,,false,,,,,,,,,,,,,,kids-family,,,,,,,,,,,,,,lb,,,active
against-the-ropes-contrecoups-dvd-rental-drama,Against the Ropes: Contrecoups,,DVD,Media > Videos,,"Drama, DVD, Formatted, Rental",true,Genre,Drama,,,,,,,,,0.0,shopify,1,deny,manual,0.00,,false,false,,,,,98711802,,,,false,,,,,,,,,,,,,,drama,,,,,,,,,,,,,,lb,,,active
the-shadow-collection-8-movies-dvd-rental-horror,The Shadow Collection: 8 Movies,"<p>The Shadows Collection: 8 Films, a horror movie multi-pack.</p>",DVD,Media > Videos,,"DVD, Formatted, Horror, Rental",true,Genre,Horror,,,,,,,,,0.0,shopify,1,deny,manual,0.00,,false,false,,,,,06929402,,,,false,,,,,,,,,,,,,,horror,,,,,,,,,,,,,,lb,,,active
max-magician-and-the-legen-of-the-ring-dvd-rental-fantasy,Max Magician and the Legen of the Ring,,DVD,Media > Videos,,"DVD, Fantasy, Formatted, Rental",true,Genre,Fantasy,,,,,,,,,0.0,shopify,1,deny,manual,0.00,,false,false,,,,,72249082,,,,false,,,,,,,,,,,,,,fantasy,,,,,,,,,,,,,,lb,,,active
the-bourne-trilogy-dvd-rental-action,The Bourne Trilogy,"<p>The Bourne Trilogy collects the espionage action films The Bourne Identity (2002), The Bourne Supremacy (2004), and The Bourne Ultimatum (2007), starring Matt Damon as amnesiac CIA assassin Jason Bourne.</p>",DVD,Media > Videos,,"Action, DVD, Formatted, Rental",true,Genre,Action,,,,,,,,,0.0,shopify,1,deny,manual,0.00,,false,false,,,,,83696378,,,,false,,,,,,,,,,,,,,action,,,,,,,,,,,,,,lb,,,active
star-wars-trilogy-iv-v-vi-dvd-rental-sci-fi,"Star Wars Trilogy: IV, V, VI",,DVD,Media > Videos,,"DVD, Formatted, Rental, Sci-Fi",true,Genre,Sci-Fi,,,,,,,,,0.0,shopify,1,deny,manual,0.00,,false,false,,,,,83335930,,,,false,,,,,,,,,,,,,,sci-fi,,,,,,,,,,,,,,lb,,,active
star-wars-trilogy-bonus-meterial-dvd-floor-sale-documentary,Star Wars Trilogy: Bonus Meterial,,DVD,Media > Videos,,"Documentary, DVD, Floor Sale, Formatted",true,Genre,Documentary,,,,,,,,,0.0,shopify,1,deny,manual,3.00,,false,false,,,,,44156922,,,,false,,,,,,,,,,,,,,documentary,,,,,,,,,,,,,,lb,,,active
fast-furious-9-movie-collection-dvd-11,Fast & Furious 9 Movie Collection,<p>A 9-movie collection spanning the Fast &amp; Furious street-racing and heist action franchise.</p>,DVD,Media > Videos,,"Action, DVD, Floor Sale, Formatted",true,Genre,Action,,,,,,,,,0.0,shopify,1,deny,manual,11.00,,false,false,,,,,84282362,,,,false,,,,,,,,,,,,,,action,,,,,,,,,,,,,,lb,,,active
sharks-flipper-lopaka-dvd-floor-sale-kids-family,Sharks Flipper & Lopaka,,DVD,Media > Videos,,"DVD, Floor Sale, Formatted, Kids & Family",true,Genre,Kids & Family,,,,,,,,,0.0,shopify,1,deny,manual,4.00,,false,false,,,,,21687546,,,,false,,,,,,,,,,,,,,kids-family,,,,,,,,,,,,,,lb,,,active
caged-in-triple-feature-dvd-rental-action,Cage'd In: Triple Feature,,DVD,Media > Videos,,"Action, DVD, Formatted, Rental",true,Genre,Action,,,,,,,,,0.0,shopify,1,deny,manual,0.00,,false,false,,,,,19763194,,,,false,,,,,,,,,,,,,,action,,,,,,,,,,,,,,lb,,,active
warner-bros-animation-collection-dvd-rental-kids-family,Warner Bros. Animation Collection,,DVD,Media > Videos,,"DVD, Formatted, Kids & Family, Rental",true,Genre,Kids & Family,,,,,,,,,0.0,shopify,1,deny,manual,0.00,,false,false,,,,,19271674,,,,false,,,,,,,,,,,,,,kids-family,,,,,,,,,,,,,,lb,,,active
the-seeker-dvd-rental-kids-family,The Seeker,<p>The Seeker: The Dark Is Rising</p>,DVD,Media > Videos,,"DVD, Formatted, Kids & Family, Rental",true,Genre,Kids & Family,,,,,,,,,0.0,shopify,1,deny,manual,0.00,,false,false,,,,,19107834,,,,false,,,,,,,,,,,,,,kids-family,,,,,,,,,,,,,,lb,,,active
monster-hunter-dvd-rental-sci-fi,Monster Hunter,,DVD,Media > Videos,,"DVD, Formatted, Rental, Sci-Fi",true,Genre,Sci-Fi,,,,,,,,,0.0,shopify,1,deny,manual,0.00,,true,true,,,,,17731578,https://cdn.shopify.com/s/files/1/0826/6363/7242/files/wake6VtOfQxH8guTeW8ezQopj8h.jpg?v=1788379949,1,Monster Hunter (2019) poster,false,,,,,,,,,,,,,,sci-fi,,,,,,,,,,,,,,lb,,,active
my-bloody-valentine-april-fools-day-dvd-rental-horror,"My Bloody Valentine, April Fool's Day","<p>A double feature DVD pairing My Bloody Valentine (1981) and April Fool's Day (1986), two classic slasher horror films.</p>",DVD,Media > Videos,,"DVD, Formatted, Horror, Rental",true,Genre,Horror,,,,,,,,,0.0,shopify,1,deny,manual,0.00,,false,false,,,,,17207290,,,,false,,,,,,,,,,,,,,horror,,,,,,,,,,,,,,lb,,,active
was-the-dog-vhs-rental-comedy,Was The Dog,<p>WAG THE DOG</p>,VHS,Media > Videos,,"Comedy, Formatted, Rental, VHS",true,Genre,Comedy,,,,,,,,,0.0,shopify,1,deny,manual,0.00,,false,false,,,,,07303418,,,,false,,,,,,,,,,,,,,comedy,,,,,,,,,,,,,,lb,,,active
the-cat-in-the-hat-sing-along-vhs-rental-kids-family,The Cat In The Hat Sing-Along,,VHS,Media > Videos,,"Formatted, Kids & Family, Rental, VHS",true,Genre,Kids & Family,,,,,,,,,0.0,shopify,1,deny,manual,0.00,,false,false,,,,,10703354,,,,false,,,,,,,,,,,,,,kids-family,,,,,,,,,,,,,,lb,,,active
miami-vice-ii-vhs-rental-action,Miami Vice II,,VHS,Media > Videos,,"Action, Formatted, Rental, VHS",true,Genre,Action,,,,,,,,,0.0,shopify,1,deny,manual,0.00,,false,false,,,,,10342906,,,,false,,,,,,,,,,,,,,action,,,,,,,,,,,,,,lb,,,active
the-rules-of-the-game-dvd-rental-comedy,The Rules of the Game,<p>A groom preparing for his Stag Night in a beautiful country house tells us a story of an engagement gone horribly wrong.</p>,DVD,Media > Videos,,"Comedy, DVD, Formatted, Rental",true,Genre,Comedy,,,,,,,,,0.0,shopify,1,deny,manual,0.00,,false,false,,,,,20689658,,,,false,,,,,,,,,,,,,,comedy,,,,,,,,,,,,,,lb,,,active
dracula-sucks-dvd-rental-horror,Dracula Sucks,,DVD,Media > Videos,,"DVD, Formatted, Horror, Rental",true,Genre,Horror,,,,,,,,,0.0,shopify,1,deny,manual,0.00,,false,false,,,,,20624122,,,,false,,,,,,,,,,,,,,horror,,,,,,,,,,,,,,lb,,,active
kino-film-noir-dvd-rental-thriller,KINO Film Noir,,DVD,Media > Videos,,"DVD, Formatted, Rental, Thriller",true,Genre,Thriller,,,,,,,,,0.0,shopify,1,deny,manual,0.00,,false,false,,,,,20263674,,,,false,,,,,,,,,,,,,,thriller,,,,,,,,,,,,,,lb,,,active
horror-classics-nightmare-castle-dr-jeckyll-mr-hyde-vhs-floor-sale-horror,"Horror Classics: Nightmare Castle, Dr. Jeckyll & Mr. Hyde",,VHS,Media > Videos,,"Floor Sale, Formatted, Horror, VHS",true,Genre,Horror,,,,,,,,,0.0,shopify,1,deny,manual,10.00,,false,false,,,,,06520314,,,,false,,,,,,,,,,,,,,horror,,,,,,,,,,,,,,lb,,,active
paul-mccartney-back-in-the-us-concert-film-dvd-rental-musical,Paul McCartney | Back in the US Concert Film,<p>Paul McCartney: Back in the U.S. is a live concert film documenting Paul McCartney's 2002 US tour.</p>,DVD,Media > Videos,,"DVD, Formatted, Musical, Rental",true,Genre,Musical,,,,,,,,,0.0,shopify,1,deny,manual,0.00,,false,false,,,,,42163962,,,,false,,,,,,,,,,,,,,musical,,,,,,,,,,,,,,lb,,,active
incubus-volume-2-dvd-rental-musical,Incubus | Volume 2,,DVD,Media > Videos,,"DVD, Formatted, Musical, Rental",true,Genre,Musical,,,,,,,,,0.0,shopify,1,deny,manual,0.00,,false,false,,,,,42032890,,,,false,,,,,,,,,,,,,,musical,,,,,,,,,,,,,,lb,,,active
portaits-of-a-killer-vhs-floor-sale-thriller,Portaits of a Killer,,VHS,Media > Videos,,"Floor Sale, Formatted, Thriller, VHS",true,Genre,Thriller,,,,,,,,,0.0,shopify,1,deny,manual,5.00,,false,false,,,,,49948922,,,,false,,,,,,,,,,,,,,thriller,,,,,,,,,,,,,,lb,,,active
pico-de-gallo-vhs-floor-sale-comedy,Pico de Gallo,,VHS,Media > Videos,,"Comedy, Floor Sale, Formatted, VHS",true,Genre,Comedy,,,,,,,,,0.0,shopify,1,deny,manual,8.00,,false,false,,,,,49588474,,,,false,,,,,,,,,,,,,,comedy,,,,,,,,,,,,,,lb,,,active
courage-and-fire-vhs-floor-sale-drama,Courage and Fire,,VHS,Media > Videos,,"Drama, Floor Sale, Formatted, VHS",true,Genre,Drama,,,,,,,,,0.0,shopify,1,deny,manual,5.00,,false,false,,,,,98273786,,,,false,,,,,,,,,,,,,,drama,,,,,,,,,,,,,,lb,,,active
stephen-kings-nightshift-collection-vhs-floor-sale-horror,Stephen King's Nightshift Collection,,VHS,Media > Videos,,"Floor Sale, Formatted, Horror, VHS",true,Genre,Horror,,,,,,,,,0.0,shopify,1,deny,manual,14.00,,false,false,,,,,39225850,,,,false,,,,,,,,,,,,,,horror,,,,,,,,,,,,,,lb,,,active
in-the-army-vhs-floor-sale-comedy,In the Army,"<p>While enjoying a glorious summer’s day at the beach, Pat and Patachon meet the beautiful Mona, whom they both fall in love with. However, they’re soon given something else to think about when they’re drafted into the armed forces and sent to a cantonment. The two friends struggle to find their place among the other soldiers, and they get into all sorts of escapades. One day, fate lends a helping hand when the company take up residence on a farm in North Zealand, where the two friends discover, to their delight, that this is where Mona lives. (stumfilm.dk)</p>",VHS,Media > Videos,,"Comedy, Floor Sale, Formatted, VHS",true,Genre,Comedy,,,,,,,,,0.0,shopify,1,deny,manual,4.00,,false,false,,,,,38308346,,,,false,,,,,,,,,,,,,,comedy,,,,,,,,,,,,,,lb,,,active
a-house-on-the-hills-vhs-floor-sale-thriller,A House on the Hills,,VHS,Media > Videos,,"Floor Sale, Formatted, Thriller, VHS",true,Genre,Thriller,,,,,,,,,0.0,shopify,1,deny,manual,6.00,,false,false,,,,,26009594,,,,false,,,,,,,,,,,,,,thriller,,,,,,,,,,,,,,lb,,,active
mututal-needs-vhs-floor-sale-thriller,Mututal Needs,,VHS,Media > Videos,,"Floor Sale, Formatted, Thriller, VHS",true,Genre,Thriller,,,,,,,,,0.0,shopify,1,deny,manual,5.00,,false,false,,,,,84920570,,,,false,,,,,,,,,,,,,,thriller,,,,,,,,,,,,,,lb,,,active
wild-america-fantastic-follies-vhs-floor-sale-kids-family,Wild America: Fantastic Follies,,VHS,Media > Videos,,"Floor Sale, Formatted, Kids & Family, VHS",true,Genre,Kids & Family,,,,,,,,,0.0,shopify,1,deny,manual,5.00,,false,false,,,,,29084922,,,,false,,,,,,,,,,,,,,kids-family,,,,,,,,,,,,,,lb,,,active
the-mummy-collectors-set-dvd-floor-sale-action,The Mummy Collector's Set,"<p>The Mummy Collector's Set gathers The Mummy (1999), The Mummy Returns (2001), and The Scorpion King (2002), the adventure-fantasy films that launched the modern Mummy franchise.</p>",DVD,Media > Videos,,"Action, DVD, Floor Sale, Formatted",true,Genre,Action,,,,,,,,,0.0,shopify,1,deny,manual,14.00,,false,false,,,,,27008762,,,,false,,,,,,,,,,,,,,action,,,,,,,,,,,,,,lb,,,active
mission-impossible-6-movie-collection-bluray-floor-sale-action,Mission: Impossible 6 Movie Collection,<p>A 6-movie collection spanning the Mission: Impossible spy-action franchise starring Tom Cruise as agent Ethan Hunt.</p>,Blu-Ray,Media > Videos,,"Action, Blu-Ray, Floor Sale, Formatted",true,Genre,Action,,,,,,,,,0.0,shopify,1,deny,manual,18.00,,false,false,,,,,95890170,,,,false,,,,,,,,,,,,,,action,,,,,,,,,,,,,,lb,,,active
the-three-muskateers-bluray-floor-sale-action,The Three Muskateers,<p>the three musketeers</p>,Blu-Ray,Media > Videos,,"Action, Blu-Ray, Floor Sale, Formatted",true,Genre,Action,,,,,,,,,0.0,shopify,1,deny,manual,6.00,,false,false,,,,,94776058,,,,false,,,,,,,,,,,,,,action,,,,,,,,,,,,,,lb,,,active
trilogy-commando-predator-terminator-bluray-floor-sale-action,"Trilogy: Commando, Predator, Terminator","<p>A collection pairing three Arnold Schwarzenegger action classics: Commando (1985), Predator (1987), and The Terminator (1984).</p>",Blu-Ray,Media > Videos,,"Action, Blu-Ray, Floor Sale, Formatted",true,Genre,Action,,,,,,,,,0.0,shopify,1,deny,manual,15.00,,false,false,,,,,61791738,,,,false,,,,,,,,,,,,,,action,,,,,,,,,,,,,,lb,,,active
the-bourne-trilogy-bluray-floor-sale-action,The Bourne Trilogy,,Blu-Ray,Media > Videos,,"Action, Blu-Ray, Floor Sale, Formatted",true,Genre,Action,,,,,,,,,0.0,shopify,1,deny,manual,10.00,,false,false,,,,,59858426,,,,false,,,,,,,,,,,,,,action,,,,,,,,,,,,,,lb,,,active
double-feature-first-wives-club-sliding-doors-dvd-floor-sale-comedy-drama,"Double Feature: First Wives Club, Sliding Doors",,DVD,Media > Videos,,"Comedy, Drama, DVD, Floor Sale, Formatted",true,Genre,Comedy,,,,,,,,,0.0,shopify,1,deny,manual,6.00,,false,false,,,,,52241402,,,,false,,,,,,,,,,,,,,comedy; drama,,,,,,,,,,,,,,lb,,,active
captain-america-3-movie-collection-3d-bluray-floor-sale-action,Captain AMerica: 3 Movie Collection (3D),"<p>A 3D collection of the Captain America trilogy: The First Avenger (2011), The Winter Soldier (2014), and Civil War (2016), starring Chris Evans.</p>",Blu-Ray,Media > Videos,,"Action, Blu-Ray, Floor Sale, Formatted",true,Genre,Action,,,,,,,,,0.0,shopify,1,deny,manual,12.00,,false,false,,,,,45225210,,,,false,,,,,,,,,,,,,,action,,,,,,,,,,,,,,lb,,,active
national-geographic-ocean-drifters-floor-sale-kids-family,National Geographic: Ocean Drifters,,VHS,Media > Videos,,"Floor Sale, Formatted, Kids & Family, VHS",true,Genre,Kids & Family,,,,,,,,,0.0,shopify,1,deny,manual,5.00,,false,false,,,,,30759674,,,,false,,,,,,,,,,,,,,kids-family,,,,,,,,,,,,,,lb,,,active
livin-the-blues-vhs-floor-sale-thriller,Livin' the Blues,,VHS,Media > Videos,,"Floor Sale, Formatted, Thriller, VHS",true,Genre,Thriller,,,,,,,,,0.0,shopify,1,deny,manual,24.00,,false,false,,,,,21635322,,,,false,,,,,,,,,,,,,,thriller,,,,,,,,,,,,,,lb,,,active
prince-caspian-and-the-voyage-of-the-dawn-treader-vhs-floor-sale-kids-family,Prince Caspian and the Voyage of the Dawn Treader,,VHS,Media > Videos,,"Floor Sale, Formatted, Kids & Family, VHS",true,Genre,Kids & Family,,,,,,,,,0.0,shopify,1,deny,manual,7.00,,false,false,,,,,29060090,,,,false,,,,,,,,,,,,,,kids-family,,,,,,,,,,,,,,lb,,,active
sister-act-ii-vhs-floor-sale-comedy,Sister Act II,"<p>Sister Act 2: Back in the Habit is a 1993 musical comedy film starring Whoopi Goldberg, a sequel to the 1992 hit Sister Act.</p>",VHS,Media > Videos,,"Comedy, Floor Sale, Formatted, VHS",true,Genre,Comedy,,,,,,,,,0.0,shopify,1,deny,manual,5.00,,false,false,,,,,66997498,,,,false,,,,,,,,,,,,,,comedy,,,,,,,,,,,,,,lb,,,active
easier-said-vhs-floor-sale-comedy,Easier Said,"<p>Jack gets fed up with his publishing job in New York and his girlfriend and moves to Colorado, where he plans to write a novel. There he takes over his uncle's lodge and cafe, but runs into unusual problems with the oddball locals.</p>",VHS,Media > Videos,,"Comedy, Floor Sale, Formatted, VHS",true,Genre,Comedy,,,,,,,,,0.0,shopify,1,deny,manual,5.00,,false,false,,,,,12618490,,,,false,,,,,,,,,,,,,,comedy,,,,,,,,,,,,,,lb,,,active
provovateur-vhs-floor-sale-thriller,Provovateur,,VHS,Media > Videos,,"Floor Sale, Formatted, Thriller, VHS",true,Genre,Thriller,,,,,,,,,0.0,shopify,1,deny,manual,15.00,,false,false,,,,,30315514,,,,false,,,,,,,,,,,,,,thriller,,,,,,,,,,,,,,lb,,,active
in-search-of-the-dragon-vhs-floor-sale-documentary,In Search of the Dragon,"<p>Follows the story of a handicapped street musician, Maurice Chan, as he explains what life is like for him in Hong Kong. In the process we go on a journey back in time to the Walled City of Kowloon.  Once dubbed the 'sleaziest' place in Hong Kong, it was an island of Chinese sovereignty within the British colony. As a result of a secret political compromise between the Chinese and British Governments the Walled City was destroyed in 1992. This decision resulted in the displacement of the Walled City's 40,000 residents. The documentary gives the story of modern day Hong Kong from a personal viewpoint and shows historical links to a place the authorities preferred to forget.</p>",VHS,Media > Videos,,"Documentary, Floor Sale, Formatted, VHS",true,Genre,Documentary,,,,,,,,,0.0,shopify,1,deny,manual,12.00,,false,false,,,,,35139578,,,,false,,,,,,,,,,,,,,documentary,,,,,,,,,,,,,,lb,,,active
pirates-of-the-caribbean-4-movie-collection-bluray-floor-sale-action,Pirates of the Caribbean - 4 Movie Collection,<p>A collection of the first four Pirates of the Caribbean swashbuckling fantasy films starring Johnny Depp as Captain Jack Sparrow.</p>,Blu-Ray,Media > Videos,,"Action, Blu-Ray, Floor Sale, Formatted",true,Genre,Action,,,,,,,,,0.0,shopify,1,deny,manual,12.00,,false,false,,,,,43629562,,,,false,,,,,,,,,,,,,,action,,,,,,,,,,,,,,lb,,,active
richard-pryor-triple-feature-bluray-floor-sale-comedy,Richard Pryor Triple Feature,"<p>A triple feature pairing See No Evil, Hear No Evil, Stir Crazy, and The Toy, three comedies starring Richard Pryor.</p>",Blu-Ray,Media > Videos,,"Blu-Ray, Comedy, Floor Sale, Formatted",true,Genre,Comedy,,,,,,,,,0.0,shopify,1,deny,manual,8.00,,false,false,,,,,08717818,,,,false,,,,,,,,,,,,,,comedy,,,,,,,,,,,,,,lb,,,active
triple-feature-v-for-vendetta-bluray-floor-sale-action,Triple Feature: V for Vendetta +,"<p>A triple feature pairing V for Vendetta (2005), Watchmen (2009), and Constantine (2005), dystopian and supernatural graphic-novel adaptations.</p>",Blu-Ray,Media > Videos,,"Action, Blu-Ray, Floor Sale, Formatted",true,Genre,Action,,,,,,,,,0.0,shopify,1,deny,manual,11.00,,false,false,,,,,10752506,,,,false,,,,,,,,,,,,,,action,,,,,,,,,,,,,,lb,,,active
star-trek-2-disc-special-edition-bluray-floor-sale-sci-fi,Star Trek: 2 Disc Special Edition,,Blu-Ray,Media > Videos,,"Blu-Ray, Floor Sale, Formatted, Sci-Fi",true,Genre,Sci-Fi,,,,,,,,,0.0,shopify,1,deny,manual,7.00,,false,false,,,,,10654202,,,,false,,,,,,,,,,,,,,sci-fi,,,,,,,,,,,,,,lb,,,active
tron-legacy-tron-the-original-classic-bluray-floor-sale-sci-fi,Tron Legacy / Tron: The Original Classic,"<p>A double feature pairing Tron (1982) with its sequel Tron: Legacy (2010), sci-fi films set inside a digital computer world.</p>",Blu-Ray,Media > Videos,,"Blu-Ray, Floor Sale, Formatted, Sci-Fi",true,Genre,Sci-Fi,,,,,,,,,0.0,shopify,1,deny,manual,11.00,,false,false,,,,,67359738,,,,false,,,,,,,,,,,,,,sci-fi,,,,,,,,,,,,,,lb,,,active
star-wars-iv-v-vi-bluray-floor-sale-sci-fi,"Star Wars: IV, V, VI",,Blu-Ray,Media > Videos,,"Blu-Ray, Floor Sale, Formatted, Sci-Fi",true,Genre,Sci-Fi,,,,,,,,,0.0,shopify,1,deny,manual,16.00,,false,false,,,,,28783866,,,,false,,,,,,,,,,,,,,sci-fi,,,,,,,,,,,,,,lb,,,active
where-the-wild-things-are-the-neverending-story-bluray-floor-sale-kids-family,Where the Wild Things Are / The Neverending Story,"<p>A double feature pairing Where the Wild Things Are (2009) and The NeverEnding Story (1984), fantasy adventure films.</p>",Blu-Ray,Media > Videos,,"Blu-Ray, Floor Sale, Formatted, Kids & Family",true,Genre,Kids & Family,,,,,,,,,0.0,shopify,1,deny,manual,11.00,,false,false,,,,,28128506,,,,false,,,,,,,,,,,,,,kids-family,,,,,,,,,,,,,,lb,,,active
harry-potter-complete-8-film-collection-bluray-floor-sale-kids-family,Harry Potter: Complete 8-Film Collection,"<p>The complete 8-film Harry Potter collection based on J.K. Rowling's novels, following Harry Potter's journey through Hogwarts and his battle against Lord Voldemort.</p>",Blu-Ray,Media > Videos,,"Blu-Ray, Floor Sale, Formatted, Kids & Family",true,Genre,Kids & Family,,,,,,,,,0.0,shopify,1,deny,manual,42.00,,false,false,,,,,76879354,,,,false,,,,,,,,,,,,,,kids-family,,,,,,,,,,,,,,lb,,,active
the-ice-house-dvd-floor-sale-drama,The Ice House,,DVD,Media > Videos,,"Drama, DVD, Floor Sale, Formatted",true,Genre,Drama,,,,,,,,,0.0,shopify,1,deny,manual,5.00,,true,true,,,,,75339258,https://cdn.shopify.com/s/files/1/0826/6363/7242/files/oPtSbxlxg5y6iWHQ7ik2BqawXbU.jpg?v=1788290141,1,The Ice House (1916) poster,false,,,,,,,,,,,,,,drama,,,,,,,,,,,,,,lb,,,active
lincon-and-lee-at-antietam-dvd-floor-sale-documentary,Lincon and Lee at Antietam,,DVD,Media > Videos,,"Documentary, DVD, Floor Sale, Formatted",true,Genre,Documentary,,,,,,,,,0.0,shopify,1,deny,manual,4.00,,false,false,,,,,58455802,,,,false,,,,,,,,,,,,,,documentary,,,,,,,,,,,,,,lb,,,active
the-little-mermaid-3-movie-collection-bluray-floor-sale-kids-family,The Little Mermaid (3 Movie Collection),"<p>The Little Mermaid: 3-Movie Collection gathers Disney's The Little Mermaid (1989) with its sequels/prequels, following the mermaid princess Ariel.</p>",Blu-Ray,Media > Videos,,"Blu-Ray, Floor Sale, Formatted, Kids & Family",true,Genre,Kids & Family,,,,,,,,,0.0,shopify,1,deny,manual,11.00,,false,false,,,,,98875642,,,,false,,,,,,,,,,,,,,kids-family,,,,,,,,,,,,,,lb,,,active
9-to-5-vhs-floor-sale-comedy,9 to 5,<p>A contemporary remake of the 1980 classic about three female office employees who decide to take revenge against their rude and sexist boss.</p>,VHS,Media > Videos,,"Comedy, Floor Sale, Formatted, VHS",true,Genre,Comedy,,,,,,,,,0.0,shopify,1,deny,manual,6.00,,true,true,,,,,30966778,,,,false,,,,,,,,,,,,,,comedy,,,,,,,,,,,,,,lb,,,active
187-vhs,187,,VHS,Media > Videos,,"Floor Sale, Formatted, Thriller, VHS",true,Genre,Thriller,,,,,,,,,0.0,shopify,1,deny,manual,6.00,,false,false,,,,,21242874,,,,false,,,,,,,,,,,,,,thriller,,,,,,,,,,,,,,lb,,,active
the-funnniest-men-of-comedy-vhs,The Funnniest Men of Comedy,,VHS,Media > Videos,,"Comedy, Floor Sale, Formatted, VHS",true,Genre,Comedy,,,,,,,,,0.0,shopify,1,deny,manual,4.00,,false,false,,,,,85788922,,,,false,,,,,,,,,,,,,,comedy,,,,,,,,,,,,,,lb,,,active
murder-in-texas-vhs,Murder in Texas,,VHS,Media > Videos,,"Drama, Formatted, Rental, VHS",true,Genre,Drama,,,,,,,,,0.0,shopify,1,deny,manual,0.00,,true,true,,,,,13629946,,,,false,,,,,,,,,,,,,,drama,,,,,,,,,,,,,,lb,,,active
fast-fortune-vhs,Fast Fortune,,VHS,Media > Videos,,"Comedy, Floor Sale, Formatted, VHS",true,Genre,Comedy,,,,,,,,,0.0,shopify,1,deny,manual,7.00,,false,false,,,,,57705210,,,,false,,,,,,,,,,,,,,comedy,,,,,,,,,,,,,,lb,,,active
somethingn-special-vhs,Somethingn Special,,VHS,Media > Videos,,"Comedy, Floor Sale, Formatted, VHS",true,Genre,Comedy,,,,,,,,,0.0,shopify,1,deny,manual,10.00,,false,false,,,,,15683834,,,,false,,,,,,,,,,,,,,comedy,,,,,,,,,,,,,,lb,,,active
4-film-favorites-batman-collection-bluray,4 Film Favorites: Batman Collection,<p>A 4-film Batman collection titled '4 Film Favorites: Batman Collection.'</p>,Blu-Ray,Media > Videos,,"Action, Blu-Ray, Floor Sale, Formatted",true,Genre,Action,,,,,,,,,0.0,shopify,1,deny,manual,10.00,,false,false,,,,,07213050,,,,false,,,,,,,,,,,,,,action,,,,,,,,,,,,,,lb,,,active
expendables-1-2-3-bluray,"Expendables 1,2&3","<p>A collection of The Expendables (2010), The Expendables 2 (2012), and The Expendables 3 (2014), action films starring Sylvester Stallone leading a team of mercenaries.</p>",Blu-Ray,Media > Videos,,"Action, Blu-Ray, Floor Sale, Formatted",true,Genre,Action,,,,,,,,,0.0,shopify,1,deny,manual,7.00,,false,false,,,,,16964602,,,,false,,,,,,,,,,,,,,action,,,,,,,,,,,,,,lb,,,active
strike-screener-vhs,Strike (Screener),,VHS,Media > Videos,,"Comedy, Floor Sale, Formatted, VHS",true,Genre,Comedy,,,,,,,,,0.0,shopify,1,deny,manual,10.00,,false,false,,,,,33444602,,,,false,,,,,,,,,,,,,,comedy,,,,,,,,,,,,,,lb,,,active
the-cutting-ege-vhs,The Cutting Ege,,VHS,Media > Videos,,"Comedy, Floor Sale, Formatted, VHS",true,Genre,Comedy,,,,,,,,,0.0,shopify,1,deny,manual,4.00,,false,false,,,,,33182458,,,,false,,,,,,,,,,,,,,comedy,,,,,,,,,,,,,,lb,,,active
xmen-collection-dvd,XMen Collection,"<p>This collection gathers films from the X-Men film series, based on the Marvel Comics superhero team, following a group of mutants with extraordinary abilities as they battle threats to mutant and human kind alike.</p>",DVD,Media > Videos,,"Action, DVD, Floor Sale, Formatted",true,Genre,Action,,,,,,,,,0.0,shopify,1,deny,manual,8.00,,false,false,,,,,50383610,,,,false,,,,,,,,,,,,,,action,,,,,,,,,,,,,,lb,,,active
the-secrets-of-dumbledore-bluray,The Secrets of Dumbledore,<p>Fantastic Beasts: The Secrets of Dumbledore</p>,Blu-Ray,Media > Videos,,"Blu-Ray, Fantasy, Floor Sale, Formatted",true,Genre,Fantasy,,,,,,,,,0.0,shopify,1,deny,manual,6.00,,false,false,,,,,33639162,,,,false,,,,,,,,,,,,,,fantasy,,,,,,,,,,,,,,lb,,,active
the-outer-limits-the-sixth-finger-vhs,The Outer Limits: The Sixth Finger,"<p>""The Sixth Finger"" is a 1963 episode of the original The Outer Limits television series, in which a Welsh coal miner volunteers for an experiment that accelerates human evolution, transforming him into a being of vastly superior intelligence and power.</p>",VHS,Media > Videos,,"Floor Sale, Formatted, Sci-Fi, VHS",true,Genre,Sci-Fi,,,,,,,,,0.0,shopify,1,deny,manual,6.00,,false,false,,,,,38566906,,,,false,,,,,,,,,,,,,,sci-fi,,,,,,,,,,,,,,lb,,,active
the-outer-limits-demon-with-a-glass-hand-vhs,The Outer Limits: Demon with a Glass Hand,"<p>""Demon with a Glass Hand"" is a 1964 episode of the original The Outer Limits television series, written by Harlan Ellison, about a man with a mechanical hand who must piece together his lost memory to save humanity from extinction.</p>",VHS,Media > Videos,,"Floor Sale, Formatted, Sci-Fi, VHS",true,Genre,Sci-Fi,,,,,,,,,0.0,shopify,1,deny,manual,6.00,,false,false,,,,,31212282,,,,false,,,,,,,,,,,,,,sci-fi,,,,,,,,,,,,,,lb,,,active
the-outer-limits-second-chance-vhs,The Outer Limits: Second Chance,"<p>""Second Chance"" is a 1964 episode of the original The Outer Limits television series, in which a group of strangers boards a carnival spaceship ride that turns out to be a real vessel bound for another world.</p>",VHS,Media > Videos,,"Floor Sale, Formatted, Sci-Fi, VHS",true,Genre,Sci-Fi,,,,,,,,,0.0,shopify,1,deny,manual,6.00,,false,false,,,,,06254330,,,,false,,,,,,,,,,,,,,sci-fi,,,,,,,,,,,,,,lb,,,active
space-marines-ruby-jean-and-joe-vhs,Space Marines / Ruby Jean and Joe,,VHS,Media > Videos,,"Floor Sale, Formatted, Sci-Fi, VHS",true,Genre,Sci-Fi,,,,,,,,,0.0,shopify,1,deny,manual,6.00,,false,false,,,,,97996794,,,,false,,,,,,,,,,,,,,sci-fi,,,,,,,,,,,,,,lb,,,active
mission-galactica-the-cyclone-attack-vhs,Mission Galactica: The Cyclone Attack,,VHS,Media > Videos,,"Floor Sale, Formatted, Sci-Fi, VHS",true,Genre,Sci-Fi,,,,,,,,,0.0,shopify,1,deny,manual,7.00,,false,false,,,,,32244218,,,,false,,,,,,,,,,,,,,sci-fi,,,,,,,,,,,,,,lb,,,active
secrets-of-a-married-man-vhs,Secrets of a Married Man,"<p>Secrets of a Married Man is a 1984 made-for-television drama starring William Shatner as a married professor who becomes entangled in the world of prostitution, jeopardizing his family and career.</p>",VHS,Media > Videos,,"Comedy, Floor Sale, Formatted, VHS",true,Genre,Comedy,,,,,,,,,0.0,shopify,1,deny,manual,5.00,,false,false,,,,,04445178,,,,false,,,,,,,,,,,,,,comedy,,,,,,,,,,,,,,lb,,,active
wise-cracks-vhs,Wise Cracks,,VHS,Media > Videos,,"Comedy, Floor Sale, Formatted, VHS",true,Genre,Comedy,,,,,,,,,0.0,shopify,1,deny,manual,5.00,,false,false,,,,,97137914,,,,false,,,,,,,,,,,,,,comedy,,,,,,,,,,,,,,lb,,,active
living-it-up-english-dubbed-vhs,Living It Up (English Dubbed),,VHS,Media > Videos,,"Comedy, Floor Sale, Formatted, VHS",true,Genre,Comedy,,,,,,,,,0.0,shopify,1,deny,manual,6.00,,false,false,,,,,86996730,,,,false,,,,,,,,,,,,,,comedy,,,,,,,,,,,,,,lb,,,active
the-caged-heart-vhs,The Caged Heart,,VHS,Media > Videos,,"Floor Sale, Formatted, Thriller, VHS",true,Genre,Thriller,,,,,,,,,0.0,shopify,1,deny,manual,6.00,,false,false,,,,,07894778,,,,false,,,,,,,,,,,,,,thriller,,,,,,,,,,,,,,lb,,,active
sand-diego-zoo-its-a-wild-life-vhs,San Diego Zoo: It's a Wild Life,,VHS,Media > Videos,,"Floor Sale, Formatted, Kids & Family, VHS",true,Genre,Kids & Family,,,,,,,,,0.0,shopify,1,deny,manual,4.00,,false,false,,,,,34814202,,,,false,,,,,,,,,,,,,,kids-family,,,,,,,,,,,,,,lb,,,active
huck-the-kind-of-hearts-vhs,Huck & The Kind of Hearts,,VHS,Media > Videos,,"Floor Sale, Formatted, Kids & Family, VHS",true,Genre,Kids & Family,,,,,,,,,0.0,shopify,1,deny,manual,4.00,,false,false,,,,,33634554,,,,false,,,,,,,,,,,,,,kids-family,,,,,,,,,,,,,,lb,,,active
harry-potter-and-the-deathly-hollows-bluray,Harry Potter and the Deathly Hollows,,Blu-Ray,Media > Videos,,"Blu-Ray, Floor Sale, Formatted, Kids & Family",true,Genre,Kids & Family,,,,,,,,,0.0,shopify,1,deny,manual,7.00,,false,false,,,,,23174650,,,,false,,,,,,,,,,,,,,kids-family,,,,,,,,,,,,,,lb,,,active
almost-pregnant-a-bedtime-story,Almost Pregnant: A Bedtime Story,,VHS,Media > Videos,,"Comedy, Formatted, Rental, VHS",true,Genre,Comedy,,,,,,,,,0.0,shopify,1,deny,manual,0.00,,true,true,,,,,191-VHSALM-001A,https://cdn.shopify.com/s/files/1/0826/6363/7242/files/0-1782258059176_87a83b64-db01-4e20-965d-dc032101ac00.jpg?v=1788280585,1,191-VHSALM-001A,false,,,,,,,,,,,,,,comedy,,,,,,,,,,,,,,lb,,,active
outsiders,Outsiders,,VHS,Media > Videos,,"Drama, Formatted, Rental, VHS",true,Genre,Drama,,,,,,,,,0.0,shopify,1,deny,manual,0.00,,true,true,,,,,191-VHSTSD-001A,https://cdn.shopify.com/s/files/1/0826/6363/7242/files/0-1782257573158.jpg?v=1788280645,1,191-VHSTSD-001A,false,,,,,,,,,,,,,,drama,,,,,,,,,,,,,,lb,,,active
puss-in-boots-faerie-tale-theatre,Puss in Boots (Faerie Tale Theatre),"<p>This is an episode of Faerie Tale Theatre, an anthology television series created and hosted by Shelley Duvall that presented live-action adaptations of classic fairy tales, retelling the story of the clever cat who helps his poor master rise to fortune.</p>",VHS,Media > Videos,,"Floor Sale, Formatted, Kids & Family, VHS",true,Genre,Kids & Family,,,,,,,,,0.0,shopify,1,deny,manual,12.00,,false,false,,,,,38914810,,,,false,,,,,,,,,,,,,,kids-family,,,,,,,,,,,,,,lb,,,active
alegria-an-enchanting-fable,Alegria: An Enchanting Fable,,VHS,Media > Videos,,"Floor Sale, Formatted, Musical, VHS",true,Genre,Musical,,,,,,,,,0.0,shopify,1,deny,manual,5.00,,true,true,,,,,191-VHSALE-001A,https://cdn.shopify.com/s/files/1/0826/6363/7242/files/0-1781963845847.jpg?v=1788285278,1,191-VHSALE-001A,false,,,,,,,,,,,,,,musical,,,,,,,,,,,,,,lb,,,active
area-51-secrets-of-dreamland,Area 51 Secrets of Dreamland,"<p>A documentary investigating the U.S. Air Force's secretive Area 51 facility, examining decades of UFO sightings, whistleblower claims, and government secrecy tied to the classified site known as Dreamland.</p>",VHS,Media > Videos,,"Documentary, Floor Sale, Formatted, VHS",false,Genre,Documentary,,,,,,,,,0.0,shopify,1,deny,manual,10.00,,false,false,,,,,191-VHSARE-001A,,,,false,,,,,,,,,,,,,,documentary,,,,,,,,,,,,,,lb,,,active
wide-awake-demo-tape,Wide Awake (Demo Tape),,VHS,Media > Videos,,"Comedy, Floor Sale, Formatted, VHS",true,Genre,Comedy,,,,,,,,,0.0,shopify,1,deny,manual,4.00,,true,true,,,,,191-VHSWID-001A,https://cdn.shopify.com/s/files/1/0826/6363/7242/files/0-1781839446713.jpg?v=1788285210,1,191-VHSWID-001A,false,,,,,,,,,,,,,,comedy,,,,,,,,,,,,,,lb,,,active
evil-judgment-vinegar-syndrome,Evil Judgment (Vinegar Syndrome),,Blu-Ray,Media > Videos,,"Blu-Ray, Formatted, Horror, Rental",true,Genre,Horror,,,,,,,,,0.0,shopify,1,deny,manual,0.00,,true,true,,,,,191-BLREVI-50-001A,https://cdn.shopify.com/s/files/1/0826/6363/7242/files/0-1781401618863_30bae1f5-1824-4c9a-8f95-a412cd0164eb.jpg?v=1788285046,1,191-BLREVI-50-001A,false,,,,,,,,,,,,,,horror,,,,,,,,,,,,,,lb,,,active
lost-picture-show-vinegar-syndrome,Lost Picture Show (Vinegar Syndrome),,Blu-Ray,Media > Videos,,"Blu-Ray, Formatted, Horror, Rental",true,Genre,Horror,,,,,,,,,0.0,shopify,1,deny,manual,0.00,,true,true,,,,,191-BLRLOS-50-001A,https://cdn.shopify.com/s/files/1/0826/6363/7242/files/0-1781402808593_479ef6d9-4dc8-4011-b957-1be66f0e2638.jpg?v=1788285041,1,191-BLRLOS-50-001A,false,,,,,,,,,,,,,,horror,,,,,,,,,,,,,,lb,,,active
hugo-mask-special-horrible-full-head-mask-with-hair,Hugo Mask Special! Horrible Full Head Mask With Hair!,,Blu-Ray,Media > Videos,,"Blu-Ray, Formatted, Horror, Rental",true,Genre,Horror,,,,,,,,,0.0,shopify,1,deny,manual,0.00,,true,true,,,,,191-BLRHUG-50-001A,https://cdn.shopify.com/s/files/1/0826/6363/7242/files/0-1781401192050.jpg?v=1788285040,1,191-BLRHUG-50-001A,false,,,,,,,,,,,,,,horror,,,,,,,,,,,,,,lb,,,active
the-cardona-collection-vol-2-vinegar-syndrome,The Cardona Collection Vol. 2 (Vinegar Syndrome),,Blu-Ray,Media > Videos,,"Action, Blu-Ray, Formatted, Rental",true,Genre,Action,,,,,,,,,0.0,shopify,1,deny,manual,0.00,,true,true,,,,,191-BLRTHC-50-001A,https://cdn.shopify.com/s/files/1/0826/6363/7242/files/0-1781397077041_22562d93-2600-4a18-9dca-85859e4467f0.jpg?v=1788285009,1,191-BLRTHC-50-001A,false,,,,,,,,,,,,,,action,,,,,,,,,,,,,,lb,,,active
backtrack-1992-directors-cut,BackTrack (1992 Director's Cut),,VHS,Media > Videos,,"Floor Sale, Formatted, Thriller, VHS",true,Genre,Thriller,,,,,,,,,0.0,shopify,1,deny,manual,6.00,,true,true,,,,,191-VHSBCK-50-001A,https://cdn.shopify.com/s/files/1/0826/6363/7242/files/0-1780436584746.jpg?v=1788284881,1,191-VHSBCK-50-001A,false,,,,,,,,,,,,,,thriller,,,,,,,,,,,,,,lb,,,active
an-american-summer-vhs,An American Summer [vhs],"<p>Divorcing Chicago parents send their only son to live with his aunt in Los Angeles for the summer, where he befriends a local, learns to surf, gets a girlfriend, and witnesses a murder.</p>",VHS,Media > Videos,,"Drama, Formatted, Rental, VHS",false,Genre,Drama,,,,,,,,,0.0,shopify,1,deny,manual,0.00,,false,false,,,,,191-VHSNMR-50-001A,,,,false,,,,,,,,,,,,,,drama,,,,,,,,,,,,,,lb,,,active
missing-link-peter-elliot-vhs-rare-1st-edition-original-release-1989-mca,Missing Link Peter Elliot Vhs Rare 1st Edition Original Release 1989 Mca,,VHS,Media > Videos,,"Floor Sale, Formatted, Sci-Fi, VHS",true,Genre,Sci-Fi,,,,,,,,,0.0,shopify,1,deny,manual,19.00,,false,false,,,,,191-VHSMIS-50-001A,https://cdn.shopify.com/s/files/1/0826/6363/7242/files/0-1780423894895_22e91a1b-d413-489f-9a8f-c8a49adaf7e8.jpg?v=1788284873,1,191-VHSMIS-50-001A,false,,,,,,,,,,,,,,sci-fi,,,,,,,,,,,,,,lb,,,active
americas-great-national-parks-yosemite-yellowstone-grand-canyon-vhs-vcr-tapes,America's Great National Parks Yosemite Yellowstone Grand Canyon Vhs Vcr Tapes,"<p>A home-video nature documentary touring three of America's most iconic national parks — Yosemite, Yellowstone, and the Grand Canyon — featuring footage of their landmark landscapes and wildlife.</p>",VHS,Media > Videos,,"Floor Sale, Formatted, Kids & Family, VHS",false,Genre,Kids & Family,,,,,,,,,0.0,shopify,1,deny,manual,6.00,,false,false,,,,,191-VHSAME-50-001A,,,,false,,,,,,,,,,,,,,kids-family,,,,,,,,,,,,,,lb,,,active
an-evening-with-robin-williams-live-uncensored,An Evening With Robin Williams: Live & Uncensored,,VHS,Media > Videos,,"Comedy, Floor Sale, Formatted, VHS",true,Genre,Comedy,,,,,,,,,0.0,shopify,1,deny,manual,6.00,,true,true,,,,,191-VHSANE-001A,https://cdn.shopify.com/s/files/1/0826/6363/7242/files/0-1780185844146.jpg?v=1788284812,1,An Evening With Robin Williams: Live & Uncensored poster,false,,,,,,,,,,,,,,comedy,,,,,,,,,,,,,,lb,,,active
jerry-seinfeld-comedian-demo-tape,Jerry Seinfeld: Comedian (Demo Tape),,VHS,Media > Videos,,"Comedy, Floor Sale, Formatted, VHS",true,Genre,Comedy,,,,,,,,,0.0,shopify,1,deny,manual,4.00,,true,true,,,,,191-VHSJER-F-001A,https://cdn.shopify.com/s/files/1/0826/6363/7242/files/0-1780180025880_d44be34f-ba2f-40b4-809d-187b77962e53.jpg?v=1788284797,1,Jerry Seinfeld: Comedian (Demo Tape) poster,false,,,,,,,,,,,,,,comedy,,,,,,,,,,,,,,lb,,,active
