Handle,Title,Body (HTML),Vendor,Product Category,Type,Tags,Published,Option1 Name,Option1 Value,Option1 Linked To,Option2 Name,Option2 Value,Option2 Linked To,Option3 Name,Option3 Value,Option3 Linked To,Variant SKU,Variant Grams,Variant Inventory Tracker,Variant Inventory Qty,Variant Inventory Policy,Variant Fulfillment Service,Variant Price,Variant Compare At Price,Variant Requires Shipping,Variant Taxable,Unit Price Total Measure,Unit Price Total Measure Unit,Unit Price Base Measure,Unit Price Base Measure Unit,Variant Barcode,Image Src,Image Position,Image Alt Text,Gift Card,SEO Title,SEO Description,Waitlist Emails (product.metafields.custom.waitlist_emails),Art style (product.metafields.shopify.art-style),Carry options (product.metafields.shopify.carry-options),Color (product.metafields.shopify.color-pattern),Genre (product.metafields.shopify.genre),Media format (product.metafields.shopify.media-format),Neckline (product.metafields.shopify.neckline),Orientation (product.metafields.shopify.orientation),Sleeve length type (product.metafields.shopify.sleeve-length-type),Theme (product.metafields.shopify.theme),Tote handle type (product.metafields.shopify.tote-handle-type),Complementary products (product.metafields.shopify--discovery--product_recommendation.complementary_products),Related products (product.metafields.shopify--discovery--product_recommendation.related_products),Related products settings (product.metafields.shopify--discovery--product_recommendation.related_products_display),Search product boosts (product.metafields.shopify--discovery--product_search_boost.queries),Variant Image,Variant Weight Unit,Variant Tax Code,Cost per item,Status
almost-pregnant-a-bedtime-story,Almost Pregnant: A Bedtime Story,,VHS,Media > Videos,,"Comedy, Formatted, Rental, VHS",true,Genre,Comedy,,,,,,,,,0.0,shopify,1,deny,manual,0.00,,true,true,,,,,191-VHSALM-001A,https://cdn.shopify.com/s/files/1/0671/0552/1726/files/0-1782258059176.jpg?v=1787925874,1,191-VHSALM-001A,false,,,,,,,comedy,,,,,,,,,,,,lb,,,active
tom-hanks-comedy-collection-the-money-pit-the-burbs-dragnet,"Tom Hanks Comedy Collection (The Money Pit, The 'Burbs, Dragnet)",,DVD,Media > Videos,,"Comedy, DVD, Formatted, Rental",true,Genre,Comedy,,,,,,,,,0.0,shopify,1,deny,manual,0.00,,true,true,,,,,191-DVDTOM-001A,https://cdn.shopify.com/s/files/1/0671/0552/1726/files/0-1782252667777.jpg?v=1787925911,1,191-DVDTOM-001A,false,,,,,,,comedy,,,,,,,,,,,,lb,,,active
a-time-to-kill-the-pelican-brief-the-client,A Time to Kill / The Pelican Brief / The Client,,Blu-Ray,Media > Videos,,"Blu-Ray, Drama, Formatted, Rental",true,Genre,Drama,,,,,,,,,0.0,shopify,1,deny,manual,0.00,,true,true,,,,,191-BLRATI-001A,https://cdn.shopify.com/s/files/1/0671/0552/1726/files/0-1782251446520.jpg?v=1787925927,1,191-BLRATI-001A,false,,,,,,,drama,,,,,,,,,,,,lb,,,active
body-of-lies-edge-of-darkness-pride-and-glory,Body of Lies / Edge of Darkness / Pride and Glory,,Blu-Ray,Media > Videos,,"Action, Blu-Ray, Formatted, Rental",true,Genre,Action,,,,,,,,,0.0,shopify,1,deny,manual,0.00,,true,true,,,,,191-BLRBOD-001A,https://cdn.shopify.com/s/files/1/0671/0552/1726/files/0-1782250756123.jpg?v=1787925933,1,191-BLRBOD-001A,false,,,,,,,action,,,,,,,,,,,,lb,,,active
puss-in-boots-faerie-tale-theatre,Puss in Boots (Faerie Tale Theatre),,VHS,Media > Videos,,"Floor Sale, Formatted, Kids & Family, VHS",true,Genre,Kids & Family,,,,,,,,,0.0,shopify,1,deny,manual,12.00,,true,true,,,,,38914810,,,,false,,,,,,,kids-family,,,,,,,,,,,,lb,,,active
the-odyssey-hallmark,The Odyssey (Hallmark),,VHS,Media > Videos,,"Action, Floor Sale, Formatted, VHS",true,Genre,Action,,,,,,,,,0.0,shopify,1,deny,manual,8.00,,true,true,,,,,59731450,,,,false,,,,,,,action,,,,,,,,,,,,lb,,,active
earth-girls-are-easy-sale,Earth Girls Are Easy (Sale),,VHS,Media > Videos,,"Comedy, Floor Sale, Formatted, VHS",true,Genre,Comedy,,,,,,,,,0.0,shopify,1,deny,manual,10.00,,true,true,,,,,191-UNKRTH-001A,https://cdn.shopify.com/s/files/1/0671/0552/1726/files/0-1781906857648.jpg?v=1787925962,1,191-UNKRTH-001A,false,,,,,,,comedy,,,,,,,,,,,,lb,,,active
alegria-an-enchanting-fable,Alegria: An Enchanting Fable,,VHS,Media > Videos,,"Floor Sale, Formatted, Musical, VHS",true,Genre,Musical,,,,,,,,,0.0,shopify,1,deny,manual,5.00,,true,true,,,,,191-VHSALE-001A,https://cdn.shopify.com/s/files/1/0671/0552/1726/files/0-1781963845847.jpg?v=1787925974,1,191-VHSALE-001A,false,,,,,,,musical,,,,,,,,,,,,lb,,,active
area-51-secrets-of-dreamland,Area 51 Secrets of Dreamland,,VHS,Media > Videos,,"Documentary, Floor Sale, Formatted, VHS",false,Genre,Documentary,,,,,,,,,0.0,shopify,1,deny,manual,10.00,,true,true,,,,,191-VHSARE-001A,,,,false,,,,,,,documentary,,,,,,,,,,,,lb,,,draft
long-walk-home,Long Walk Home,"<p>A dark romantic comedy about a young couple from London. A decision to walk home one night, rather than taking a taxi, brings out the very different secrets that they have been keeping from one another.</p>",VHS,Media > Videos,,"Drama, Floor Sale, Formatted, VHS",false,Genre,Drama,,,,,,,,,0.0,shopify,1,deny,manual,5.00,,true,true,,,,,191-VHSLON-001A,,,,false,,,,,,,drama,,,,,,,,,,,,lb,,,draft
birdcage,Birdcage Promotional Copy,,VHS,Media > Videos,,"Comedy, Floor Sale, Formatted, VHS",false,Genre,Comedy,,,,,,,,,0.0,shopify,1,deny,manual,10.00,,true,true,,,,,191-VHSBIR-001A,,,,false,,,,,,,comedy,,,,,,,,,,,,lb,,,draft
broken-english-1997,Broken English 1997,,VHS,Media > Videos,,"Floor Sale, Foreign, Formatted, VHS",false,Genre,Foreign,,,,,,,,,0.0,shopify,1,deny,manual,7.00,,true,true,,,,,191-VHSBRK-001A,,,,false,,,,,,,foreign,,,,,,,,,,,,lb,,,draft
wide-awake-demo-tape,Wide Awake (Demo Tape),,VHS,Media > Videos,,"Comedy, Floor Sale, Formatted, VHS",true,Genre,Comedy,,,,,,,,,0.0,shopify,1,deny,manual,4.00,,true,true,,,,,191-VHSWID-001A,https://cdn.shopify.com/s/files/1/0671/0552/1726/files/0-1781839446713.jpg?v=1787926021,1,191-VHSWID-001A,false,,,,,,,comedy,,,,,,,,,,,,lb,,,active
peter-pan-dir-p-j-hogan,Peter Pan (Dir. P.J. Hogan),,DVD,Media > Videos,,"DVD, Floor Sale, Formatted, Kids & Family",false,Genre,Kids & Family,,,,,,,,,0.0,shopify,1,deny,manual,6.00,,true,true,,,,,191-DVDPET-50-001A,,,,false,,,,,,,kids-family,,,,,,,,,,,,lb,,,draft
munsters-a-rob-zombie-film,Munsters (A Rob Zombie Film),,DVD,Media > Videos,,"Drama, DVD, Formatted, Rental",true,Genre,Drama,,,,,,,,,0.0,shopify,1,deny,manual,0.00,,true,true,,,,,191-DVDMUN-50-001A,https://cdn.shopify.com/s/files/1/0671/0552/1726/files/0-1781752712823.jpg?v=1787926064,1,191-DVDMUN-50-001A,false,,,,,,,drama,,,,,,,,,,,,lb,,,active
species-4k-collectors-edition,Species 4K Collector's Edition,,4K,Media > Videos,,"4K, Formatted, Rental, Sci-Fi",true,Genre,Sci-Fi,,,,,,,,,0.0,shopify,1,deny,manual,0.00,,true,true,,,,,191-BLRSPC-50-001A,https://cdn.shopify.com/s/files/1/0671/0552/1726/files/0-1781752520853.jpg?v=1787926065,1,191-BLRSPC-50-001A,false,,,,,,,sci-fi,,,,,,,,,,,,lb,,,active
the-wraith-collectors-series,The Wraith (Collector's Series),,Blu-Ray,Media > Videos,,"Blu-Ray, Formatted, Rental, Sci-Fi",true,Genre,Sci-Fi,,,,,,,,,0.0,shopify,1,deny,manual,0.00,,true,true,,,,,191-UNKTHE-50-001A,https://cdn.shopify.com/s/files/1/0671/0552/1726/files/0-1781752428069.jpg?v=1787926065,1,191-UNKTHE-50-001A,false,,,,,,,sci-fi,,,,,,,,,,,,lb,,,active
top-gun-2-movie-collection,Top Gun 2-Movie Collection,,Blu-Ray,Media > Videos,,"Action, Blu-Ray, Formatted, Rental",true,Genre,Action,,,,,,,,,0.0,shopify,1,deny,manual,0.00,,true,true,,,,,191-BLRTOP-50-001A,https://cdn.shopify.com/s/files/1/0671/0552/1726/files/0-1781750738612.jpg?v=1787926077,1,191-BLRTOP-50-001A,false,,,,,,,action,,,,,,,,,,,,lb,,,active
hansel-gretel-witch-hunters-unrated-cut,Hansel & Gretel: Witch Hunters (Unrated Cut),,Blu-Ray,Media > Videos,,"Action, Blu-Ray, Formatted, Rental",true,Genre,Action,,,,,,,,,0.0,shopify,1,deny,manual,0.00,,true,true,,,,,191-BLRHAN-50-001A,https://cdn.shopify.com/s/files/1/0671/0552/1726/files/0-1781748342315.jpg?v=1787926080,1,191-BLRHAN-50-001A,false,,,,,,,action,,,,,,,,,,,,lb,,,active
doom-the-scorpion-king-the-rundown-triple-feature,Doom / The Scorpion King / The Rundown Triple Feature,,Blu-Ray,Media > Videos,,"Action, Blu-Ray, Formatted, Rental",true,Genre,Action,,,,,,,,,0.0,shopify,1,deny,manual,0.00,,true,true,,,,,191-BLRDMT-50-001A,https://cdn.shopify.com/s/files/1/0671/0552/1726/files/0-1781747944628.jpg?v=1787926084,1,191-BLRDMT-50-001A,false,,,,,,,action,,,,,,,,,,,,lb,,,active
never-back-down-extended-beat-down-edition,Never Back Down: Extended Beat Down Edition,,Blu-Ray,Media > Videos,,"Action, Blu-Ray, Formatted, Rental",true,Genre,Action,,,,,,,,,0.0,shopify,1,deny,manual,0.00,,true,true,,,,,191-BLRNEV-50-001A,https://cdn.shopify.com/s/files/1/0671/0552/1726/files/0-1781747317894.jpg?v=1787926088,1,191-BLRNEV-50-001A,false,,,,,,,action,,,,,,,,,,,,lb,,,active
warlock-collection-3-film-set,Warlock Collection 3-Film Set,,Blu-Ray,Media > Videos,,"Blu-Ray, Formatted, Horror, Rental",true,Genre,Horror,,,,,,,,,0.0,shopify,1,deny,manual,0.00,,true,true,,,,,191-BLRWRL-50-001A,https://cdn.shopify.com/s/files/1/0671/0552/1726/files/0-1781746127203_d53176b6-9dbd-4f0a-b5d1-76d4d3f2b527.jpg?v=1787926094,1,191-BLRWRL-50-001A,false,,,,,,,horror,,,,,,,,,,,,lb,,,active
double-salvation-2-pack-priest-legion,Double Salvation 2-Pack (Priest / Legion),,Blu-Ray,Media > Videos,,"Action, Blu-Ray, Formatted, Rental",true,Genre,Action,,,,,,,,,0.0,shopify,1,deny,manual,0.00,,true,true,,,,,191-BLRDOU-50-001A,https://cdn.shopify.com/s/files/1/0671/0552/1726/files/0-1781736643720.jpg?v=1787926098,1,191-BLRDOU-50-001A,false,,,,,,,action,,,,,,,,,,,,lb,,,active
transporter-3-2-disc-fully-loaded-edition,Transporter 3 (2-Disc Fully Loaded Edition),,Blu-Ray,Media > Videos,,"Action, Blu-Ray, Formatted, Rental",true,Genre,Action,,,,,,,,,0.0,shopify,1,deny,manual,0.00,,true,true,,,,,191-BLRTRN-50-001A,https://cdn.shopify.com/s/files/1/0671/0552/1726/files/0-1781729096420_a00ea0ec-62c9-4ef2-83c6-2d9141f6c7e2.jpg?v=1787926101,1,191-BLRTRN-50-001A,false,,,,,,,action,,,,,,,,,,,,lb,,,active
lovers-lane-arrow,Lovers Lane (Arrow),,Blu-Ray,Media > Videos,,"Blu-Ray, Formatted, Horror, Rental",true,Genre,Horror,,,,,,,,,0.0,shopify,1,deny,manual,0.00,,true,true,,,,,191-BLRLOV-70-001A,https://cdn.shopify.com/s/files/1/0671/0552/1726/files/0-1781404229765.jpg?v=1787925663,1,191-BLRLOV-70-001A,false,,,,,,,horror,,,,,,,,,,,,lb,,,active
kinji-fukasakus-battles-without-honor-and-humanity-the-complete-trilogy-arrow,Kinji Fukasaku's Battles Without Honor and Humanity: The Complete Trilogy (Arrow),,Blu-Ray,Media > Videos,,"Action, Blu-Ray, Formatted, Rental",true,Genre,Action,,,,,,,,,0.0,shopify,1,deny,manual,0.00,,true,true,,,,,191-BLRKIN-50-001A,https://cdn.shopify.com/s/files/1/0671/0552/1726/files/0-1781403904040.jpg?v=1787925668,1,191-BLRKIN-50-001A,false,,,,,,,action,,,,,,,,,,,,lb,,,active
thief-criterion-collection,Thief (Criterion Collection),,Blu-Ray,Media > Videos,,"Blu-Ray, Drama, Formatted, Rental",true,Genre,Drama,,,,,,,,,0.0,shopify,1,deny,manual,0.00,,true,true,,,,,191-BLRTH8-50-001A,https://cdn.shopify.com/s/files/1/0671/0552/1726/files/0-1781401955656.jpg?v=1787925672,1,191-BLRTH8-50-001A,false,,,,,,,drama,,,,,,,,,,,,lb,,,active
a-blade-in-the-dark-vinegar-syndrome,A Blade in the Dark (Vinegar Syndrome),,Blu-Ray,Media > Videos,,"Blu-Ray, Formatted, Horror, Rental",true,Genre,Horror,,,,,,,,,0.0,shopify,1,deny,manual,0.00,,true,true,,,,,191-BLRABL-50-001A,https://cdn.shopify.com/s/files/1/0671/0552/1726/files/0-1781401853443.jpg?v=1787925676,1,191-BLRABL-50-001A,false,,,,,,,horror,,,,,,,,,,,,lb,,,active
undefeatable-vinegar-syndrome,UNDEFEATABLE (Vinegar Syndrome),,Blu-Ray,Media > Videos,,"Action, Blu-Ray, Formatted, Rental",true,Genre,Action,,,,,,,,,0.0,shopify,1,deny,manual,0.00,,true,true,,,,,191-BLRUND-50-001A,https://cdn.shopify.com/s/files/1/0671/0552/1726/files/0-1781401743700.jpg?v=1787925677,1,191-BLRUND-50-001A,false,,,,,,,action,,,,,,,,,,,,lb,,,active
evil-judgment-vinegar-syndrome,Evil Judgment (Vinegar Syndrome),,Blu-Ray,Media > Videos,,"Blu-Ray, Formatted, Horror, Rental",true,Genre,Horror,,,,,,,,,0.0,shopify,1,deny,manual,0.00,,true,true,,,,,191-BLREVI-50-001A,https://cdn.shopify.com/s/files/1/0671/0552/1726/files/0-1781401618863_30bae1f5-1824-4c9a-8f95-a412cd0164eb.jpg?v=1787925677,1,191-BLREVI-50-001A,false,,,,,,,horror,,,,,,,,,,,,lb,,,active
delirium-vinegar-syndrome,DELIRIUM (Vinegar Syndrome),,Blu-Ray,Media > Videos,,"Blu-Ray, Formatted, Rental, Thriller",true,Genre,Thriller,,,,,,,,,0.0,shopify,1,deny,manual,0.00,,true,true,,,,,191-BLRDEL-50-001A,https://cdn.shopify.com/s/files/1/0671/0552/1726/files/0-1781401489447.jpg?v=1787925679,1,191-BLRDEL-50-001A,false,,,,,,,thriller,,,,,,,,,,,,lb,,,active
the-human-condition-criterion-collection,The Human Condition (Criterion Collection),,Blu-Ray,Media > Videos,,"Blu-Ray, Drama, Formatted, Rental",true,Genre,Drama,,,,,,,,,0.0,shopify,1,deny,manual,0.00,,true,true,,,,,191-BLRTH7-50-001A,https://cdn.shopify.com/s/files/1/0671/0552/1726/files/0-1781401286532.jpg?v=1787925680,1,191-BLRTH7-50-001A,false,,,,,,,drama,,,,,,,,,,,,lb,,,active
lost-picture-show-vinegar-syndrome,Lost Picture Show (Vinegar Syndrome),,Blu-Ray,Media > Videos,,"Blu-Ray, Formatted, Horror, Rental",true,Genre,Horror,,,,,,,,,0.0,shopify,1,deny,manual,0.00,,true,true,,,,,191-BLRLOS-50-001A,https://cdn.shopify.com/s/files/1/0671/0552/1726/files/0-1781402808593.jpg?v=1787925680,1,191-BLRLOS-50-001A,false,,,,,,,horror,,,,,,,,,,,,lb,,,active
hugo-mask-special-horrible-full-head-mask-with-hair,Hugo Mask Special! Horrible Full Head Mask With Hair!,,Blu-Ray,Media > Videos,,"Blu-Ray, Formatted, Horror, Rental",true,Genre,Horror,,,,,,,,,0.0,shopify,1,deny,manual,0.00,,true,true,,,,,191-BLRHUG-50-001A,https://cdn.shopify.com/s/files/1/0671/0552/1726/files/0-1781401192050.jpg?v=1787925681,1,191-BLRHUG-50-001A,false,,,,,,,horror,,,,,,,,,,,,lb,,,active
mothers-day-vinegar-syndrome,Mother's Day (Vinegar Syndrome),,4K,Media > Videos,,"4K, Formatted, Horror, Rental",true,Genre,Horror,,,,,,,,,0.0,shopify,1,deny,manual,0.00,,true,true,,,,,191-4K2MOT-50-001A,https://cdn.shopify.com/s/files/1/0671/0552/1726/files/0-1781402653277.jpg?v=1787925683,1,191-4K2MOT-50-001A,false,,,,,,,horror,,,,,,,,,,,,lb,,,active
the-prophecy-i-ii-iii-vinegar-syndrome,The Prophecy I-II-III (Vinegar Syndrome),,4K,Media > Videos,,"4K, Formatted, Horror, Rental",true,Genre,Horror,,,,,,,,,0.0,shopify,1,deny,manual,0.00,,true,true,,,,,191-BLRTH9-50-001A,https://cdn.shopify.com/s/files/1/0671/0552/1726/files/0-1781402359554_677912d4-5ef9-4b71-9237-4bec380ca9db.jpg?v=1787925684,1,191-BLRTH9-50-001A,false,,,,,,,horror,,,,,,,,,,,,lb,,,active
steel-and-lace-vinegar-syndrome,Steel and Lace (Vinegar Syndrome),,Blu-Ray,Media > Videos,,"Blu-Ray, Formatted, Rental, Sci-Fi",true,Genre,Sci-Fi,,,,,,,,,0.0,shopify,1,deny,manual,0.00,,true,true,,,,,191-BLRSTE-50-001A,https://cdn.shopify.com/s/files/1/0671/0552/1726/files/0-1781402271043.jpg?v=1787925685,1,191-BLRSTE-50-001A,false,,,,,,,sci-fi,,,,,,,,,,,,lb,,,active
the-sinful-dwarf-limited-collectors-edition,The Sinful Dwarf (Limited Collector's Edition),,Blu-Ray,Media > Videos,,"Blu-Ray, Formatted, Horror, Rental",true,Genre,Horror,,,,,,,,,0.0,shopify,1,deny,manual,0.00,,true,true,,,,,191-BLRTH6-50-001A,https://cdn.shopify.com/s/files/1/0671/0552/1726/files/0-1781397740417.jpg?v=1787925686,1,191-BLRTH6-50-001A,false,,,,,,,horror,,,,,,,,,,,,lb,,,active
m3gan-unrated-4k,M3GAN (Unrated) 4K,,4K,Media > Videos,,"4K, Formatted, Horror, Rental",true,Genre,Horror,,,,,,,,,0.0,shopify,1,deny,manual,0.00,,true,true,,,,,191-BLRM3G-50-001A,https://cdn.shopify.com/s/files/1/0671/0552/1726/files/0-1781397147671.jpg?v=1787925687,1,191-BLRM3G-50-001A,false,,,,,,,horror,,,,,,,,,,,,lb,,,active
the-boogeyman-vinegar-syndrome,The Boogeyman (Vinegar Syndrome),,4K,Media > Videos,,"4K, Formatted, Horror, Rental",true,Genre,Horror,,,,,,,,,0.0,shopify,1,deny,manual,0.00,,true,true,,,,,191-4K2THE-50-001A,https://cdn.shopify.com/s/files/1/0671/0552/1726/files/0-1781396963207.jpg?v=1787925689,1,191-4K2THE-50-001A,false,,,,,,,horror,,,,,,,,,,,,lb,,,active
bloodsucking-freaks-vinegar-syndrome,BLOODSUCKING FREAKS (Vinegar Syndrome),,Blu-Ray,Media > Videos,,"Blu-Ray, Formatted, Horror, Rental",true,Genre,Horror,,,,,,,,,0.0,shopify,1,deny,manual,0.00,,true,true,,,,,191-BLRBLO-50-001A,https://cdn.shopify.com/s/files/1/0671/0552/1726/files/0-1781396875869.jpg?v=1787925690,1,191-BLRBLO-50-001A,false,,,,,,,horror,,,,,,,,,,,,lb,,,active
zack-parkers-proxy,Zack Parker's Proxy,,Blu-Ray,Media > Videos,,"Blu-Ray, Formatted, Horror, Rental",true,Genre,Horror,,,,,,,,,0.0,shopify,1,deny,manual,0.00,,true,true,,,,,191-BLRZAC-50-001A,https://cdn.shopify.com/s/files/1/0671/0552/1726/files/0-1781396692495.jpg?v=1787925692,1,191-BLRZAC-50-001A,false,,,,,,,horror,,,,,,,,,,,,lb,,,active
bruce-lee-his-greatest-hits-criterion-collection,Bruce Lee: His Greatest Hits (Criterion Collection),,Blu-Ray,Media > Videos,,"Action, Blu-Ray, Formatted, Rental",true,Genre,Action,,,,,,,,,0.0,shopify,1,deny,manual,0.00,,true,true,,,,,191-BLRBRU-50-001A,https://cdn.shopify.com/s/files/1/0671/0552/1726/files/0-1781396498840.jpg?v=1787925692,1,191-BLRBRU-50-001A,false,,,,,,,action,,,,,,,,,,,,lb,,,active
waterworld-arrow-release,Waterworld (Arrow Release),,Blu-Ray,Media > Videos,,"Action, Blu-Ray, Formatted, Rental",true,Genre,Action,,,,,,,,,0.0,shopify,1,deny,manual,0.00,,true,true,,,,,191-BLRWAT-50-001A,https://cdn.shopify.com/s/files/1/0671/0552/1726/files/0-1781396390713.jpg?v=1787925693,1,191-BLRWAT-50-001A,false,,,,,,,action,,,,,,,,,,,,lb,,,active
in-the-line-of-duty-i-iv,In the Line of Duty I-IV,,Blu-Ray,Media > Videos,,"Action, Blu-Ray, Formatted, Rental",true,Genre,Action,,,,,,,,,0.0,shopify,1,deny,manual,0.00,,true,true,,,,,191-BLRINT-50-001A,https://cdn.shopify.com/s/files/1/0671/0552/1726/files/0-1781395919664.jpg?v=1787925697,1,191-BLRINT-50-001A,false,,,,,,,action,,,,,,,,,,,,lb,,,active
the-cardona-collection-vol-2-vinegar-syndrome,The Cardona Collection Vol. 2 (Vinegar Syndrome),,Blu-Ray,Media > Videos,,"Action, Blu-Ray, Formatted, Rental",true,Genre,Action,,,,,,,,,0.0,shopify,1,deny,manual,0.00,,true,true,,,,,191-BLRTHC-50-001A,https://cdn.shopify.com/s/files/1/0671/0552/1726/files/0-1781397077041_22562d93-2600-4a18-9dca-85859e4467f0.jpg?v=1787925697,1,191-BLRTHC-50-001A,false,,,,,,,action,,,,,,,,,,,,lb,,,active
renfield-dracula-sucks-edition,Renfield: Dracula Sucks Edition,,Blu-Ray,Media > Videos,,"Blu-Ray, Comedy, Formatted, Rental",true,Genre,Comedy,,,,,,,,,0.0,shopify,1,deny,manual,0.00,,true,true,,,,,191-BLRREN-50-001A,https://cdn.shopify.com/s/files/1/0671/0552/1726/files/0-1781378497315.jpg?v=1787925712,1,191-BLRREN-50-001A,false,,,,,,,comedy,,,,,,,,,,,,lb,,,active
hostel-part-ii-unseen-edition,Hostel Part II (Unseen Edition),,Blu-Ray,Media > Videos,,"Blu-Ray, Formatted, Horror, Rental",true,Genre,Horror,,,,,,,,,0.0,shopify,1,deny,manual,0.00,,true,true,,,,,191-BLRHOS-50-001A,https://cdn.shopify.com/s/files/1/0671/0552/1726/files/0-1781295079692.jpg?v=1787925715,1,191-BLRHOS-50-001A,false,,,,,,,horror,,,,,,,,,,,,lb,,,active
horrible-bosses-totally-inappropriate-edition,Horrible Bosses: Totally Inappropriate Edition,,Blu-Ray,Media > Videos,,"Blu-Ray, Comedy, Formatted, Rental",true,Genre,Comedy,,,,,,,,,0.0,shopify,1,deny,manual,0.00,,true,true,,,,,191-BLRHRR-50-001A,https://cdn.shopify.com/s/files/1/0671/0552/1726/files/0-1781292542707.jpg?v=1787925722,1,191-BLRHRR-50-001A,false,,,,,,,comedy,,,,,,,,,,,,lb,,,active
enter-the-void-full-length-directors-cut,Enter the Void (Full-Length Director's Cut),,Blu-Ray,Media > Videos,,"Blu-Ray, Drama, Formatted, Rental",true,Genre,Drama,,,,,,,,,0.0,shopify,1,deny,manual,0.00,,true,true,,,,,191-BLRENT-50-001A,https://cdn.shopify.com/s/files/1/0671/0552/1726/files/0-1781287227357.jpg?v=1787925736,1,191-BLRENT-50-001A,false,,,,,,,drama,,,,,,,,,,,,lb,,,active
cowboys-aliens-extended-edition,Cowboys & Aliens (Extended Edition),,Blu-Ray,Media > Videos,,"Action, Blu-Ray, Formatted, Rental",true,Genre,Action,,,,,,,,,0.0,shopify,1,deny,manual,0.00,,true,true,,,,,191-BLRCOW-50-001A,https://cdn.shopify.com/s/files/1/0671/0552/1726/files/0-1781285286175.jpg?v=1787925743,1,191-BLRCOW-50-001A,false,,,,,,,action,,,,,,,,,,,,lb,,,active
little-movie-club,Little Movie Club,,Supercycle,,Supercycle Plan,"Needs Review, Supercycle product",false,Title,Default Title,,,,,,,,,0.0,,0,deny,manual,0.00,,false,true,,,,,75689978,,,,false,,,,,,,,,,,,,,,,,,,lb,,,draft
overboard-vhs-1987-goldie-hawn-kurt-russell,Overboard Vhs 1987 Goldie Hawn Kurt Russell,,VHS,Media > Videos,,"Comedy, Formatted, Rental, VHS",false,Genre,Comedy,,,,,,,,,0.0,shopify,1,deny,manual,0.00,,true,true,,,,,191-VHSOVE-50-001A,,,,false,,,,,,,comedy,,,,,,,,,,,,lb,,,active
johnny-suede-1991,Johnny Suede 1991,,VHS,Media > Videos,,"Comedy, Formatted, Rental, VHS",false,Genre,Comedy,,,,,,,,,0.0,shopify,1,deny,manual,0.00,,true,true,,,,,191-VHSJOH-50-001A,,,,false,,,,,,,comedy,,,,,,,,,,,,lb,,,active
the-marx-brothers-in-the-coconuts,The Marx Brothers In The Coconuts,,VHS,Media > Videos,,"Comedy, Floor Sale, Formatted, VHS",false,Genre,Comedy,,,,,,,,,0.0,shopify,1,deny,manual,4.00,,true,true,,,,,191-VHSTH6-50-001A,,,,false,,,,,,,comedy,,,,,,,,,,,,lb,,,active
backtrack-1992-directors-cut,BackTrack (1992 Director's Cut),,VHS,Media > Videos,,"Floor Sale, Formatted, Thriller, VHS",true,Genre,Thriller,,,,,,,,,0.0,shopify,1,deny,manual,6.00,,true,true,,,,,191-VHSBCK-50-001A,https://cdn.shopify.com/s/files/1/0671/0552/1726/files/0-1780436584746.jpg?v=1787925774,1,191-VHSBCK-50-001A,false,,,,,,,thriller,,,,,,,,,,,,lb,,,active
an-american-summer-vhs,An American Summer [vhs],,VHS,Media > Videos,,"Drama, Formatted, Rental, VHS",false,Genre,Drama,,,,,,,,,0.0,shopify,1,deny,manual,0.00,,true,true,,,,,191-VHSNMR-50-001A,,,,false,,,,,,,drama,,,,,,,,,,,,lb,,,active
missing-link-peter-elliot-vhs-rare-1st-edition-original-release-1989-mca,Missing Link Peter Elliot Vhs Rare 1st Edition Original Release 1989 Mca,,VHS,Media > Videos,,"Floor Sale, Formatted, Sci-Fi, VHS",true,Genre,Sci-Fi,,,,,,,,,0.0,shopify,1,deny,manual,19.00,,true,true,,,,,191-VHSMIS-50-001A,https://cdn.shopify.com/s/files/1/0671/0552/1726/files/0-1780423894895_22e91a1b-d413-489f-9a8f-c8a49adaf7e8.jpg?v=1787925779,1,191-VHSMIS-50-001A,false,,,,,,,sci-fi,,,,,,,,,,,,lb,,,active
americas-great-national-parks-yosemite-yellowstone-grand-canyon-vhs-vcr-tapes,America's Great National Parks Yosemite Yellowstone Grand Canyon Vhs Vcr Tapes,,VHS,Media > Videos,,"Floor Sale, Formatted, Kids & Family, VHS",false,Genre,Kids & Family,,,,,,,,,0.0,shopify,1,deny,manual,6.00,,true,true,,,,,191-VHSAME-50-001A,,,,false,,,,,,,kids-family,,,,,,,,,,,,lb,,,draft
arlington-road-vhs-1999-jeff-bridges-tim-robbins,"Arlington Road (vhs, 1999) Jeff Bridges, Tim Robbins",,VHS,Media > Videos,,"Action, Floor Sale, Formatted, VHS",false,Genre,Action,,,,,,,,,0.0,shopify,1,deny,manual,6.00,,true,true,,,,,191-NKNARL-50-001A,,,,false,,,,,,,action,,,,,,,,,,,,lb,,,draft
a-league-of-their-own-madonna-tom-hanks-geena-davis-vhs,"A League Of Their Own Madonna, Tom Hanks, Geena Davis Vhs",,VHS,Media > Videos,,"Comedy, Formatted, Rental, VHS",true,Genre,Comedy,,,,,,,,,0.0,shopify,1,deny,manual,0.00,,true,true,,,,,191-NKNALE-50-001A,https://cdn.shopify.com/s/files/1/0671/0552/1726/files/0-1780412332044.jpg?v=1787925809,1,191-NKNALE-50-001A,false,,,,,,,comedy,,,,,,,,,,,,lb,,,active
an-evening-with-robin-williams-live-uncensored,An Evening With Robin Williams: Live & Uncensored,,VHS,Media > Videos,,"Comedy, Floor Sale, Formatted, VHS",true,Genre,Comedy,,,,,,,,,0.0,shopify,1,deny,manual,6.00,,true,true,,,,,191-VHSANE-001A,https://cdn.shopify.com/s/files/1/0671/0552/1726/files/0-1780185844146.jpg?v=1787925816,1,An Evening With Robin Williams: Live & Uncensored poster,false,,,,,,,comedy,,,,,,,,,,,,lb,,,active
the-jerky-boys-the-movie,The Jerky Boys: The Movie,,VHS,Media > Videos,,"Comedy, Floor Sale, Formatted, VHS",true,Genre,Comedy,,,,,,,,,0.0,shopify,1,deny,manual,14.00,,true,true,,,,,191-VHSTHJ-001A,https://cdn.shopify.com/s/files/1/0671/0552/1726/files/0-1780185030687.jpg?v=1787925822,1,The Jerky Boys: The Movie poster,false,,,,,,,comedy,,,,,,,,,,,,lb,,,active
jerry-seinfeld-comedian-demo-tape,Jerry Seinfeld: Comedian (Demo Tape),,VHS,Media > Videos,,"Comedy, Floor Sale, Formatted, VHS",true,Genre,Comedy,,,,,,,,,0.0,shopify,1,deny,manual,4.00,,true,true,,,,,191-VHSJER-F-001A,https://cdn.shopify.com/s/files/1/0671/0552/1726/files/0-1780180025880.jpg?v=1787925828,1,Jerry Seinfeld: Comedian (Demo Tape) poster,false,,,,,,,comedy,,,,,,,,,,,,lb,,,active
sprung-way-past-whipped,Sprung: Way Past Whipped!,,VHS,Media > Videos,,"Comedy, Floor Sale, Formatted, VHS",true,Genre,Comedy,,,,,,,,,0.0,shopify,1,deny,manual,5.00,,true,true,,,,,191-VHSSPR-50-002A,https://cdn.shopify.com/s/files/1/0671/0552/1726/files/0-1780179145726.jpg?v=1787925830,1,Sprung: Way Past Whipped! poster,false,,,,,,,comedy,,,,,,,,,,,,lb,,,active
