Handle,Batch,Status,Category,Note
a-bugs-life,batch-002,false_alarm,,Circa description matched verbatim but content is a correct movie synopsis
advice-from-a-caterpillar,batch-002,false_alarm,,Circa description matched verbatim but content is a correct movie synopsis
almost-famous,batch-002,false_alarm,,Circa description matched verbatim but content is a correct movie synopsis
americas-great-national-parks-yosemite-yellowstone-grand-canyon-vhs-vcr-tapes,batch-002,false_alarm,,Circa description matched verbatim but content is a correct movie synopsis
an-american-summer-vhs,batch-002,false_alarm,,Circa description matched verbatim but content is a correct movie synopsis
angel-eyes,batch-002,false_alarm,,Circa description matched verbatim but content is a correct movie synopsis
area-51-secrets-of-dreamland,batch-002,false_alarm,,Circa description matched verbatim but content is a correct movie synopsis
assassin,batch-002,false_alarm,,Circa description matched verbatim but content is a correct movie synopsis
bad-behavior,batch-002,false_alarm,,Circa description matched verbatim but content is a correct movie synopsis
better-luck-tomorrow,batch-002,false_alarm,,Circa description matched verbatim but content is a correct movie synopsis
box-of-moonlight,batch-002,false_alarm,,Circa description matched verbatim but content is a correct movie synopsis
cheaters,batch-003,false_alarm,,Circa description matched verbatim but content is a correct movie synopsis
cold-front,batch-002,false_alarm,,Circa description matched verbatim but content is a correct movie synopsis
deja-vu,batch-002,false_alarm,,Circa description matched verbatim but content is a correct movie synopsis
goodfellas,batch-003,false_alarm,,Circa description matched verbatim but content is a correct movie synopsis
herbie-fully-loaded,batch-003,false_alarm,,Circa description matched verbatim but content is a correct movie synopsis
journey-of-natty-gann,batch-002,false_alarm,,Circa description matched verbatim but content is a correct movie synopsis
missing-link-peter-elliot-vhs-rare-1st-edition-original-release-1989-mca,batch-002,false_alarm,,Circa description matched verbatim but content is a correct movie synopsis
mr-mrs-smith,batch-002,false_alarm,,Circa description matched verbatim but content is a correct movie synopsis
necessary-roughness,batch-002,false_alarm,,Circa description matched verbatim but content is a correct movie synopsis
quick-change,batch-002,false_alarm,,Circa description matched verbatim but content is a correct movie synopsis
snitch,batch-002,false_alarm,,Circa description matched verbatim but content is a correct movie synopsis
streets,batch-002,false_alarm,,Circa description matched verbatim but content is a correct movie synopsis
the-appaloosa,batch-002,false_alarm,,Circa description matched verbatim but content is a correct movie synopsis
the-arrogant,batch-002,false_alarm,,Circa description matched verbatim but content is a correct movie synopsis
the-aviator-1985,batch-002,false_alarm,,Circa description matched verbatim but content is a correct movie synopsis
the-forgotten,batch-003,false_alarm,,Circa description matched verbatim but content is a correct movie synopsis
the-man-in-the-moon,batch-002,false_alarm,,Circa description matched verbatim but content is a correct movie synopsis
the-monkeys-uncle,batch-003,false_alarm,,Circa description matched verbatim but content is a correct movie synopsis
the-rugrats-movie,batch-002,false_alarm,,Circa description matched verbatim but content is a correct movie synopsis
tootsie,batch-002,false_alarm,,Circa description matched verbatim but content is a correct movie synopsis
trainwreck,batch-002,false_alarm,,Circa description matched verbatim but content is a correct movie synopsis
wrath-of-man,batch-002,false_alarm,,Circa description matched verbatim but content is a correct movie synopsis
a-blade-in-the-dark-vinegar-syndrome,batch-002,already_fixed,board_game,"Circa description was wrong-category (board_game); production has a different, correct description"
a-time-to-kill-the-pelican-brief-the-client,batch-003,already_fixed,book,"Circa description was wrong-category (book); production has a different, correct description"
alfredo-alfredo,batch-002,already_fixed,apparel,"Circa description was wrong-category (apparel); production has a different, correct description"
amazing-spider-man-2,batch-003,already_fixed,board_game,"Circa description was wrong-category (board_game); production has a different, correct description"
american-made,batch-003,already_fixed,apparel,"Circa description was wrong-category (apparel); production has a different, correct description"
an-african-dream,batch-002,already_fixed,board_game,"Circa description was wrong-category (board_game); production has a different, correct description"
another-day-in-paradise,batch-002,already_fixed,apparel,"Circa description was wrong-category (apparel); production has a different, correct description"
apt-pupil,batch-002,already_fixed,book,"Circa description was wrong-category (book); production has a different, correct description"
arlington-road-vhs-1999-jeff-bridges-tim-robbins,batch-002,already_fixed,apparel,"Circa description was wrong-category (apparel); production has a different, correct description"
billy-madison,batch-002,already_fixed,apparel,"Circa description was wrong-category (apparel); production has a different, correct description"
broken-hearts-club,batch-002,already_fixed,apparel,"Circa description was wrong-category (apparel); production has a different, correct description"
case-39,batch-002,already_fixed,apparel,"Circa description was wrong-category (apparel); production has a different, correct description"
cell,batch-002,already_fixed,apparel,"Circa description was wrong-category (apparel); production has a different, correct description"
cloud-atlas,batch-002,already_fixed,book,"Circa description was wrong-category (book); production has a different, correct description"
come-see-the-paradise,batch-002,already_fixed,apparel,"Circa description was wrong-category (apparel); production has a different, correct description"
critters-attack,batch-002,already_fixed,toy,"Circa description was wrong-category (toy); production has a different, correct description"
deconstructing-harry,batch-002,already_fixed,book,"Circa description was wrong-category (book); production has a different, correct description"
delirium-vinegar-syndrome,batch-002,already_fixed,apparel,"Circa description was wrong-category (apparel); production has a different, correct description"
den-of-thieves,batch-002,already_fixed,board_game,"Circa description was wrong-category (board_game); production has a different, correct description"
doomsday,batch-002,already_fixed,apparel,"Circa description was wrong-category (apparel); production has a different, correct description"
dredd,batch-002,already_fixed,book,"Circa description was wrong-category (book); production has a different, correct description"
driven,batch-002,already_fixed,apparel,"Circa description was wrong-category (apparel); production has a different, correct description"
evil-judgment-vinegar-syndrome,batch-002,already_fixed,toy,"Circa description was wrong-category (toy); production has a different, correct description"
get-out-of-my-room,batch-002,already_fixed,apparel,"Circa description was wrong-category (apparel); production has a different, correct description"
gwen-and-the-book-of-sand,batch-002,already_fixed,book,"Circa description was wrong-category (book); production has a different, correct description"
i-am-legend,batch-002,already_fixed,apparel,"Circa description was wrong-category (apparel); production has a different, correct description"
josie-and-the-pussycats,batch-002,already_fixed,apparel,"Circa description was wrong-category (apparel); production has a different, correct description"
juno,batch-003,already_fixed,apparel,"Circa description was wrong-category (apparel); production has a different, correct description"
killing-them-softly,batch-002,already_fixed,apparel,"Circa description was wrong-category (apparel); production has a different, correct description"
lost-in-america,batch-002,already_fixed,apparel,"Circa description was wrong-category (apparel); production has a different, correct description"
lost-picture-show-vinegar-syndrome,batch-002,already_fixed,book,"Circa description was wrong-category (book); production has a different, correct description"
lovers-lane-arrow,batch-002,already_fixed,apparel,"Circa description was wrong-category (apparel); production has a different, correct description"
manhattan-murder-mystery,batch-002,already_fixed,apparel,"Circa description was wrong-category (apparel); production has a different, correct description"
medallion,batch-003,already_fixed,jewelry,"Circa description was wrong-category (jewelry); production has a different, correct description"
memoirs-of-a-geisha,batch-003,already_fixed,book,"Circa description was wrong-category (book); production has a different, correct description"
milk-money,batch-003,already_fixed,apparel,"Circa description was wrong-category (apparel); production has a different, correct description"
never-been-kissed,batch-002,already_fixed,apparel,"Circa description was wrong-category (apparel); production has a different, correct description"
officer-downe,batch-002,already_fixed,book,"Circa description was wrong-category (book); production has a different, correct description"
only-the-lonely,batch-002,already_fixed,apparel,"Circa description was wrong-category (apparel); production has a different, correct description"
opportunity-knocks,batch-002,already_fixed,apparel,"Circa description was wrong-category (apparel); production has a different, correct description"
perfect,batch-002,already_fixed,apparel,"Circa description was wrong-category (apparel); production has a different, correct description"
philadelphia,batch-003,already_fixed,apparel,"Circa description was wrong-category (apparel); production has a different, correct description"
power-rangers,batch-002,already_fixed,toy,"Circa description was wrong-category (toy); production has a different, correct description"
pulp-fiction,batch-003,already_fixed,book,"Circa description was wrong-category (book); production has a different, correct description"
relentless-3,batch-002,already_fixed,apparel,"Circa description was wrong-category (apparel); production has a different, correct description"
salems-lot,batch-002,already_fixed,book,"Circa description was wrong-category (book); production has a different, correct description"
say-anything,batch-003,already_fixed,board_game,"Circa description was wrong-category (board_game); production has a different, correct description"
second-sight,batch-002,already_fixed,apparel,"Circa description was wrong-category (apparel); production has a different, correct description"
shoot-em-up,batch-002,already_fixed,board_game,"Circa description was wrong-category (board_game); production has a different, correct description"
sin-city-a-dame-to-kill-for,batch-002,already_fixed,book,"Circa description was wrong-category (book); production has a different, correct description"
sour-grapes,batch-002,already_fixed,apparel,"Circa description was wrong-category (apparel); production has a different, correct description"
the-adventures-of-pluto-nash,batch-002,already_fixed,apparel,"Circa description was wrong-category (apparel); production has a different, correct description"
the-big-red-one,batch-002,already_fixed,apparel,"Circa description was wrong-category (apparel); production has a different, correct description"
the-dawning,batch-002,already_fixed,apparel,"Circa description was wrong-category (apparel); production has a different, correct description"
the-life-aquatic-with-steve-zissou,batch-002,already_fixed,apparel,"Circa description was wrong-category (apparel); production has a different, correct description"
the-sea-hawk,batch-002,already_fixed,book,"Circa description was wrong-category (book); production has a different, correct description"
trial-by-jury,batch-003,already_fixed,board_game,"Circa description was wrong-category (board_game); production has a different, correct description"
triple-9,batch-002,already_fixed,apparel,"Circa description was wrong-category (apparel); production has a different, correct description"
unlikely-angel,batch-002,already_fixed,apparel,"Circa description was wrong-category (apparel); production has a different, correct description"
van-helsing,batch-003,already_fixed,apparel,"Circa description was wrong-category (apparel); production has a different, correct description"
youve-got-mail,batch-002,already_fixed,apparel,"Circa description was wrong-category (apparel); production has a different, correct description"
