Handle,Title,Body (HTML),Vendor,Product Category,Type,Tags,Published,Option1 Name,Option1 Value,Option1 Linked To,Option2 Name,Option2 Value,Option2 Linked To,Option3 Name,Option3 Value,Option3 Linked To,Variant SKU,Variant Grams,Variant Inventory Tracker,Variant Inventory Qty,Variant Inventory Policy,Variant Fulfillment Service,Variant Price,Variant Compare At Price,Variant Requires Shipping,Variant Taxable,Unit Price Total Measure,Unit Price Total Measure Unit,Unit Price Base Measure,Unit Price Base Measure Unit,Variant Barcode,Image Src,Image Position,Image Alt Text,Gift Card,SEO Title,SEO Description,Rental Availability (product.metafields.scf.avf),Genre (product.metafields.shopify.genre),Language version (product.metafields.shopify.language-version),Media content type (product.metafields.shopify.media-content-type),MPAA rating (product.metafields.shopify.mpaa-rating),Target audience (product.metafields.shopify.target-audience),Variant Image,Variant Weight Unit,Variant Tax Code,Cost per item,Status
day-of-the-assassin-vhs-floor-sale-action,Day of the Assassin,,VHS,,,"Action, Floor Sale",true,Genre,Action,,,,,,,,,0.0,shopify,1,deny,manual,5.00,,true,true,,,,,53437690,,,,false,,,,,,,,,,lb,,,active
oxford-blues-beta-floor-sale-drama,Oxford Blues,,BETA,,,"Drama, Floor Sale",true,Genre,Drama,,,,,,,,,0.0,shopify,1,deny,manual,7.00,,true,true,,,,,53404922,,,,false,,,,,,,,,,lb,,,active
mute-witness-vhs-floor-sale-horror,Mute Witness,,VHS,,,"Floor Sale, Horror",true,Genre,Horror,,,,,,,,,0.0,shopify,1,deny,manual,10.00,,true,true,,,,,53339386,,,,false,,,,,,,,,,lb,,,active
the-wedding-singer-vhs-floor-sale-comedy,The Wedding Singer,,VHS,,,"Comedy, Floor Sale",true,Genre,Comedy,,,,,,,,,0.0,shopify,1,deny,manual,7.00,,true,true,,,,,53273850,,,,false,,,,,,,,,,lb,,,active
clerks-vhs-floor-sale-comedy,Clerks,,VHS,,,"Comedy, Floor Sale",true,Genre,Comedy,,,,,,,,,0.0,shopify,1,deny,manual,8.00,,true,true,,,,,53241082,,,,false,,,,,,,,,,lb,,,active
devils-advocate-vhs-floor-sale-thriller,Devil's Advocate,,VHS,,,"Floor Sale, Thriller",true,Genre,Thriller,,,,,,,,,0.0,shopify,1,deny,manual,7.00,,true,true,,,,,53208314,,,,false,,,,,,,,,,lb,,,active
better-than-chocolate-vhs-floor-sale-drama,Better Than Chocolate,,VHS,,,"Drama, Floor Sale",true,Genre,Drama,,,,,,,,,0.0,shopify,1,deny,manual,5.00,,true,true,,,,,53175546,,,,false,,,,,,,,,,lb,,,active
raiders-of-the-lost-ark-vhs-floor-sale-action,Raiders of the Lost Ark,,VHS,,,"Action, Floor Sale",true,Genre,Action,,,,,,,,,0.0,shopify,1,deny,manual,8.00,,true,true,,,,,53142778,,,,false,,,,,,,,,,lb,,,active
public-access-vhs-floor-sale-thriller,Public Access,,VHS,,,"Floor Sale, Thriller",true,Genre,Thriller,,,,,,,,,0.0,shopify,1,deny,manual,6.00,,true,true,,,,,53110010,,,,false,,,,,,,,,,lb,,,active
lord-of-the-rings-the-fellowship-of-the-ring-vhs-floor-sale-fantasy,Lord of the Rings The Fellowship of the Ring,,VHS,,,"Fantasy, Floor Sale",true,Genre,Fantasy,,,,,,,,,0.0,shopify,1,deny,manual,7.00,,true,true,,,,,53077242,,,,false,,,,,,,,,,lb,,,active
the-game-vhs-floor-sale-thriller,The Game,,VHS,,,"Floor Sale, Thriller",true,Genre,Thriller,,,,,,,,,0.0,shopify,1,deny,manual,8.00,,true,true,,,,,52061434,,,,false,,,,,,,,,,lb,,,active
independance-day-vhs-floor-sale-sci-fi,Independance Day,,VHS,,,"Floor Sale, Sci-Fi",true,Genre,Sci-Fi,,,,,,,,,0.0,shopify,1,deny,manual,8.00,,true,true,,,,,49931514,,,,false,,,,,,,,,,lb,,,active
the-vanishing-vhs-floor-sale-thriller,The Vanishing,,VHS,,,"Floor Sale, Thriller",true,Genre,Thriller,,,,,,,,,0.0,shopify,1,deny,manual,10.00,,true,true,,,,,85706234,,,,false,,,,,,,,,,lb,,,active
the-hand-vhs-floor-sale-horror,The Hand,,VHS,,,"Floor Sale, Horror",true,Genre,Horror,,,,,,,,,0.0,shopify,1,deny,manual,20.00,,true,true,,,,,85673466,,,,false,,,,,,,,,,lb,,,active
heart-vhs-floor-sale-drama,Heart,,VHS,,,"Drama, Floor Sale",true,Genre,Drama,,,,,,,,,0.0,shopify,1,deny,manual,5.00,,true,true,,,,,85640698,,,,false,,,,,,,,,,lb,,,active
dead-space-vhs-floor-sale-sci-fi,Dead Space,,VHS,,,"Floor Sale, Sci-Fi",true,Genre,Sci-Fi,,,,,,,,,0.0,shopify,1,deny,manual,8.00,,true,true,,,,,85607930,,,,false,,,,,,,,,,lb,,,active
road-scholar-vhs-floor-sale-documentary,Road Scholar,,VHS,,,"Documentary, Floor Sale",true,Genre,Documentary,,,,,,,,,0.0,shopify,1,deny,manual,7.00,,true,true,,,,,85509626,,,,false,,,,,,,,,,lb,,,active
captain-corellis-vhs-floor-sale-drama,Captain Corelli's,,VHS,,,"Drama, Floor Sale",true,Genre,Drama,,,,,,,,,0.0,shopify,1,deny,manual,6.00,,true,true,,,,,85476858,,,,false,,,,,,,,,,lb,,,active
dangerous-minds-vhs-floor-sale-drama,Dangerous Minds,,VHS,,,"Drama, Floor Sale",true,Genre,Drama,,,,,,,,,0.0,shopify,1,deny,manual,8.00,,true,true,,,,,85149178,,,,false,,,,,,,,,,lb,,,active
daylight-vhs-floor-sale-action,Daylight,,VHS,,,"Action, Floor Sale",true,Genre,Action,,,,,,,,,0.0,shopify,1,deny,manual,7.00,,true,true,,,,,85116410,,,,false,,,,,,,,,,lb,,,active
sparkler-vhs-floor-sale-comedy,Sparkler,,VHS,,,"Comedy, Floor Sale",true,Genre,Comedy,,,,,,,,,0.0,shopify,1,deny,manual,7.00,,true,true,,,,,85083642,,,,false,,,,,,,,,,lb,,,active
the-boys-club-vhs-floor-sale-thriller,The Boys Club,,VHS,,,"Floor Sale, Thriller",true,Genre,Thriller,,,,,,,,,0.0,shopify,1,deny,manual,7.00,,true,true,,,,,85050874,,,,false,,,,,,,,,,lb,,,active
the-claim-vhs-floor-sale-drama,The Claim,,VHS,,,"Drama, Floor Sale",true,Genre,Drama,,,,,,,,,0.0,shopify,1,deny,manual,6.00,,true,true,,,,,85018106,,,,false,,,,,,,,,,lb,,,active
the-spider-and-the-fly-vhs-floor-sale-drama,The Spider and the Fly,,VHS,,,"Drama, Floor Sale",true,Genre,Drama,,,,,,,,,0.0,shopify,1,deny,manual,7.00,,true,true,,,,,84985338,,,,false,,,,,,,,,,lb,,,active
camoulage-vhs-floor-sale-comedy,Camoulage,,VHS,,,"Comedy, Floor Sale",true,Genre,Comedy,,,,,,,,,0.0,shopify,1,deny,manual,6.00,,true,true,,,,,84919802,,,,false,,,,,,,,,,lb,,,active
deuces-wild-vhs-floor-sale-drama,Deuces Wild,,VHS,,,"Drama, Floor Sale",true,Genre,Drama,,,,,,,,,0.0,shopify,1,deny,manual,6.00,,true,true,,,,,84854266,,,,false,,,,,,,,,,lb,,,active
snatch-vhs-floor-sale-comedy,Snatch,,VHS,,,"Comedy, Floor Sale",true,Genre,Comedy,,,,,,,,,0.0,shopify,1,deny,manual,10.00,,true,true,,,,,84821498,,,,false,,,,,,,,,,lb,,,active
singles-vhs-floor-sale-romantic-comedy,Singles,,VHS,,,"Floor Sale, Romantic Comedy",true,Genre,Romantic Comedy,,,,,,,,,0.0,shopify,1,deny,manual,7.00,,true,true,,,,,84788730,,,,false,,,,,,,,,,lb,,,active
ermo-vhs-floor-sale-foreign,Ermo,,VHS,,,"Floor Sale, Foreign",true,Genre,Foreign,,,,,,,,,0.0,shopify,1,deny,manual,15.00,,true,true,,,,,84755962,,,,false,,,,,,,,,,lb,,,active
dial-m-for-murder-vhs-floor-sale-thriller,Dial M for Murder,,VHS,,,"Floor Sale, Thriller",true,Genre,Thriller,,,,,,,,,0.0,shopify,1,deny,manual,7.00,,true,true,,,,,84723194,,,,false,,,,,,,,,,lb,,,active
lost-found-vhs-floor-sale-romantic-comedy,Lost & Found,,VHS,,,"Floor Sale, Romantic Comedy",true,Genre,Romantic Comedy,,,,,,,,,0.0,shopify,1,deny,manual,5.00,,true,true,,,,,84690426,,,,false,,,,,,,,,,lb,,,active
the-island-of-dr-moreau-1978-vhs-floor-sale-horror,The Island of Dr. Moreau (1978),,VHS,,,"Floor Sale, Horror",true,Genre,Horror,,,,,,,,,0.0,shopify,1,deny,manual,7.00,,true,true,,,,,48252410,,,,false,,,,,,,,,,lb,,,active
the-island-of-dr-moreau-1996-vhs-floor-sale-horror,The Island of Dr. Moreau (1996),,VHS,,,"Floor Sale, Horror",true,Genre,Horror,,,,,,,,,0.0,shopify,1,deny,manual,8.00,,true,true,,,,,48219642,,,,false,,,,,,,,,,lb,,,active
psycho-iii-vhs-floor-sale-horror,Psycho III,,VHS,,,"Floor Sale, Horror",true,Genre,Horror,,,,,,,,,0.0,shopify,1,deny,manual,9.00,,true,true,,,,,48186874,,,,false,,,,,,,,,,lb,,,active
new-crime-city-los-angeles-2020-vhs-floor-sale-sci-fi,New Crime City: Los Angeles 2020,,VHS,,,"Floor Sale, Sci-Fi",true,Genre,Sci-Fi,,,,,,,,,0.0,shopify,1,deny,manual,8.00,,true,true,,,,,48154106,,,,false,,,,,,,,,,lb,,,active
mennos-mind-vhs-floor-sale-sci-fi,Menno's Mind,,VHS,,,"Floor Sale, Sci-Fi",true,Genre,Sci-Fi,,,,,,,,,0.0,shopify,1,deny,manual,8.00,,true,true,,,,,48121338,,,,false,,,,,,,,,,lb,,,active
blank-check-vhs-floor-sale-kids-family,Blank Check,,VHS,,,"Floor Sale, Kids & Family",true,Genre,Kids & Family,,,,,,,,,0.0,shopify,1,deny,manual,6.00,,true,true,,,,,48088570,,,,false,,,,,,,,,,lb,,,active
standing-in-the-sahows-of-motown-vhs-floor-sale-documentary,Standing in the Sahows of Motown,,VHS,,,"Documentary, Floor Sale",true,Genre,Documentary,,,,,,,,,0.0,shopify,1,deny,manual,7.00,,true,true,,,,,48055802,,,,false,,,,,,,,,,lb,,,active
la-femme-nikita-vhs-floor-sale-action,La Femme Nikita,,VHS,,,"Action, Floor Sale",true,Genre,Action,,,,,,,,,0.0,shopify,1,deny,manual,7.00,,true,true,,,,,48023034,,,,false,,,,,,,,,,lb,,,active
master-ninja-vhs-floor-sale-action,Master Ninja,,VHS,,,"Action, Floor Sale",true,Genre,Action,,,,,,,,,0.0,shopify,1,deny,manual,8.00,,true,true,,,,,47990266,,,,false,,,,,,,,,,lb,,,active
charlottes-web-vhs-floor-sale-kids-family,Charlotte's Web,,VHS,,,"Floor Sale, Kids & Family",true,Genre,Kids & Family,,,,,,,,,0.0,shopify,1,deny,manual,5.00,,true,true,,,,,47957498,,,,false,,,,,,,,,,lb,,,active
dream-child-vhs-floor-sale-fantasy,Dream Child,,VHS,,,"Fantasy, Floor Sale",true,Genre,Fantasy,,,,,,,,,0.0,shopify,1,deny,manual,7.00,,true,true,,,,,47924730,,,,false,,,,,,,,,,lb,,,active
surviving-christmas-vhs-floor-sale-holiday,Surviving Christmas,,VHS,,,"Floor Sale, Holiday",true,Genre,Holiday,,,,,,,,,0.0,shopify,1,deny,manual,5.00,,true,true,,,,,47891962,,,,false,,,,,,,,,,lb,,,active
canadian-bacon-vhs-floor-sale-comedy,Canadian Bacon,,VHS,,,"Comedy, Floor Sale",true,Genre,Comedy,,,,,,,,,0.0,shopify,1,deny,manual,6.00,,true,true,,,,,47859194,,,,false,,,,,,,,,,lb,,,active
from-russia-with-love-vhs-floor-sale-action,From Russia With Love,,VHS,,,"Action, Floor Sale",true,Genre,Action,,,,,,,,,0.0,shopify,1,deny,manual,6.00,,true,true,,,,,47826426,,,,false,,,,,,,,,,lb,,,active
at-home-with-the-webbers-vhs-floor-sale-comedy,At Home With the Webbers,,VHS,,,"Comedy, Floor Sale",true,Genre,Comedy,,,,,,,,,0.0,shopify,1,deny,manual,5.00,,true,true,,,,,47793658,,,,false,,,,,,,,,,lb,,,active
brainstorm-vhs-floor-sale-sci-fi,Brainstorm,,VHS,,,"Floor Sale, Sci-Fi",true,Genre,Sci-Fi,,,,,,,,,0.0,shopify,1,deny,manual,6.00,,true,true,,,,,47760890,,,,false,,,,,,,,,,lb,,,active
devil-in-a-blue-dress-vhs-floor-sale-drama,Devil in a Blue Dress,,VHS,,,"Drama, Floor Sale",true,Genre,Drama,,,,,,,,,0.0,shopify,1,deny,manual,6.00,,true,true,,,,,47728122,,,,false,,,,,,,,,,lb,,,active
total-recall-vhs-floor-sale-sci-fi,Total Recall,,VHS,,,"Floor Sale, Sci-Fi",true,Genre,Sci-Fi,,,,,,,,,0.0,shopify,1,deny,manual,8.00,,true,true,,,,,47695354,,,,false,,,,,,,,,,lb,,,active
say-anything-vhs-floor-sale-romantic-comedy,Say Anything,,VHS,,,"Floor Sale, Romantic Comedy",true,Genre,Romantic Comedy,,,,,,,,,0.0,shopify,1,deny,manual,8.00,,true,true,,,,,47662586,,,,false,,,,,,,,,,lb,,,active
boys-dont-cry-vhs-floor-sale-drama,Boys Don't Cry,,VHS,,,"Drama, Floor Sale",true,Genre,Drama,,,,,,,,,0.0,shopify,1,deny,manual,8.00,,true,true,,,,,47629818,,,,false,,,,,,,,,,lb,,,active
dead-connection-vhs-floor-sale-horror,Dead Connection,,VHS,,,"Floor Sale, Horror",true,Genre,Horror,,,,,,,,,0.0,shopify,1,deny,manual,7.00,,true,true,,,,,47597050,,,,false,,,,,,,,,,lb,,,active
a-chorus-of-disapproval-vhs-floor-sale-comedy,A Chorus of Disapproval,,VHS,,,"Comedy, Floor Sale",true,Genre,Comedy,,,,,,,,,0.0,shopify,1,deny,manual,6.00,,true,true,,,,,47564282,,,,false,,,,,,,,,,lb,,,active
survival-of-the-illest-vhs-floor-sale-documentary,Survival of the Illest,,VHS,,,"Documentary, Floor Sale",true,Genre,Drama,,,,,,,,,0.0,shopify,1,deny,manual,8.00,,true,true,,,,,47531514,,,,false,,,,,,,,,,lb,,,active
overdrawn-at-the-memory-bank-vhs-floor-sale-sci-fi,Overdrawn at the Memory Bank,,VHS,Uncategorized,,"Floor Sale, Sci-Fi",true,Genre,Sci-Fi,,,,,,,,,0.0,shopify,1,deny,manual,8.00,,true,true,,,,,04368122,,,,false,,,,,,,,,,lb,,,active
live-flesh-vhs-floor-sale-drama,Live Flesh,,VHS,,,"Drama, Floor Sale",true,Genre,Drama,,,,,,,,,0.0,shopify,1,deny,manual,8.00,,true,true,,,,,04335354,,,,false,,,,,,,,,,lb,,,active
savage-vhs-floor-sale-action,Savage,,VHS,,,"Action, Floor Sale",true,Genre,Action,,,,,,,,,0.0,shopify,1,deny,manual,8.00,,true,true,,,,,04302586,,,,false,,,,,,,,,,lb,,,active
moontrap-vhs-floor-sale-sci-fi,Moontrap,,VHS,,,"Floor Sale, Sci-Fi",true,Genre,Sci-Fi,,,,,,,,,0.0,shopify,1,deny,manual,10.00,,true,true,,,,,04237050,,,,false,,,,,,,,,,lb,,,active
special-effects-vhs-floor-sale-horror,Special Effects,,VHS,,,"Floor Sale, Horror",true,Genre,Horror,,,,,,,,,0.0,shopify,1,deny,manual,10.00,,true,true,,,,,04204282,,,,false,,,,,,,,,,lb,,,active
bob-roberts-vhs-floor-sale-comedy,Bob Roberts,,VHS,,,"Comedy, Floor Sale",true,Genre,Comedy,,,,,,,,,0.0,shopify,1,deny,manual,6.00,,true,true,,,,,04171514,,,,false,,,,,,,,,,lb,,,active
cool-world-vhs-floor-sale-action,Cool World,,VHS,,,"Action, Floor Sale",true,Genre,Action,,,,,,,,,0.0,shopify,1,deny,manual,11.00,,true,true,,,,,04138746,,,,false,,,,,,,,,,lb,,,active
forbidden-sun-vhs-floor-sale-drama,Forbidden Sun,,VHS,,,"Drama, Floor Sale",true,Genre,Drama,,,,,,,,,0.0,shopify,1,deny,manual,5.00,,true,true,,,,,04105978,,,,false,,,,,,,,,,lb,,,active
the-four-feathers-vhs-floor-sale-drama,The Four Feathers,,VHS,,,"Drama, Floor Sale",true,Genre,Drama,,,,,,,,,0.0,shopify,1,deny,manual,6.00,,true,true,,,,,04073210,,,,false,,,,,,,,,,lb,,,active
mac-vhs-floor-sale-drama,Mac,,VHS,,,"Drama, Floor Sale",true,Genre,Drama,,,,,,,,,0.0,shopify,1,deny,manual,10.00,,true,true,,,,,02959098,,,,false,,,,,,,,,,lb,,,active
jay-and-silent-bob-strike-back-vhs-floor-sale-comedy,Jay and Silent Bob Strike Back,,VHS,,,"Comedy, Floor Sale",true,Genre,Comedy,,,,,,,,,0.0,shopify,1,deny,manual,10.00,,true,true,,,,,02336506,,,,false,,,,,,,,,,lb,,,active
galaxy-quest-vhs-floor-sale-sci-fi,Galaxy Quest,,VHS,,,"Floor Sale, Sci-Fi",true,Genre,Sci-Fi,,,,,,,,,0.0,shopify,1,deny,manual,12.00,,true,true,,,,,02303738,,,,false,,,,,,,,,,lb,,,active
breakaway-vhs-floor-sale-drama,Breakaway,,VHS,,,"Drama, Floor Sale",true,Genre,Drama,,,,,,,,,0.0,shopify,1,deny,manual,5.00,,true,true,,,,,02238202,,,,false,,,,,,,,,,lb,,,active
bread-roses-vhs-floor-sale-drama,Bread & Roses,,VHS,,,"Drama, Floor Sale",true,Genre,Drama,,,,,,,,,0.0,shopify,1,deny,manual,6.00,,true,true,,,,,02205434,,,,false,,,,,,,,,,lb,,,active
antonias-line-vhs-floor-sale-drama,Antonia's Line,,VHS,,,"Drama, Floor Sale",true,Genre,Drama,,,,,,,,,0.0,shopify,1,deny,manual,8.00,,true,true,,,,,02172666,,,,false,,,,,,,,,,lb,,,active
brenda-starr-vhs-floor-sale-comedy,Brenda Starr,,VHS,,,"Comedy, Floor Sale",true,Genre,Comedy,,,,,,,,,0.0,shopify,1,deny,manual,7.00,,true,true,,,,,02139898,,,,false,,,,,,,,,,lb,,,active
bubble-boy-vhs-floor-sale-comedy,Bubble Boy,,VHS,,,"Comedy, Floor Sale",true,Genre,Comedy,,,,,,,,,0.0,shopify,1,deny,manual,18.00,,true,true,,,,,02107130,,,,false,,,,,,,,,,lb,,,active
the-earthling-vhs-floor-sale-drama,The Earthling,,VHS,,,"Drama, Floor Sale",true,Genre,Drama,,,,,,,,,0.0,shopify,1,deny,manual,8.00,,true,true,,,,,02074362,,,,false,,,,,,,,,,lb,,,active
galaxina-vhs-floor-sale-sci-fi,Galaxina,,VHS,,,"Floor Sale, Sci-Fi",true,Genre,Sci-Fi,,,,,,,,,0.0,shopify,1,deny,manual,20.00,,true,true,,,,,02041594,,,,false,,,,,,,,,,lb,,,active
shy-people-vhs-floor-sale-thriller,Shy People,,VHS,,,"Floor Sale, Thriller",true,Genre,Thriller,,,,,,,,,0.0,shopify,1,deny,manual,6.00,,true,true,,,,,02008826,,,,false,,,,,,,,,,lb,,,active
snow-day-vhs-floor-sale-comedy,Snow Day,,VHS,,,"Comedy, Floor Sale",true,Genre,Comedy,,,,,,,,,0.0,shopify,1,deny,manual,6.00,,true,true,,,,,01976058,,,,false,,,,,,,,,,lb,,,active
dreamscape-vhs-floor-sale-sci-fi,Dreamscape,,VHS,,,"Floor Sale, Sci-Fi",true,Genre,Sci-Fi,,,,,,,,,0.0,shopify,1,deny,manual,10.00,,true,true,,,,,01943290,,,,false,,,,,,,,,,lb,,,active
go-vhs-floor-sale-comedy,Go,,VHS,,,"Comedy, Floor Sale",true,Genre,Comedy,,,,,,,,,0.0,shopify,1,deny,manual,8.00,,true,true,,,,,01910522,,,,false,,,,,,,,,,lb,,,active
sukiyaki-western-django-steelbook-dvd-floor-sale-action,Sukiyaki Western Django Steelbook,,DVD,,,"Action, Floor Sale",true,Genre,Action,,,,,,,,,0.0,shopify,1,deny,manual,7.00,,true,true,,,,,45760250,,,,false,,,,,,,,,,lb,,,active
the-last-metro-dvd-floor-sale-foreign,The Last Metro,,DVD,,,"Floor Sale, Foreign",true,Genre,Foreign,,,,,,,,,0.0,shopify,1,deny,manual,13.00,,true,true,,,,,45563642,,,,false,,,,,,,,,,lb,,,active
casino-royale-1967-dvd-floor-sale-action,Casino Royale (1967),,DVD,,,"Action, Floor Sale",true,Genre,Action,,,,,,,,,0.0,shopify,1,deny,manual,5.00,,true,true,,,,,45432570,,,,false,,,,,,,,,,lb,,,active
taking-lives-dvd-floor-sale-thriller,Taking Lives,,DVD,,,"Floor Sale, Thriller",true,Genre,Thriller,,,,,,,,,0.0,shopify,1,deny,manual,5.00,,true,true,,,,,45334266,,,,false,,,,,,,,,,lb,,,active
mpd-psycho-dvd-floor-sale-thriller,MPD-PSYCHO,,DVD,,,"Floor Sale, Thriller",true,Genre,Thriller,,,,,,,,,0.0,shopify,1,deny,manual,16.00,,true,true,,,,,45268730,,,,false,,,,,,,,,,lb,,,active
zodiac-dvd-floor-sale-thriller,Zodiac,,DVD,,,"Floor Sale, Thriller",true,Genre,Thriller,,,,,,,,,0.0,shopify,1,deny,manual,5.00,,true,true,,,,,45170426,,,,false,,,,,,,,,,lb,,,active
desperado-dvd-floor-sale-action,Desperado,,DVD,,,"Action, Floor Sale",true,Genre,Action,,,,,,,,,0.0,shopify,1,deny,manual,5.00,,true,true,,,,,45072122,,,,false,,,,,,,,,,lb,,,active
the-big-sleep-dvd-rental-thriller,The Big Sleep,,DVD,,,"Rental, Thriller",true,Genre,Thriller,,,,,,,,,0.0,shopify,1,deny,manual,0.00,,true,true,,,,,96993530,,,,false,,,,,,,,,,lb,,,active
the-new-barbarians-dvd-rental-sci-fi,The New Barbarians,,DVD,,,"Rental, Sci-Fi",true,Genre,Sci-Fi,,,,,,,,,0.0,shopify,1,deny,manual,0.00,,true,true,,,,,96895226,,,,false,,,,,,,,,,lb,,,active
universal-soldier-2-3-dvd-rental-action,Universal Soldier 2 | 3,,DVD,,,"Action, Rental",true,Genre,Action,,,,,,,,,0.0,shopify,1,deny,manual,0.00,,true,true,,,,,96796922,,,,false,,,,,,,,,,lb,,,active
universal-soldier-regeneration-dvd-rental-action,Universal Soldier: Regeneration,,DVD,,,"Action, Rental",true,Genre,Action,,,,,,,,,0.0,shopify,1,deny,manual,0.00,,true,true,,,,,96698618,,,,false,,,,,,,,,,lb,,,active
once-upon-a-time-in-mexico-dvd-rental-action,Once Upon a Time in Mexico,,DVD,,,"Action, Rental",true,Genre,Action,,,,,,,,,0.0,shopify,1,deny,manual,0.00,,true,true,,,,,96600314,,,,false,,,,,,,,,,lb,,,active
mighty-joe-young-dvd-rental-kids-family,Mighty Joe Young,,DVD,,,"Kids & Family, Rental",true,Genre,Kids & Family,,,,,,,,,0.0,shopify,1,deny,manual,0.00,,true,true,,,,,96469242,,,,false,,,,,,,,,,lb,,,active
night-buffalo-dvd-rental-foreign,Night Buffalo,,DVD,,,"Foreign, Rental",true,Genre,Foreign,,,,,,,,,0.0,shopify,1,deny,manual,0.00,,true,true,,,,,96370938,,,,false,,,,,,,,,,lb,,,active
little-buddah-dvd-rental-drama,Little Buddah,,DVD,,,"Drama, Rental",true,Genre,Drama,,,,,,,,,0.0,shopify,1,deny,manual,0.00,,true,true,,,,,96272634,,,,false,,,,,,,,,,lb,,,active
the-ghost-and-the-darkness-dvd-rental-action,The Ghost and the Darkness,,DVD,,,"Action, Rental",true,Genre,Action,,,,,,,,,0.0,shopify,1,deny,manual,0.00,,true,true,,,,,96174330,,,,false,,,,,,,,,,lb,,,active
kundun-dvd-rental-drama,Kundun,,DVD,,,"Drama, Rental",true,Genre,Drama,,,,,,,,,0.0,shopify,1,deny,manual,0.00,,true,true,,,,,96076026,,,,false,,,,,,,,,,lb,,,active
cyborg-dvd-rental-action,Cyborg,,DVD,,,"Action, Rental",true,Genre,Action,,,,,,,,,0.0,shopify,1,deny,manual,0.00,,true,true,,,,,95977722,,,,false,,,,,,,,,,lb,,,active
the-dead-one-dvd-rental-horror,The Dead One,,DVD,,,"Horror, Rental",true,Genre,Horror,,,,,,,,,0.0,shopify,1,deny,manual,0.00,,true,true,,,,,95879418,,,,false,,,,,,,,,,lb,,,active
universal-soldier-dvd-rental-action,Universal Soldier,,DVD,,,"Action, Rental",true,Genre,Action,,,,,,,,,0.0,shopify,1,deny,manual,0.00,,true,true,,,,,95781114,,,,false,,,,,,,,,,lb,,,active
island-in-the-sun-dvd-rental-drama,Island in the Sun,,DVD,,,"Drama, Rental",true,Genre,Drama,,,,,,,,,0.0,shopify,1,deny,manual,0.00,,true,true,,,,,95715578,,,,false,,,,,,,,,,lb,,,active
sybil-dvd-rental-drama,Sybil,,DVD,,,"Drama, Rental",true,Genre,Drama,,,,,,,,,0.0,shopify,1,deny,manual,0.00,,true,true,,,,,95584506,,,,false,,,,,,,,,,lb,,,active
the-final-countdown-dvd-rental-drama,The Final Countdown,,DVD,,,"Drama, Rental",true,Genre,Drama,,,,,,,,,0.0,shopify,1,deny,manual,0.00,,true,true,,,,,95486202,,,,false,,,,,,,,,,lb,,,active
hot-war-dvd-rental-foreign,Hot War,,DVD,,,"Foreign, Rental",true,Genre,Foreign,,,,,,,,,0.0,shopify,1,deny,manual,0.00,,true,true,,,,,95256826,,,,false,,,,,,,,,,lb,,,active
the-conman-dvd-rental-foreign,The Conman,,DVD,,,"Foreign, Rental",true,Genre,Foreign,,,,,,,,,0.0,shopify,1,deny,manual,0.00,,true,true,,,,,95191290,,,,false,,,,,,,,,,lb,,,active
the-legend-of-zorro-dvd-rental-action,The Legend of Zorro,,DVD,,,"Action, Rental",true,Genre,Action,,,,,,,,,0.0,shopify,1,deny,manual,0.00,,true,true,,,,,95060218,,,,false,,,,,,,,,,lb,,,active
the-mask-of-zorro-dvd-rental-action,The Mask of Zorro,,DVD,,,"Action, Rental",true,Genre,Action,,,,,,,,,0.0,shopify,1,deny,manual,0.00,,true,true,,,,,94961914,,,,false,,,,,,,,,,lb,,,active
cellular-dvd-rental-action,Cellular,,DVD,,,"Action, Rental",true,Genre,Action,,,,,,,,,0.0,shopify,1,deny,manual,0.00,,true,true,,,,,94798074,,,,false,,,,,,,,,,lb,,,active
gosford-park-dvd-rental-drama,Gosford Park,,DVD,,,"Drama, Rental",true,Genre,Drama,,,,,,,,,0.0,shopify,1,deny,manual,0.00,,true,true,,,,,94699770,,,,false,,,,,,,,,,lb,,,active
terror-from-under-the-house-dvd-rental-horror,Terror From Under The House,,DVD,,,"Horror, Rental",true,Genre,Horror,,,,,,,,,0.0,shopify,1,deny,manual,0.00,,true,true,,,,,94601466,,,,false,,,,,,,,,,lb,,,active
leclisse-dvd-rental-drama,L'Eclisse,,DVD,,,"Drama, Rental",true,Genre,Drama,,,,,,,,,0.0,shopify,1,deny,manual,0.00,,true,true,,,,,46170362,,,,false,,,,,,,,,,lb,,,active
the-thief-of-bagdad-dvd-rental-drama,The Thief of Bagdad,,DVD,,,"Drama, Rental",true,Genre,Drama,,,,,,,,,0.0,shopify,1,deny,manual,0.00,,true,true,,,,,46072058,,,,false,,,,,,,,,,lb,,,active
the-leopard-dvd-rental-drama,The Leopard,,DVD,,,"Drama, Rental",true,Genre,Drama,,,,,,,,,0.0,shopify,1,deny,manual,0.00,,true,true,,,,,45940986,,,,false,,,,,,,,,,lb,,,active
ali-fear-eats-the-soul-dvd-rental-drama,Ali: Fear Eats the Soul,,DVD,,,"Drama, Rental",true,Genre,Drama,,,,,,,,,0.0,shopify,1,deny,manual,0.00,,true,true,,,,,45842682,,,,false,,,,,,,,,,lb,,,active
europa-dvd-rental-drama,Europa,,DVD,,,"Drama, Rental",true,Genre,Drama,,,,,,,,,0.0,shopify,1,deny,manual,0.00,,true,true,,,,,45744378,,,,false,,,,,,,,,,lb,,,active
divorce-italian-style-dvd-rental-comedy,Divorce Italian Style,,DVD,,,"Comedy, Rental",true,Genre,Comedy,,,,,,,,,0.0,shopify,1,deny,manual,0.00,,true,true,,,,,45580538,,,,false,,,,,,,,,,lb,,,active
escape-from-hong-kong-island-dvd-rental-action,Escape From Hong Kong Island,,DVD,,,"Action, Rental",true,Genre,Action,,,,,,,,,0.0,shopify,1,deny,manual,0.00,,true,true,,,,,52683258,,,,false,,,,,,,,,,lb,,,active
touch-of-evil-dvd-rental-thriller,Touch of Evil,,DVD,,,"Rental, Thriller",true,Genre,Thriller,,,,,,,,,0.0,shopify,1,deny,manual,0.00,,true,true,,,,,52584954,,,,false,,,,,,,,,,lb,,,active
bangkock-dangerous-dvd-rental-action,Bangkock Dangerous,,DVD,,,"Action, Rental",true,Genre,Action,,,,,,,,,0.0,shopify,1,deny,manual,0.00,,true,true,,,,,52486650,,,,false,,,,,,,,,,lb,,,active
fever-lake-dvd-rental-horror,Fever Lake,,DVD,,,"Horror, Rental",true,Genre,Horror,,,,,,,,,0.0,shopify,1,deny,manual,0.00,,true,true,,,,,52388346,,,,false,,,,,,,,,,lb,,,active
brainstorm-dvd-rental-sci-fi,Brainstorm,,DVD,,,"Rental, Sci-Fi",true,Genre,Sci-Fi,,,,,,,,,0.0,shopify,1,deny,manual,0.00,,true,true,,,,,52290042,,,,false,,,,,,,,,,lb,,,active
shampoo-dvd-rental-comedy,Shampoo,,DVD,,,"Comedy, Rental",true,Genre,Comedy,,,,,,,,,0.0,shopify,1,deny,manual,0.00,,true,true,,,,,52191738,,,,false,,,,,,,,,,lb,,,active
city-of-god-dvd-rental-drama,City of God,,DVD,,,"Drama, Rental",true,Genre,Drama,,,,,,,,,0.0,shopify,1,deny,manual,0.00,,true,true,,,,,52093434,,,,false,,,,,,,,,,lb,,,active
apocalypto-dvd-rental-action,Apocalypto,,DVD,,,"Action, Rental",true,Genre,Action,,,,,,,,,0.0,shopify,1,deny,manual,0.00,,true,true,,,,,51995130,,,,false,,,,,,,,,,lb,,,active
la-vi-en-ros-dvd-rental-foreign,La Vi En Ros,,DVD,,,"Foreign, Rental",true,Genre,Foreign,,,,,,,,,0.0,shopify,1,deny,manual,0.00,,true,true,,,,,51896826,,,,false,,,,,,,,,,lb,,,active
say-hello-to-yesterday-dvd-rental-drama,Say Hello to Yesterday,,DVD,,,"Drama, Rental",true,Genre,Drama,,,,,,,,,0.0,shopify,1,deny,manual,0.00,,true,true,,,,,51798522,,,,false,,,,,,,,,,lb,,,active
8mm2-dvd-rental-thriller,8MM2,,DVD,,,"Rental, Thriller",true,Genre,Thriller,,,,,,,,,0.0,shopify,1,deny,manual,0.00,,true,true,,,,,51438074,,,,false,,,,,,,,,,lb,,,active
the-other-side-of-midnight-dvd-rental-drama,The Other Side of Midnight,,DVD,,,"Drama, Rental",true,Genre,Drama,,,,,,,,,0.0,shopify,1,deny,manual,0.00,,true,true,,,,,51307002,,,,false,,,,,,,,,,lb,,,active
twisted-justice-dvd-rental-thriller,Twisted Justice,,DVD,,,"Rental, Thriller",true,Genre,Thriller,,,,,,,,,0.0,shopify,1,deny,manual,0.00,,true,true,,,,,51208698,,,,false,,,,,,,,,,lb,,,active
eye-of-the-devil-dvd-rental-horror,Eye of the Devil,,DVD,,,"Horror, Rental",true,Genre,Horror,,,,,,,,,0.0,shopify,1,deny,manual,0.00,,true,true,,,,,51110394,,,,false,,,,,,,,,,lb,,,active
picnic-at-hanging-rock-dvd-rental-horror,Picnic at Hanging Rock,,DVD,,,"Horror, Rental",true,Genre,Horror,,,,,,,,,0.0,shopify,1,deny,manual,0.00,,true,true,,,,,51044858,,,,false,,,,,,,,,,lb,,,active
a-sween-scent-of-death-dvd-rental-foreign,A Sweet Scent of Death,,DVD,Uncategorized,,"Foreign, Rental",true,Genre,Foreign,,,,,,,,,0.0,shopify,1,deny,manual,0.00,,true,true,,,,,50946554,,,,false,,,,,,,,,,lb,,,active
dreamkeeper-dvd-rental-fantasy,Dreamkeeper,,DVD,,,"Fantasy, Rental",true,Genre,Fantasy,,,,,,,,,0.0,shopify,1,deny,manual,0.00,,true,true,,,,,50848250,,,,false,,,,,,,,,,lb,,,active
the-lady-eve-dvd-rental-romantic-comedy,The Lady Eve,,DVD,,,"Rental, Romantic Comedy",true,Genre,Romantic Comedy,,,,,,,,,0.0,shopify,1,deny,manual,0.00,,true,true,,,,,50782714,,,,false,,,,,,,,,,lb,,,active
a-very-harold-kumar-christmas-dvd-rental-comedy,A Very Harold & Kumar Christmas,,DVD,,,"Comedy, Rental",true,Genre,Comedy,,,,,,,,,0.0,shopify,1,deny,manual,0.00,,true,true,,,,,50684410,,,,false,,,,,,,,,,lb,,,active
yeti-a-gay-love-story-dvd-rental-comedy,Yeti: A Gay Love Story,,DVD,,,"Comedy, Rental",true,Genre,Comedy,,,,,,,,,0.0,shopify,1,deny,manual,0.00,,true,true,,,,,50586106,,,,false,,,,,,,,,,lb,,,active
joyeux-noel-dvd-rental-drama,Joyeux Noel,,DVD,,,"Drama, Rental",true,Genre,Drama,,,,,,,,,0.0,shopify,1,deny,manual,0.00,,true,true,,,,,50487802,,,,false,,,,,,,,,,lb,,,active
the-prestige-dvd-rental-drama,The Prestige,,DVD,,,"Drama, Rental",true,Genre,Drama,,,,,,,,,0.0,shopify,1,deny,manual,0.00,,true,true,,,,,50389498,,,,false,,,,,,,,,,lb,,,active
homework-dvd-rental-comedy,Homework,,DVD,,,"Comedy, Rental",true,Genre,Comedy,,,,,,,,,0.0,shopify,1,deny,manual,0.00,,true,true,,,,,50291194,,,,false,,,,,,,,,,lb,,,active
fearless-dvd-rental-drama,Fearless,,DVD,,,"Drama, Rental",true,Genre,Drama,,,,,,,,,0.0,shopify,1,deny,manual,0.00,,true,true,,,,,50160122,,,,false,,,,,,,,,,lb,,,active
the-last-castle-dvd-rental-action,The Last Castle,,DVD,,,"Action, Rental",true,Genre,Action,,,,,,,,,0.0,shopify,1,deny,manual,0.00,,true,true,,,,,49865210,,,,false,,,,,,,,,,lb,,,active
trapped-dvd-rental-thriller,Trapped,,DVD,,,"Rental, Thriller",true,Genre,Thriller,,,,,,,,,0.0,shopify,1,deny,manual,0.00,,true,true,,,,,49734138,,,,false,,,,,,,,,,lb,,,active
the-order-dvd-rental-action,The Order,,DVD,,,"Action, Rental",true,Genre,Action,,,,,,,,,0.0,shopify,1,deny,manual,0.00,,true,true,,,,,49701370,,,,false,,,,,,,,,,lb,,,active
the-moment-cultcave-vhs-floor-sale-musical,The Moment (Cult Cave),,VHS,,,"Floor Sale, Musical",true,Genre,Musical,,,,,,,,,0.0,shopify,2,deny,manual,36.00,,true,true,,,,,50545402,,,,false,,,,,,,,,,lb,,15.00,active
tropic-thunder-cultcave-vhs-floor-sale-comedy,Tropic Thunder (Cult Cave),,VHS,,,"Comedy, Floor Sale",true,Genre,Comedy,,,,,,,,,0.0,shopify,2,deny,manual,36.00,,true,true,,,,,50479866,,,,false,,,,,,,,,,lb,,15.00,active
backrooms-cultcave-vhs-floor-sale-horror,Backrooms (Cult Cave),,VHS,,,"Floor Sale, Horror",true,Genre,Horror,,,,,,,,,0.0,shopify,4,deny,manual,36.00,,true,true,,,,,50414330,,,,false,,,,,,,,,,lb,,15.00,active
weapons-cultcave-vhs-floor-sale-horror,Weapons (Cult Cave),,VHS,,,"Floor Sale, Horror",true,Genre,Horror,,,,,,,,,0.0,shopify,4,deny,manual,36.00,,true,true,,,,,50316026,,,,false,,,,,,,,,,lb,,15.00,active
28-years-later-cultcave-vhs-floor-sale-horror,28 Years Later (Cult Cave),,VHS,,,"Floor Sale, Horror",true,Genre,Horror,,,,,,,,,0.0,shopify,2,deny,manual,36.00,,true,true,,,,,50250490,,,,false,,,,,,,,,,lb,,15.00,active
jennifers-body-cultcave-vhs-floor-sale-horror,Jennifer's Body (Cult Cave),,VHS,,,"Floor Sale, Horror",true,Genre,Horror,,,,,,,,,0.0,shopify,3,deny,manual,36.00,,true,true,,,,,50184954,,,,false,,,,,,,,,,lb,,15.00,active
longlegs-cultcave-vhs-floor-sale-horror,Longlegs (Cult Cave),,VHS,,,"Floor Sale, Horror",true,Genre,Horror,,,,,,,,,0.0,shopify,3,deny,manual,36.00,,true,true,,,,,50086650,,,,false,,,,,,,,,,lb,,15.00,active
pee-wees-playhouse-christmas-special-dvd-floor-sale-holiday,Pee-Wee's Playhouse Christmas Special,,DVD,,,"Floor Sale, Holiday",true,Genre,Holiday,,,,,,,,,0.0,shopify,1,deny,manual,8.00,,true,true,,,,,73303290,,,,false,,,,,,,,,,lb,,,active
solo-con-tu-pareja-dvd-floor-sale-foreign,Solo Con Tu Pareja,,DVD,,,"Floor Sale, Foreign",true,Genre,Foreign,,,,,,,,,0.0,shopify,1,deny,manual,16.00,,true,true,,,,,73041146,,,,false,,,,,,,,,,lb,,,active
masters-of-the-universe-dvd-floor-sale-sci-fi,Masters of the Universe,,DVD,,,"Floor Sale, Sci-Fi",true,Genre,Sci-Fi,,,,,,,,,0.0,shopify,1,deny,manual,10.00,,true,true,,,,,72779002,,,,false,,,,,,,,,,lb,,,active
mother-jugs-speed-vhs-floor-sale-comedy,"Mother, Jugs & Speed",,VHS,,,"Comedy, Floor Sale",true,Genre,Comedy,,,,,,,,,0.0,shopify,1,deny,manual,8.00,,true,true,,,,,72746234,,,,false,,,,,,,,,,lb,,,active
cant-buy-me-love-vhs-floor-sale-romantic-comedy,Cant Buy Me Love,,VHS,,,"Floor Sale, Romantic Comedy",true,Genre,Romantic Comedy,,,,,,,,,0.0,shopify,1,deny,manual,10.00,,true,true,,,,,72484090,,,,false,,,,,,,,,,lb,,,active
cause-of-evidence-vhs-floor-sale-thriller,Cause of Death,,VHS,Uncategorized,,"Floor Sale, Thriller",true,Genre,Thriller,,,,,,,,,0.0,shopify,1,deny,manual,7.00,,true,true,,,,,72287482,,,,false,,,,,,,,,,lb,,,active
anywhere-but-here-vhs-floor-sale-comedy,Anywhere But Here,,VHS,,,"Comedy, Floor Sale",true,Genre,Comedy,,,,,,,,,0.0,shopify,1,deny,manual,6.00,,true,true,,,,,72090874,,,,false,,,,,,,,,,lb,,,active
cat-on-a-hot-tin-roof-vhs-floor-sale-drama,Cat on a Hot Tin Roof,,VHS,,,"Drama, Floor Sale",true,Genre,Drama,,,,,,,,,0.0,shopify,1,deny,manual,7.00,,true,true,,,,,71795962,,,,false,,,,,,,,,,lb,,,active
my-son-the-fanatic-vhs-floor-sale-drama,My Son the Fanatic,,VHS,,,"Drama, Floor Sale",true,Genre,Drama,,,,,,,,,0.0,shopify,1,deny,manual,11.00,,true,true,,,,,71763194,,,,false,,,,,,,,,,lb,,,active
one-good-turn-vhs-floor-sale-thriller,One Good Turn,,VHS,,,"Floor Sale, Thriller",true,Genre,Thriller,,,,,,,,,0.0,shopify,1,deny,manual,7.00,,true,true,,,,,71533818,,,,false,,,,,,,,,,lb,,,active
007-the-world-is-not-enough-vhs-floor-sale-action,007: The World is Not Enough,,VHS,,,"Action, Floor Sale",true,Genre,Action,,,,,,,,,0.0,shopify,1,deny,manual,6.00,,true,true,,,,,71304442,,,,false,,,,,,,,,,lb,,,active
real-women-have-cuves-vhs-floor-sale-comedy,Real Women have Cuves,,VHS,,,"Comedy, Floor Sale",true,Genre,Comedy,,,,,,,,,0.0,shopify,1,deny,manual,9.00,,true,true,,,,,71271674,,,,false,,,,,,,,,,lb,,,active
rain-man-vhs-floor-sale-drama,Rain Man,,VHS,,,"Drama, Floor Sale",true,Genre,Drama,,,,,,,,,0.0,shopify,1,deny,manual,5.00,,true,true,,,,,71238906,,,,false,,,,,,,,,,lb,,,active
even-cowgirls-get-the-blues-vhs-floor-sale-romantic-comedy,Even Cowgirls Get the Blues,,VHS,,,"Floor Sale, Romantic Comedy",true,Genre,Romantic Comedy,,,,,,,,,0.0,shopify,1,deny,manual,7.00,,true,true,,,,,71206138,,,,false,,,,,,,,,,lb,,,active
the-fly-vhs-floor-sale-horror,The Fly,,VHS,,,"Floor Sale, Horror",true,Genre,Horror,,,,,,,,,0.0,shopify,1,deny,manual,10.00,,true,true,,,,,70976762,,,,false,,,,,,,,,,lb,,,active
next-friday-vhs-floor-sale-comedy,Next Friday,,VHS,,,"Comedy, Floor Sale",true,Genre,Comedy,,,,,,,,,0.0,shopify,1,deny,manual,8.00,,true,true,,,,,70943994,,,,false,,,,,,,,,,lb,,,active
celebrity-vhs-floor-sale-comedy,Celebrity,,VHS,,,"Comedy, Floor Sale",true,Genre,Comedy,,,,,,,,,0.0,shopify,1,deny,manual,7.00,,true,true,,,,,70747386,,,,false,,,,,,,,,,lb,,,active
cherish-vhs-floor-sale-thriller,Cherish,,VHS,,,"Floor Sale, Thriller",true,Genre,Thriller,,,,,,,,,0.0,shopify,1,deny,manual,10.00,,true,true,,,,,70550778,,,,false,,,,,,,,,,lb,,,active
real-genius-vhs-floor-sale-comedy,Real Genius,,VHS,,,"Comedy, Floor Sale",true,Genre,Comedy,,,,,,,,,0.0,shopify,1,deny,manual,8.00,,true,true,,,,,70354170,,,,false,,,,,,,,,,lb,,,active
speed-vhs-floor-sale-action,Speed,,VHS,,,"Action, Floor Sale",true,Genre,Action,,,,,,,,,0.0,shopify,1,deny,manual,8.00,,true,true,,,,,70321402,,,,false,,,,,,,,,,lb,,,active
the-check-is-in-the-mail-vhs-floor-sale-comedy,The Check is in the Mail,,VHS,,,"Comedy, Floor Sale",true,Genre,Comedy,,,,,,,,,0.0,shopify,1,deny,manual,8.00,,true,true,,,,,70092026,,,,false,,,,,,,,,,lb,,,active
american-graffiti-vhs-floor-sale-comedy,American Graffiti,,VHS,,,"Comedy, Floor Sale",true,Genre,Comedy,,,,,,,,,0.0,shopify,1,deny,manual,8.00,,true,true,,,,,69928186,,,,false,,,,,,,,,,lb,,,active
even-cowgirls-get-the-blues-vhs-floor-sale,Even Cowgirls Get the Blues,,VHS,,,Floor Sale,true,Genre,Default Title,,,,,,,,,0.0,shopify,1,deny,manual,7.00,,true,true,,,,,67921402,,,,false,,,,,,,,,,lb,,,active
the-fly-vhs-floor-sale,The Fly,,VHS,,,Floor Sale,true,Genre,Default Title,,,,,,,,,0.0,shopify,1,deny,manual,10.00,,true,true,,,,,67888634,,,,false,,,,,,,,,,lb,,,active
next-friday-vhs-floor-sale,Next Friday,,VHS,,,Floor Sale,true,Genre,Default Title,,,,,,,,,0.0,shopify,1,deny,manual,8.00,,true,true,,,,,67855866,,,,false,,,,,,,,,,lb,,,active
celebrity-vhs-floor-sale,Celebrity,,VHS,,,Floor Sale,true,Genre,Default Title,,,,,,,,,0.0,shopify,1,deny,manual,7.00,,true,true,,,,,67790330,,,,false,,,,,,,,,,lb,,,active
cherish-vhs-floor-sale,Cherish,,VHS,,,Floor Sale,true,Genre,Default Title,,,,,,,,,0.0,shopify,1,deny,manual,10.00,,true,true,,,,,67724794,,,,false,,,,,,,,,,lb,,,active
real-genius-vhs-floor-sale,Real Genius,,VHS,,,Floor Sale,true,Genre,Default Title,,,,,,,,,0.0,shopify,1,deny,manual,8.00,,true,true,,,,,67659258,,,,false,,,,,,,,,,lb,,,active
speed-vhs-floor-sale,Speed,,VHS,,,Floor Sale,true,Genre,Default Title,,,,,,,,,0.0,shopify,1,deny,manual,8.00,,true,true,,,,,67560954,,,,false,,,,,,,,,,lb,,,active
the-check-is-in-the-mail-vhs-floor-sale,The Check is in the Mail,,VHS,,,Floor Sale,true,Genre,Default Title,,,,,,,,,0.0,shopify,1,deny,manual,8.00,,true,true,,,,,67495418,,,,false,,,,,,,,,,lb,,,active
american-graffiti-vhs-floor-sale,American Graffiti,,VHS,,,Floor Sale,true,Genre,Default Title,,,,,,,,,0.0,shopify,1,deny,manual,8.00,,true,true,,,,,67429882,,,,false,,,,,,,,,,lb,,,active
bad-seed-vhs-rental-thriller,Bad Seed,,VHS,,,"Rental, Thriller",true,Genre,Thriller,,,,,,,,,0.0,shopify,1,deny,manual,0.00,,true,true,,,,,25552378,,,,false,,,,,,,,,,lb,,,active
revenge-vhs-rental-thriller,Revenge,,VHS,,,"Rental, Thriller",true,Genre,Thriller,,,,,,,,,0.0,shopify,1,deny,manual,0.00,,true,true,,,,,25519610,,,,false,,,,,,,,,,lb,,,active
rainbow-drive-vhs-rental-action,Rainbow Drive,,VHS,,,"Action, Rental",true,Genre,Action,,,,,,,,,0.0,shopify,1,deny,manual,0.00,,true,true,,,,,25454074,,,,false,,,,,,,,,,lb,,,active
the-candidate-vhs-rental-drama,The Candidate,,VHS,,,"Drama, Rental",true,Genre,Drama,,,,,,,,,0.0,shopify,1,deny,manual,0.00,,true,true,,,,,25388538,,,,false,,,,,,,,,,lb,,,active
the-cannonball-run-vhs-rental-comedy,The Cannonball Run,,VHS,,,"Comedy, Rental",true,Genre,Comedy,,,,,,,,,0.0,shopify,1,deny,manual,0.00,,true,true,,,,,25355770,,,,false,,,,,,,,,,lb,,,active
the-last-stop-vhs-rental-thriller,The Last Stop,,VHS,,,"Rental, Thriller",true,Genre,Thriller,,,,,,,,,0.0,shopify,1,deny,manual,0.00,,true,true,,,,,25323002,,,,false,,,,,,,,,,lb,,,active
molly-vhs-rental-drama,Molly,,VHS,,,"Drama, Rental",true,Genre,Drama,,,,,,,,,0.0,shopify,1,deny,manual,0.00,,true,true,,,,,25290234,,,,false,,,,,,,,,,lb,,,active
checking-out-vhs-rental-comedy,Checking Out,,VHS,,,"Comedy, Rental",true,Genre,Comedy,,,,,,,,,0.0,shopify,1,deny,manual,0.00,,true,true,,,,,25224698,,,,false,,,,,,,,,,lb,,,active
cat-chaser-vhs-rental-thriller,Cat Chaser,,VHS,,,"Rental, Thriller",true,Genre,Thriller,,,,,,,,,0.0,shopify,1,deny,manual,0.00,,true,true,,,,,25159162,,,,false,,,,,,,,,,lb,,,active
spanish-judges-vhs-rental-thriller,Spanish Judges,,VHS,,,"Rental, Thriller",true,Genre,Thriller,,,,,,,,,0.0,shopify,1,deny,manual,0.00,,true,true,,,,,25093626,,,,false,,,,,,,,,,lb,,,active
cement-vhs-rental-thriller,Cement,,VHS,,,"Rental, Thriller",true,Genre,Thriller,,,,,,,,,0.0,shopify,1,deny,manual,0.00,,true,true,,,,,25060858,,,,false,,,,,,,,,,lb,,,active
ronin-vhs-rental-action,Ronin,,VHS,,,"Action, Rental",true,Genre,Action,,,,,,,,,0.0,shopify,1,deny,manual,0.00,,true,true,,,,,24995322,,,,false,,,,,,,,,,lb,,,active
she-devil-vhs-rental-comedy,She-Devil,,VHS,,,"Comedy, Rental",true,Genre,Comedy,,,,,,,,,0.0,shopify,1,deny,manual,0.00,,true,true,,,,,24962554,,,,false,,,,,,,,,,lb,,,active
the-bad-news-bears-go-to-japan-vhs-rental-comedy,The Bad News Bears Go To Japan,,VHS,,,"Comedy, Rental",true,Genre,Comedy,,,,,,,,,0.0,shopify,1,deny,manual,0.00,,true,true,,,,,24864250,,,,false,,,,,,,,,,lb,,,active
cannonball-run-2-vhs-rental-comedy,Cannonball Run 2,,VHS,,,"Comedy, Rental",true,Genre,Comedy,,,,,,,,,0.0,shopify,1,deny,manual,0.00,,true,true,,,,,24798714,,,,false,,,,,,,,,,lb,,,active
boiler-room-vhs-rental-drama,Boiler Room,,VHS,,,"Drama, Rental",true,Genre,Drama,,,,,,,,,0.0,shopify,1,deny,manual,0.00,,true,true,,,,,24765946,,,,false,,,,,,,,,,lb,,,active
no-way-home-vhs-rental-thriller,No Way Home,,VHS,,,"Rental, Thriller",true,Genre,Thriller,,,,,,,,,0.0,shopify,1,deny,manual,0.00,,true,true,,,,,24667642,,,,false,,,,,,,,,,lb,,,active
angie-vhs-rental-comedy,Angie,,VHS,,,"Comedy, Rental",true,Genre,Comedy,,,,,,,,,0.0,shopify,1,deny,manual,0.00,,true,true,,,,,24634874,,,,false,,,,,,,,,,lb,,,active
shanghai-noon-vhs-rental-comedy,Shanghai Noon,,VHS,,,"Comedy, Rental",true,Genre,Comedy,,,,,,,,,0.0,shopify,1,deny,manual,0.00,,true,true,,,,,24569338,,,,false,,,,,,,,,,lb,,,active
the-catamount-killing-vhs-rental-thriller,The Catamount Killing,,VHS,,,"Rental, Thriller",true,Genre,Thriller,,,,,,,,,0.0,shopify,1,deny,manual,0.00,,true,true,,,,,24503802,,,,false,,,,,,,,,,lb,,,active
beautiful-people-vhs-rental-drama,Beautiful People,,VHS,,,"Drama, Rental",true,Genre,Drama,,,,,,,,,0.0,shopify,1,deny,manual,0.00,,true,true,,,,,24471034,,,,false,,,,,,,,,,lb,,,active
monolith-vhs-rental-sci-fi,MONOLITH,,VHS,,,"Rental, Sci-Fi",true,Genre,Sci-Fi,,,,,,,,,0.0,shopify,1,deny,manual,0.00,,true,true,,,,,24405498,,,,false,,,,,,,,,,lb,,,active
celebrity-vhs-rental-comedy,Celebrity,,VHS,,,"Comedy, Rental",true,Genre,Comedy,,,,,,,,,0.0,shopify,1,deny,manual,0.00,,true,true,,,,,24339962,,,,false,,,,,,,,,,lb,,,active
cannes-man-vhs-rental-comedy,Cannes Man,,VHS,,,"Comedy, Rental",true,Genre,Comedy,,,,,,,,,0.0,shopify,1,deny,manual,0.00,,true,true,,,,,24307194,,,,false,,,,,,,,,,lb,,,active
car-wash-vhs-rental-comedy,Car Wash,,VHS,,,"Comedy, Rental",true,Genre,Comedy,,,,,,,,,0.0,shopify,1,deny,manual,0.00,,true,true,,,,,24176122,,,,false,,,,,,,,,,lb,,,active
misled-screener-vhs-floor-sale-thriller,Misled - Screener,,VHS,,,"Floor Sale, Thriller",true,Genre,Thriller,,,,,,,,,0.0,shopify,1,deny,manual,14.00,,true,true,,,,,04684282,,,,false,,,,,,,,,,lb,,,active
car-trouble-vhs-floor-sale-comedy,Car Trouble,,VHS,,,"Comedy, Floor Sale",true,Genre,Comedy,,,,,,,,,0.0,shopify,1,deny,manual,6.00,,true,true,,,,,04651514,,,,false,,,,,,,,,,lb,,,active
war-bus-commando-vhs-floor-sale-action,War Bus Commando,,VHS,,,"Action, Floor Sale",true,Genre,Action,,,,,,,,,0.0,shopify,1,deny,manual,19.00,,true,true,,,,,04618746,,,,false,,,,,,,,,,lb,,,active
rapa-nui-vhs-floor-sale-drama,Rapa-Nui,,VHS,,,"Drama, Floor Sale",true,Genre,Drama,,,,,,,,,0.0,shopify,1,deny,manual,9.00,,true,true,,,,,04585978,,,,false,,,,,,,,,,lb,,,active
shes-having-a-baby-vhs-floor-sale-romantic-comedy,She's Having a Baby,,VHS,,,"Floor Sale, Romantic Comedy",true,Genre,Romantic Comedy,,,,,,,,,0.0,shopify,1,deny,manual,7.00,,true,true,,,,,04487674,,,,false,,,,,,,,,,lb,,,active
monsters-ball-vhs-floor-sale-drama,Monster's Ball,,VHS,,,"Drama, Floor Sale",true,Genre,Drama,,,,,,,,,0.0,shopify,1,deny,manual,6.00,,true,true,,,,,04356602,,,,false,,,,,,,,,,lb,,,active
money-kings-vhs-floor-sale-drama,Money Kings,,VHS,,,"Drama, Floor Sale",true,Genre,Drama,,,,,,,,,0.0,shopify,1,deny,manual,6.00,,true,true,,,,,04258298,,,,false,,,,,,,,,,lb,,,active
the-bad-news-bears-in-breaking-training-vhs-floor-sale-comedy,The Bad News Bears in Breaking Training,,VHS,,,"Comedy, Floor Sale",true,Genre,Comedy,,,,,,,,,0.0,shopify,1,deny,manual,6.00,,true,true,,,,,04225530,,,,false,,,,,,,,,,lb,,,active
rapid-exchange-vhs-floor-sale-action,Rapid Exchange,,VHS,,,"Action, Floor Sale",true,Genre,Action,,,,,,,,,0.0,shopify,1,deny,manual,5.00,,true,true,,,,,04192762,,,,false,,,,,,,,,,lb,,,active
mortal-sins-vhs-floor-sale-thriller,Mortal Sins,,VHS,,,"Floor Sale, Thriller",true,Genre,Thriller,,,,,,,,,0.0,shopify,1,deny,manual,5.00,,true,true,,,,,04127226,,,,false,,,,,,,,,,lb,,,active
the-cat-and-the-canary-vhs-floor-sale-horror,The Cat and the Canary,,VHS,,,"Floor Sale, Horror",true,Genre,Horror,,,,,,,,,0.0,shopify,1,deny,manual,11.00,,true,true,,,,,03930618,,,,false,,,,,,,,,,lb,,,active
scared-cargo-vhs-floor-sale-thriller,Scared Cargo,,VHS,,,"Floor Sale, Thriller",true,Genre,Thriller,,,,,,,,,0.0,shopify,1,deny,manual,5.00,,true,true,,,,,03832314,,,,false,,,,,,,,,,lb,,,active
cheerleader-camp-vhs-floor-sale-horror,Cheerleader Camp,,VHS,,,"Floor Sale, Horror",true,Genre,Horror,,,,,,,,,0.0,shopify,1,deny,manual,98.00,,true,true,,,,,03799546,,,,false,,,,,,,,,,lb,,,active
rambling-rose-vhs-floor-sale-drama,Rambling Rose,,VHS,,,"Drama, Floor Sale",true,Genre,Drama,,,,,,,,,0.0,shopify,1,deny,manual,6.00,,true,true,,,,,03766778,,,,false,,,,,,,,,,lb,,,active
stardust-memories-vhs-floor-sale-comedy,Stardust Memories,,VHS,,,"Comedy, Floor Sale",true,Genre,Comedy,,,,,,,,,0.0,shopify,1,deny,manual,7.00,,true,true,,,,,03701242,,,,false,,,,,,,,,,lb,,,active
the-stalking-moon-vhs-floor-sale-drama,The Stalking Moon,,VHS,,,"Drama, Floor Sale",true,Genre,Drama,,,,,,,,,0.0,shopify,1,deny,manual,6.00,,true,true,,,,,03635706,,,,false,,,,,,,,,,lb,,,active
shattered-glass-vhs-floor-sale-drama,Shattered Glass,,VHS,,,"Drama, Floor Sale",true,Genre,Drama,,,,,,,,,0.0,shopify,1,deny,manual,8.00,,true,true,,,,,03602938,,,,false,,,,,,,,,,lb,,,active
captive-hearts-vhs-floor-sale-drama,Captive hearts,,VHS,,,"Drama, Floor Sale",true,Genre,Drama,,,,,,,,,0.0,shopify,1,deny,manual,5.00,,true,true,,,,,03537402,,,,false,,,,,,,,,,lb,,,active
walt-disney-mini-classics-commemorative-edition-vhs-floor-sale-kids-family,Walt Disney Mini Classics: Commemorative Edition,,VHS,,,"Floor Sale, Kids & Family",true,Genre,Kids & Family,,,,,,,,,0.0,shopify,1,deny,manual,7.00,,true,true,,,,,03471866,,,,false,,,,,,,,,,lb,,,active
white-christmas-vhs-floor-sale-holiday,White Christmas,,VHS,,,"Floor Sale, Holiday",true,Genre,Holiday,,,,,,,,,0.0,shopify,1,deny,manual,8.00,,true,true,,,,,03439098,,,,false,,,,,,,,,,lb,,,active
my-fair-lady-vhs-floor-sale-musical,My Fair Lady,,VHS,,,"Floor Sale, Musical",true,Genre,Musical,,,,,,,,,0.0,shopify,1,deny,manual,6.00,,true,true,,,,,03340794,,,,false,,,,,,,,,,lb,,,active
chase-vhs-floor-sale-thriller,Chase,,VHS,,,"Floor Sale, Thriller",true,Genre,Thriller,,,,,,,,,0.0,shopify,1,deny,manual,12.00,,true,true,,,,,03308026,,,,false,,,,,,,,,,lb,,,active
candy-mountain-vhs-floor-sale-drama,Candy Mountain,,VHS,,,"Drama, Floor Sale",true,Genre,Drama,,,,,,,,,0.0,shopify,1,deny,manual,22.00,,true,true,,,,,03275258,,,,false,,,,,,,,,,lb,,,active
stiff-upper-lips-vhs-rental-comedy,Stiff Upper Lips,,VHS,,,"Comedy, Rental",true,Genre,Comedy,,,,,,,,,0.0,shopify,1,deny,manual,0.00,,true,true,,,,,77683450,,,,false,,,,,,,,,,lb,,,active
love-potion-no-9-vhs-rental-romantic-comedy,Love Potion No. 9,,VHS,,,"Rental, Romantic Comedy",true,Genre,Romantic Comedy,,,,,,,,,0.0,shopify,1,deny,manual,0.00,,true,true,,,,,77650682,,,,false,,,,,,,,,,lb,,,active
mr-deeds-goes-to-town-vhs-rental-comedy,Mr. Deeds,,VHS,Uncategorized,,"Comedy, Rental",true,Genre,Comedy,,,,,,,,,0.0,shopify,1,deny,manual,0.00,,true,true,,,,,77617914,,,,false,,,,,,,,,,lb,,,active
nickel-dime-vhs-rental-comedy,Nickel & Dime,,VHS,,,"Comedy, Rental",true,Genre,Comedy,,,,,,,,,0.0,shopify,1,deny,manual,0.00,,true,true,,,,,77585146,,,,false,,,,,,,,,,lb,,,active
platypus-cove-vhs-rental-kids-family,Platypus Cove,,VHS,,,"Kids & Family, Rental",true,Genre,Kids & Family,,,,,,,,,0.0,shopify,1,deny,manual,0.00,,true,true,,,,,77552378,,,,false,,,,,,,,,,lb,,,active
car-54-where-are-you-vhs-rental-comedy,Car 54 Where are you?,,VHS,,,"Comedy, Rental",true,Genre,Comedy,,,,,,,,,0.0,shopify,1,deny,manual,0.00,,true,true,,,,,77519610,,,,false,,,,,,,,,,lb,,,active
the-lion-king-ii-vhs-rental-kids-family,The Lion King II,,VHS,,,"Kids & Family, Rental",true,Genre,Kids & Family,,,,,,,,,0.0,shopify,1,deny,manual,0.00,,true,true,,,,,77486842,,,,false,,,,,,,,,,lb,,,active
tarzan-vhs-rental-kids-family,Tarzan,,VHS,,,"Kids & Family, Rental",true,Genre,Kids & Family,,,,,,,,,0.0,shopify,1,deny,manual,0.00,,true,true,,,,,77454074,,,,false,,,,,,,,,,lb,,,active
willy-wonka-and-the-chocolate-factory-vhs-rental-kids-family,Willy Wonka and the Chocolate Factory,,VHS,,,"Kids & Family, Rental",true,Genre,Kids & Family,,,,,,,,,0.0,shopify,1,deny,manual,0.00,,true,true,,,,,77257466,,,,false,,,,,,,,,,lb,,,active
the-code-conspiracy-vhs-rental-sci-fi,The Code Conspiracy,,VHS,,,"Rental, Sci-Fi",true,Genre,Sci-Fi,,,,,,,,,0.0,shopify,1,deny,manual,0.00,,true,true,,,,,77028090,,,,false,,,,,,,,,,lb,,,active
code-name-dancer-vhs-rental-action,Code Name: Dancer,,VHS,,,"Action, Rental",true,Genre,Action,,,,,,,,,0.0,shopify,1,deny,manual,0.00,,true,true,,,,,76700410,,,,false,,,,,,,,,,lb,,,active
chasing-amy-vhs-rental-romantic-comedy,Chasing Amy,,VHS,,,"Rental, Romantic Comedy",true,Genre,Romantic Comedy,,,,,,,,,0.0,shopify,1,deny,manual,0.00,,true,true,,,,,76503802,,,,false,,,,,,,,,,lb,,,active
my-own-private-idaho-vhs-rental-drama,My Own Private Idaho,,VHS,,,"Drama, Rental",true,Genre,Drama,,,,,,,,,0.0,shopify,1,deny,manual,0.00,,true,true,,,,,76241658,,,,false,,,,,,,,,,lb,,,active
my-own-country-vhs-rental-drama,My Own Country,,VHS,,,"Drama, Rental",true,Genre,Drama,,,,,,,,,0.0,shopify,1,deny,manual,0.00,,true,true,,,,,75979514,,,,false,,,,,,,,,,lb,,,active
the-night-and-the-moment-vhs-rental-drama,The Night and the Moment,,VHS,,,"Drama, Rental",true,Genre,Drama,,,,,,,,,0.0,shopify,1,deny,manual,0.00,,true,true,,,,,75782906,,,,false,,,,,,,,,,lb,,,active
american-hearth-vhs-rental-drama,American Heart,,VHS,Uncategorized,,"Drama, Rental",true,Genre,Drama,,,,,,,,,0.0,shopify,1,deny,manual,0.00,,true,true,,,,,75750138,,,,false,,,,,,,,,,lb,,,active
short-time-vhs-rental-action,Short Time,,VHS,,,"Action, Rental",true,Genre,Action,,,,,,,,,0.0,shopify,1,deny,manual,0.00,,true,true,,,,,75717370,,,,false,,,,,,,,,,lb,,,active
still-breathing-vhs-rental-romantic-comedy,Still Breathing,,VHS,,,"Rental, Romantic Comedy",true,Genre,Romantic Comedy,,,,,,,,,0.0,shopify,1,deny,manual,0.00,,true,true,,,,,75684602,,,,false,,,,,,,,,,lb,,,active
blue-ice-vhs-rental-thriller,Blue Ice,,VHS,,,"Rental, Thriller",true,Genre,Thriller,,,,,,,,,0.0,shopify,1,deny,manual,0.00,,true,true,,,,,69549050,,,,false,,,,,,,,,,lb,,,active
skeleton-coast-vhs-rental-action,Skeleton Coast,,VHS,,,"Action, Rental",true,Genre,Action,,,,,,,,,0.0,shopify,1,deny,manual,0.00,,true,true,,,,,69516282,,,,false,,,,,,,,,,lb,,,active
arachnophobia-vhs-rentla-horror,Arachnophobia,,VHS,,,"Horror, Rentla",true,Genre,Horror,,,,,,,,,0.0,shopify,1,deny,manual,0.00,,true,true,,,,,69417978,,,,false,,,,,,,,,,lb,,,active
the-bone-collector-vhs-rental-thriller,The Bone Collector,,VHS,,,"Rental, Thriller",true,Genre,Thriller,,,,,,,,,0.0,shopify,1,deny,manual,0.00,,true,true,,,,,69352442,,,,false,,,,,,,,,,lb,,,active
any-given-sunday-vhs-rental-drama,Any Given Sunday,,VHS,,,"Drama, Rental",true,Genre,Drama,,,,,,,,,0.0,shopify,1,deny,manual,0.00,,true,true,,,,,69319674,,,,false,,,,,,,,,,lb,,,active
rising-sun-vhs-rental-thriller,Rising Sun,,VHS,,,"Rental, Thriller",true,Genre,Thriller,,,,,,,,,0.0,shopify,1,deny,manual,0.00,,true,true,,,,,69286906,,,,false,,,,,,,,,,lb,,,active
roxanne-vhs-rental-comedy,Roxanne,,VHS,,,"Comedy, Rental",true,Genre,Comedy,,,,,,,,,0.0,shopify,1,deny,manual,0.00,,true,true,,,,,69254138,,,,false,,,,,,,,,,lb,,,active
no-way-out-vhs-rental-thriller,No Way Out,,VHS,,,"Rental, Thriller",true,Genre,Thriller,,,,,,,,,0.0,shopify,1,deny,manual,0.00,,true,true,,,,,69221370,,,,false,,,,,,,,,,lb,,,active
nick-of-time-vhs-rental-thriller,Nick of Time,,VHS,,,"Rental, Thriller",true,Genre,Thriller,,,,,,,,,0.0,shopify,1,deny,manual,0.00,,true,true,,,,,69123066,,,,false,,,,,,,,,,lb,,,active
ruthless-people-vhs-rental-comedy,Ruthless People,,VHS,,,"Comedy, Rental",true,Genre,Comedy,,,,,,,,,0.0,shopify,1,deny,manual,0.00,,true,true,,,,,69090298,,,,false,,,,,,,,,,lb,,,active
rough-air-vhs-rental-action,Rough Air,,VHS,,,"Action, Rental",true,Genre,Action,,,,,,,,,0.0,shopify,1,deny,manual,0.00,,true,true,,,,,69057530,,,,false,,,,,,,,,,lb,,,active
arachnid-vhs-rental-sci-fi,Arachnid,,VHS,,,"Rental, Sci-Fi",true,Genre,Sci-Fi,,,,,,,,,0.0,shopify,1,deny,manual,0.00,,true,true,,,,,69024762,,,,false,,,,,,,,,,lb,,,active
nightfall-vhs-rental-sci-fi,Nightfall,,VHS,,,"Rental, Sci-Fi",true,Genre,Sci-Fi,,,,,,,,,0.0,shopify,1,deny,manual,0.00,,true,true,,,,,68991994,,,,false,,,,,,,,,,lb,,,active
maryam-vhs-rental-drama,Maryam,,VHS,,,"Drama, Rental",true,Genre,Drama,,,,,,,,,0.0,shopify,1,deny,manual,0.00,,true,true,,,,,68959226,,,,false,,,,,,,,,,lb,,,active
night-of-the-cyclone-vhs-rental-action,Night of the Cyclone,,VHS,,,"Action, Rental",true,Genre,Action,,,,,,,,,0.0,shopify,1,deny,manual,0.00,,true,true,,,,,68926458,,,,false,,,,,,,,,,lb,,,active
rubberface-vhs-rental-comedy,Rubberface,,VHS,,,"Comedy, Rental",true,Genre,Comedy,,,,,,,,,0.0,shopify,1,deny,manual,0.00,,true,true,,,,,68893690,,,,false,,,,,,,,,,lb,,,active
scorched-vhs-floor-sale-comedy,Scorched,,VHS,,,"Comedy, Floor Sale",true,Genre,Comedy,,,,,,,,,0.0,shopify,1,deny,manual,5.00,,true,true,,,,,57949178,,,,false,,,,,,,,,,lb,,,active
plan-b-vhs-floor-sale-comedy,Plan B,,VHS,,,"Comedy, Floor Sale",true,Genre,Comedy,,,,,,,,,0.0,shopify,1,deny,manual,12.00,,true,true,,,,,57916410,,,,false,,,,,,,,,,lb,,,active
american-gun-vhs-floor-sale-drama,American Gun,,VHS,,,"Drama, Floor Sale",true,Genre,Drama,,,,,,,,,0.0,shopify,1,deny,manual,9.00,,true,true,,,,,57883642,,,,false,,,,,,,,,,lb,,,active
american-gigalo-vhs-floor-sale-drama,American Gigalo,,VHS,,,"Drama, Floor Sale",true,Genre,Drama,,,,,,,,,0.0,shopify,1,deny,manual,8.00,,true,true,,,,,57850874,,,,false,,,,,,,,,,lb,,,active
blue-in-th-face-vhs-floor-sale-comedy,Blue in th Face,,VHS,,,"Comedy, Floor Sale",true,Genre,Comedy,,,,,,,,,0.0,shopify,1,deny,manual,10.00,,true,true,,,,,57818106,,,,false,,,,,,,,,,lb,,,active
reality-bites-vhs-floor-sale-comedy,Reality Bites,,VHS,,,"Comedy, Floor Sale",true,Genre,Comedy,,,,,,,,,0.0,shopify,1,deny,manual,10.00,,true,true,,,,,57785338,,,,false,,,,,,,,,,lb,,,active
shame-shame-shame-vhs-floor-sale-thriller,"Shame, Shame, Shame",,VHS,,,"Floor Sale, Thriller",true,Genre,Thriller,,,,,,,,,0.0,shopify,1,deny,manual,6.00,,true,true,,,,,57752570,,,,false,,,,,,,,,,lb,,,active
the-boxer-vhs-floor-sale-drama,The Boxer,,VHS,,,"Drama, Floor Sale",true,Genre,Drama,,,,,,,,,0.0,shopify,1,deny,manual,6.00,,true,true,,,,,57621498,,,,false,,,,,,,,,,lb,,,active
champion-vhs-floor-sale-drama,Champion,,VHS,,,"Drama, Floor Sale",true,Genre,Drama,,,,,,,,,0.0,shopify,1,deny,manual,8.00,,true,true,,,,,57555962,,,,false,,,,,,,,,,lb,,,active
eve-of-destruction-vhs-floor-sale-sci-fi,Eve of Destruction,,VHS,,,"Floor Sale, Sci-Fi",true,Genre,Sci-Fi,,,,,,,,,0.0,shopify,1,deny,manual,10.00,,true,true,,,,,57359354,,,,false,,,,,,,,,,lb,,,active
shining-through-vhs-floor-sale-drama,Shining Through,,VHS,,,"Drama, Floor Sale",true,Genre,Drama,,,,,,,,,0.0,shopify,1,deny,manual,6.00,,true,true,,,,,57326586,,,,false,,,,,,,,,,lb,,,active
nothing-underneath-vhs-floor-sale-horror,Nothing Underneath,,VHS,,,"Floor Sale, Horror",true,Genre,Horror,,,,,,,,,0.0,shopify,1,deny,manual,18.00,,true,true,,,,,57293818,,,,false,,,,,,,,,,lb,,,active
merry-christmas-mr-lawrence-vhs-floor-sale-action,"Merry Christmas, Mr. Lawrence",,VHS,,,"Action, Floor Sale",true,Genre,Action,,,,,,,,,0.0,shopify,1,deny,manual,12.00,,true,true,,,,,57261050,,,,false,,,,,,,,,,lb,,,active
mimic-2-vhs-floor-sale-sci-fi,Mimic 2,,VHS,,,"Floor Sale, Sci-Fi",true,Genre,Sci-Fi,,,,,,,,,0.0,shopify,1,deny,manual,8.00,,true,true,,,,,57228282,,,,false,,,,,,,,,,lb,,,active
one-from-the-heart-vhs-floor-sale-drama,One from the Heart,,VHS,,,"Drama, Floor Sale",true,Genre,Drama,,,,,,,,,0.0,shopify,1,deny,manual,24.00,,true,true,,,,,57162746,,,,false,,,,,,,,,,lb,,,active
mermaids-vhs-floor-sale-comedy,Mermaids,,VHS,,,"Comedy, Floor Sale",true,Genre,Comedy,,,,,,,,,0.0,shopify,1,deny,manual,6.00,,true,true,,,,,57129978,,,,false,,,,,,,,,,lb,,,active
spetters-vhs-floor-sale-drama,Spetters,,VHS,,,"Drama, Floor Sale",true,Genre,Drama,,,,,,,,,0.0,shopify,1,deny,manual,12.00,,true,true,,,,,57097210,,,,false,,,,,,,,,,lb,,,active
sixteen-candles-vhs-floor-sale-comedy,Sixteen Candles,,VHS,,,"Comedy, Floor Sale",true,Genre,Comedy,,,,,,,,,0.0,shopify,1,deny,manual,6.00,,true,true,,,,,57064442,,,,false,,,,,,,,,,lb,,,active
money-for-nothing-vhs-floor-sale-drama,Money for Nothing,,VHS,,,"Drama, Floor Sale",true,Genre,Drama,,,,,,,,,0.0,shopify,1,deny,manual,8.00,,true,true,,,,,57031674,,,,false,,,,,,,,,,lb,,,active
the-raggedy-rawney-vhs-floor-sale-drama,The Raggedy Rawney,,VHS,,,"Drama, Floor Sale",true,Genre,Drama,,,,,,,,,0.0,shopify,1,deny,manual,8.00,,true,true,,,,,56998906,,,,false,,,,,,,,,,lb,,,active
rent-a-cop-vhs-floor-sale-action,Rent-A-Cop,,VHS,,,"Action, Floor Sale",true,Genre,Action,,,,,,,,,0.0,shopify,1,deny,manual,5.00,,true,true,,,,,56966138,,,,false,,,,,,,,,,lb,,,active
the-royal-tenenbaums-vhs-floor-sale-comedy,The Royal Tenenbaums,,VHS,,,"Comedy, Floor Sale",true,Genre,Comedy,,,,,,,,,0.0,shopify,1,deny,manual,10.00,,true,true,,,,,56933370,,,,false,,,,,,,,,,lb,,,active
high-and-low-dvd-rental-thriller,High and Low,,DVD,,,"Rental, Thriller",true,Genre,Thriller,,,,,,,,,0.0,shopify,1,deny,manual,0.00,,true,true,,,,,50561274,,,,false,,,,,,,,,,lb,,,active
the-hidden-fortress-dvd-rental-action,The Hidden Fortress,,DVD,,,"Action, Rental",true,Genre,Action,,,,,,,,,0.0,shopify,1,deny,manual,0.00,,true,true,,,,,50495738,,,,false,,,,,,,,,,lb,,,active
red-beard-dvd-rental-drama,Red Beard,,DVD,,,"Drama, Rental",true,Genre,Drama,,,,,,,,,0.0,shopify,1,deny,manual,0.00,,true,true,,,,,50430202,,,,false,,,,,,,,,,lb,,,active
wild-strawberries-dvd-rental-drama,Wild Strawberries,,DVD,,,"Drama, Rental",true,Genre,Drama,,,,,,,,,0.0,shopify,1,deny,manual,0.00,,true,true,,,,,50397434,,,,false,,,,,,,,,,lb,,,active
smiles-of-a-summer-night-dvd-rental-comedy,Smiles of a Summer Night,,DVD,,,"Comedy, Rental",true,Genre,Comedy,,,,,,,,,0.0,shopify,1,deny,manual,0.00,,true,true,,,,,50364666,,,,false,,,,,,,,,,lb,,,active
my-man-godfry-dvd-rental-comedy,My Man Godfry,,DVD,,,"Comedy, Rental",true,Genre,Comedy,,,,,,,,,0.0,shopify,1,deny,manual,0.00,,true,true,,,,,50299130,,,,false,,,,,,,,,,lb,,,active
rashomon-dvd-rental-thriller,Rashomon,,DVD,,,"Rental, Thriller",true,Genre,Thriller,,,,,,,,,0.0,shopify,1,deny,manual,0.00,,true,true,,,,,50233594,,,,false,,,,,,,,,,lb,,,active
hiroshima-mon-amour-dvd-rental-drama,Hiroshima Mon Amour,,DVD,,,"Drama, Rental",true,Genre,Drama,,,,,,,,,0.0,shopify,1,deny,manual,0.00,,true,true,,,,,50168058,,,,false,,,,,,,,,,lb,,,active
night-and-fog-dvd-rental-documentary,Night and Fog,,DVD,,,"Documentary, Rental",true,Genre,Documentary,,,,,,,,,0.0,shopify,1,deny,manual,0.00,,true,true,,,,,50102522,,,,false,,,,,,,,,,lb,,,active
ran-dvd-rental-drama,RAN,,DVD,,,"Drama, Rental",true,Genre,Drama,,,,,,,,,0.0,shopify,1,deny,manual,0.00,,true,true,,,,,50036986,,,,false,,,,,,,,,,lb,,,active
the-bad-sleep-well-dvd-rental-drama,The Bad Sleep Well,,DVD,,,"Drama, Rental",true,Genre,Drama,,,,,,,,,0.0,shopify,1,deny,manual,0.00,,true,true,,,,,49971450,,,,false,,,,,,,,,,lb,,,active
throne-of-blood-dvd-rental-drama,Throne of Blood,,DVD,,,"Drama, Rental",true,Genre,Drama,,,,,,,,,0.0,shopify,1,deny,manual,0.00,,true,true,,,,,49938682,,,,false,,,,,,,,,,lb,,,active
stray-dog-dvd-rental-drama,Stray Dog,,DVD,,,"Drama, Rental",true,Genre,Drama,,,,,,,,,0.0,shopify,1,deny,manual,0.00,,true,true,,,,,49873146,,,,false,,,,,,,,,,lb,,,active
unfaithfully-yours-dvd-rental-comedy,Unfaithfully Yours,,DVD,,,"Comedy, Rental",true,Genre,Comedy,,,,,,,,,0.0,shopify,1,deny,manual,0.00,,true,true,,,,,49807610,,,,false,,,,,,,,,,lb,,,active
the-river-dvd-rental-drama,The River,,DVD,,,"Drama, Rental",true,Genre,Drama,,,,,,,,,0.0,shopify,1,deny,manual,0.00,,true,true,,,,,49742074,,,,false,,,,,,,,,,lb,,,active
drunken-angel-dvd-rental-drama,Drunken Angel,,DVD,,,"Drama, Rental",true,Genre,Drama,,,,,,,,,0.0,shopify,1,deny,manual,0.00,,true,true,,,,,49676538,,,,false,,,,,,,,,,lb,,,active
something-wild-dvd-rental-drama,Something Wild,,DVD,,,"Drama, Rental",true,Genre,Drama,,,,,,,,,0.0,shopify,1,deny,manual,0.00,,true,true,,,,,49611002,,,,false,,,,,,,,,,lb,,,active
chungking-express-dvd-rental-drama,Chungking Express,,DVD,,,"Drama, Rental",true,Genre,Drama,,,,,,,,,0.0,shopify,1,deny,manual,0.00,,true,true,,,,,49545466,,,,false,,,,,,,,,,lb,,,active
miss-julie-dvd-rental-drama,Miss Julie,,DVD,,,"Drama, Rental",true,Genre,Drama,,,,,,,,,0.0,shopify,1,deny,manual,0.00,,true,true,,,,,49479930,,,,false,,,,,,,,,,lb,,,active
mon-oncle-antoine-dvd-rental-drama,Mon Oncle Antoine,,DVD,,,"Drama, Rental",true,Genre,Drama,,,,,,,,,0.0,shopify,1,deny,manual,0.00,,true,true,,,,,49414394,,,,false,,,,,,,,,,lb,,,active
summer-interlude-dvd-rental-drama,Summer Interlude,,DVD,,,"Drama, Rental",true,Genre,Drama,,,,,,,,,0.0,shopify,1,deny,manual,0.00,,true,true,,,,,49316090,,,,false,,,,,,,,,,lb,,,active
fanfan-la-tulipe-dvd-rental-comedy,Fanfan la Tulipe,,DVD,,,"Comedy, Rental",true,Genre,Comedy,,,,,,,,,0.0,shopify,1,deny,manual,0.00,,true,true,,,,,49250554,,,,false,,,,,,,,,,lb,,,active
solo-con-tu-pareja-dvd-rental-romantic-comedy,Solo Con Tu Pareja,,DVD,,,"Rental, Romantic Comedy",true,Genre,Romantic Comedy,,,,,,,,,0.0,shopify,1,deny,manual,0.00,,true,true,,,,,49185018,,,,false,,,,,,,,,,lb,,,active
the-soft-skin-dvd-rental-drama,The Soft Skin,,DVD,,,"Drama, Rental",true,Genre,Drama,,,,,,,,,0.0,shopify,1,deny,manual,0.00,,true,true,,,,,49119482,,,,false,,,,,,,,,,lb,,,active
variety-lights-dvd-rental-comedy,Variety Lights,,DVD,,,"Comedy, Rental",true,Genre,Comedy,,,,,,,,,0.0,shopify,1,deny,manual,0.00,,true,true,,,,,49053946,,,,false,,,,,,,,,,lb,,,active
i-vitelloni-dvd-rental-comedy,I Vitelloni,,DVD,,,"Comedy, Rental",true,Genre,Comedy,,,,,,,,,0.0,shopify,1,deny,manual,0.00,,true,true,,,,,48988410,,,,false,,,,,,,,,,lb,,,active
le-notti-bianche-dvd-rental-drama,Le Notti Bianche,,DVD,,,"Drama, Rental",true,Genre,Drama,,,,,,,,,0.0,shopify,1,deny,manual,0.00,,true,true,,,,,48922874,,,,false,,,,,,,,,,lb,,,active
viridiana-dvd-rental-drama,Viridiana,,DVD,,,"Drama, Rental",true,Genre,Drama,,,,,,,,,0.0,shopify,1,deny,manual,0.00,,true,true,,,,,48857338,,,,false,,,,,,,,,,lb,,,active
the-last-temptation-of-christ-dvd-rental-drama,The Last Temptation of Christ,,DVD,,,"Drama, Rental",true,Genre,Drama,,,,,,,,,0.0,shopify,1,deny,manual,0.00,,true,true,,,,,48824570,,,,false,,,,,,,,,,lb,,,active
black-narcissus-dvd-rental-drama,Black Narcissus,,DVD,,,"Drama, Rental",true,Genre,Drama,,,,,,,,,0.0,shopify,1,deny,manual,0.00,,true,true,,,,,48791802,,,,false,,,,,,,,,,lb,,,active
walkabout-dvd-rental-drama,Walkabout,,DVD,,,"Drama, Rental",true,Genre,Drama,,,,,,,,,0.0,shopify,1,deny,manual,0.00,,true,true,,,,,48759034,,,,false,,,,,,,,,,lb,,,active
summertime-dvd-rental-drama,Summertime,,DVD,,,"Drama, Rental",true,Genre,Drama,,,,,,,,,0.0,shopify,1,deny,manual,0.00,,true,true,,,,,48693498,,,,false,,,,,,,,,,lb,,,active
cria-cuervos-dvd-rental-drama,Cria Cuervos,,DVD,,,"Drama, Rental",true,Genre,Drama,,,,,,,,,0.0,shopify,1,deny,manual,0.00,,true,true,,,,,48627962,,,,false,,,,,,,,,,lb,,,active
cheerleaders-beach-party-vhs-floor-sale-comedy,Cheerleaders Beach Party,,VHS,,,"Comedy, Floor Sale",true,Genre,Comedy,,,,,,,,,0.0,shopify,1,deny,manual,30.00,,true,true,,,,,56507898,,,,false,,,,,,,,,,lb,,,active
pearl-harbor-vhs-floor-sale-action,Pearl Harbor,,VHS,,,"Action, Floor Sale",true,Genre,Action,,,,,,,,,0.0,shopify,1,deny,manual,6.00,,true,true,,,,,50544122,,,,false,,,,,,,,,,lb,,,active
neon-city-vhs-floor-sale-sci-fi,Neon City,,VHS,,,"Floor Sale, Sci-Fi",true,Genre,Sci-Fi,,,,,,,,,0.0,shopify,1,deny,manual,18.00,,true,true,,,,,50478586,,,,false,,,,,,,,,,lb,,,active
renaissance-man-vhs-rental-comedy,Renaissance Man,,VHS,,,"Comedy, Rental",true,Genre,Comedy,,,,,,,,,0.0,shopify,1,deny,manual,0.00,,true,true,,,,,37600762,,,,false,,,,,,,,,,lb,,,active
return-to-the-blue-lagoon-vhs-rental-drama,Return to the Blue Lagoon,,VHS,,,"Drama, Rental",true,Genre,Drama,,,,,,,,,0.0,shopify,1,deny,manual,0.00,,true,true,,,,,37567994,,,,false,,,,,,,,,,lb,,,active
cold-comfort-vhs-rental-thriller,Cold Comfort,,VHS,,,"Rental, Thriller",true,Genre,Thriller,,,,,,,,,0.0,shopify,1,deny,manual,0.00,,true,true,,,,,37535226,,,,false,,,,,,,,,,lb,,,active
chain-of-command-vhs-rental-action,Chain of Command,,VHS,,,"Action, Rental",true,Genre,Action,,,,,,,,,0.0,shopify,1,deny,manual,0.00,,true,true,,,,,37436922,,,,false,,,,,,,,,,lb,,,active
wyatt-earp-vhs-rental-action,Wyatt Earp,,VHS,,,"Action, Rental",true,Genre,Action,,,,,,,,,0.0,shopify,1,deny,manual,0.00,,true,true,,,,,37273082,,,,false,,,,,,,,,,lb,,,active
ultraviolet-vhs-rental-action,Ultraviolet,,VHS,,,"Action, Rental",true,Genre,Action,,,,,,,,,0.0,shopify,1,deny,manual,0.00,,true,true,,,,,37240314,,,,false,,,,,,,,,,lb,,,active
china-obrien-2-vhs-rental-action,China O'Brien 2,,VHS,,,"Action, Rental",true,Genre,Action,,,,,,,,,0.0,shopify,1,deny,manual,0.00,,true,true,,,,,37207546,,,,false,,,,,,,,,,lb,,,active
iron-thunder-vhs-rental-action,Iron Thunder,,VHS,,,"Action, Rental",true,Genre,Action,,,,,,,,,0.0,shopify,1,deny,manual,0.00,,true,true,,,,,37174778,,,,false,,,,,,,,,,lb,,,active
man-on-fire-1987-vhs-rental-action,Man on Fire (1987),,VHS,,,"Action, Rental",true,Genre,Action,,,,,,,,,0.0,shopify,1,deny,manual,0.00,,true,true,,,,,37043706,,,,false,,,,,,,,,,lb,,,active
thunderbolt-vhs-rental-action,Thunderbolt,,VHS,,,"Action, Rental",true,Genre,Action,,,,,,,,,0.0,shopify,1,deny,manual,0.00,,true,true,,,,,03448570,,,,false,,,,,,,,,,lb,,,active
eyewitness-shark-vhs-rental-kids-family,Eyewitness: Shark,,VHS,,,"Kids & Family, Rental",true,Genre,Kids & Family,,,,,,,,,0.0,shopify,1,deny,manual,0.00,,true,true,,,,,03415802,,,,false,,,,,,,,,,lb,,,active
ringmaster-vhs-rental-comedy,Ringmaster,,VHS,,,"Comedy, Rental",true,Genre,Comedy,,,,,,,,,0.0,shopify,1,deny,manual,0.00,,true,true,,,,,03350266,,,,false,,,,,,,,,,lb,,,active
book-of-love-vhs-rental-comedy,Book of Love,,VHS,,,"Comedy, Rental",true,Genre,Comedy,,,,,,,,,0.0,shopify,1,deny,manual,0.00,,true,true,,,,,03317498,,,,false,,,,,,,,,,lb,,,active
the-cemetary-club-vhs-rental-comedy,The Cemetary Club,,VHS,,,"Comedy, Rental",true,Genre,Comedy,,,,,,,,,0.0,shopify,1,deny,manual,0.00,,true,true,,,,,03284730,,,,false,,,,,,,,,,lb,,,active
the-shadow-of-chikara-vhs-rental-horror,The Shadow of Chikara,,VHS,,,"Horror, Rental",true,Genre,Horror,,,,,,,,,0.0,shopify,1,deny,manual,0.00,,true,true,,,,,03251962,,,,false,,,,,,,,,,lb,,,active
the-rich-mans-wife-vhs-rental-thriller,The Rich Man's Wife,,VHS,,,"Rental, Thriller",true,Genre,Thriller,,,,,,,,,0.0,shopify,1,deny,manual,0.00,,true,true,,,,,03219194,,,,false,,,,,,,,,,lb,,,active
nikita-blues-vhs-rental-comedy,Nikita Blues,,VHS,,,"Comedy, Rental",true,Genre,Comedy,,,,,,,,,0.0,shopify,1,deny,manual,0.00,,true,true,,,,,03186426,,,,false,,,,,,,,,,lb,,,active
dark-journey-vhs-rental-drama,Dark Journey,,VHS,,,"Drama, Rental",true,Genre,Drama,,,,,,,,,0.0,shopify,1,deny,manual,0.00,,true,true,,,,,03022586,,,,false,,,,,,,,,,lb,,,active
the-groundstar-conspiracy-vhs-rental-sci-fi,The Groundstar Conspiracy,,VHS,,,"Rental, Sci-fi",true,Genre,Sci-fi,,,,,,,,,0.0,shopify,1,deny,manual,0.00,,true,true,,,,,02924282,,,,false,,,,,,,,,,lb,,,active
twilights-last-gleaming-vhs-rental-thriller,Twilight's Last Gleaming,,VHS,,,"Rental, Thriller",true,Genre,Thriller,,,,,,,,,0.0,shopify,1,deny,manual,0.00,,true,true,,,,,29417722,,,,false,,,,,,,,,,lb,,,active
public-enemies-vhs-rental-drama,Public Enemies,,VHS,,,"Drama, Rental",true,Genre,Drama,,,,,,,,,0.0,shopify,1,deny,manual,0.00,,true,true,,,,,29384954,,,,false,,,,,,,,,,lb,,,active
rockwell-a-legend-of-the-wild-west-vhs-rental-drama,Rockwell: A Legend of the Wild West,,VHS,,,"Drama, Rental",true,Genre,Drama,,,,,,,,,0.0,shopify,1,deny,manual,0.00,,true,true,,,,,29352186,,,,false,,,,,,,,,,lb,,,active
girls-in-prison-vhs-rental-drama,Girls in Prison,,VHS,,,"Drama, Rental",true,Genre,Drama,,,,,,,,,0.0,shopify,1,deny,manual,0.00,,true,true,,,,,29319418,,,,false,,,,,,,,,,lb,,,active
ice-castles-vhs-rental-drama,Ice Castles,,VHS,,,"Drama, Rental",true,Genre,Drama,,,,,,,,,0.0,shopify,1,deny,manual,0.00,,true,true,,,,,29286650,,,,false,,,,,,,,,,lb,,,active
lightnight-incident-vhs-rental-thriller,Lightnight incident,,VHS,,,"Rental, Thriller",true,Genre,Thriller,,,,,,,,,0.0,shopify,1,deny,manual,0.00,,true,true,,,,,29253882,,,,false,,,,,,,,,,lb,,,active
hollywood-safari-vhs-rental-kids-family,Hollywood Safari,,VHS,,,"Kids & Family, Rental",true,Genre,Kids & Family,,,,,,,,,0.0,shopify,1,deny,manual,0.00,,true,true,,,,,29221114,,,,false,,,,,,,,,,lb,,,active
drum-vhs-rental-drama,Drum,,VHS,,,"Drama, Rental",true,Genre,Drama,,,,,,,,,0.0,shopify,1,deny,manual,0.00,,true,true,,,,,28860666,,,,false,,,,,,,,,,lb,,,active
rage-vhs-rental-thriller,Rage,,VHS,,,"Rental, Thriller",true,Genre,Thriller,,,,,,,,,0.0,shopify,1,deny,manual,0.00,,true,true,,,,,28795130,,,,false,,,,,,,,,,lb,,,active
gang-related-vhs-rental-thriller,Gang Related,,VHS,,,"Rental, Thriller",true,Genre,Thriller,,,,,,,,,0.0,shopify,1,deny,manual,0.00,,true,true,,,,,28762362,,,,false,,,,,,,,,,lb,,,active
kid-vhs-floor-sale-drama,Kid,,VHS,,,"Drama, Floor Sale",true,Genre,Drama,,,,,,,,,0.0,shopify,1,deny,manual,5.00,,true,true,,,,,82061050,,,,false,,,,,,,,,,lb,,,active
only-the-strong-vhs-floor-sale-action,Only the Strong,,VHS,,,"Action, Floor Sale",true,Genre,Action,,,,,,,,,0.0,shopify,1,deny,manual,8.00,,true,true,,,,,81995514,,,,false,,,,,,,,,,lb,,,active
100-kilos-vhs-floor-sale-thriller,100 Kilos,,VHS,,,"Floor Sale, Thriller",true,Genre,Thriller,,,,,,,,,0.0,shopify,1,deny,manual,5.00,,true,true,,,,,81929978,,,,false,,,,,,,,,,lb,,,active
the-negotiator-vhs-floor-sale-thriller,The Negotiator,,VHS,,,"Floor Sale, Thriller",true,Genre,Thriller,,,,,,,,,0.0,shopify,1,deny,manual,6.00,,true,true,,,,,81897210,,,,false,,,,,,,,,,lb,,,active
blind-justice-vhs-floor-sale-drama,Blind Justice,,VHS,,,"Drama, Floor Sale",true,Genre,Drama,,,,,,,,,0.0,shopify,1,deny,manual,6.00,,true,true,,,,,81766138,,,,false,,,,,,,,,,lb,,,active
way-of-the-black-dragon-vhs-floor-sale-action,Way of the Black Dragon,,VHS,,,"Action, Floor Sale",true,Genre,Action,,,,,,,,,0.0,shopify,1,deny,manual,8.00,,true,true,,,,,81667834,,,,false,,,,,,,,,,lb,,,active
flatbed-annie-sweetie-pie-lady-truckers-vhs-floor-sale-action,Flatbed Annie & Sweetie Pie: Lady Truckers,,VHS,,,"Action, Floor Sale",true,Genre,Action,,,,,,,,,0.0,shopify,1,deny,manual,8.00,,true,true,,,,,81635066,,,,false,,,,,,,,,,lb,,,active
gale-force-vhs-floor-sale-action,Gale Force,,VHS,,,"Action, Floor Sale",true,Genre,Action,,,,,,,,,0.0,shopify,1,deny,manual,6.00,,true,true,,,,,81569530,,,,false,,,,,,,,,,lb,,,active
earthquake-vhs-floor-sale-action,Earthquake,,VHS,,,"Action, Floor Sale",true,Genre,Action,,,,,,,,,0.0,shopify,1,deny,manual,7.00,,true,true,,,,,81405690,,,,false,,,,,,,,,,lb,,,active
under-suspicion-vhs-floor-sale-thriller,Under Suspicion,,VHS,,,"Floor Sale, Thriller",true,Genre,Thriller,,,,,,,,,0.0,shopify,1,deny,manual,6.00,,true,true,,,,,81372922,,,,false,,,,,,,,,,lb,,,active
picnic-at-hanging-rock-vhs-floor-sale-drama,Picnic at Hanging Rock,,VHS,,,"Drama, Floor Sale",true,Genre,Drama,,,,,,,,,0.0,shopify,1,deny,manual,18.00,,true,true,,,,,81340154,,,,false,,,,,,,,,,lb,,,active
hard-evidence-vhs-floor-sale-thriller,Hard Evidence,,VHS,,,"Floor Sale, Thriller",true,Genre,Thriller,,,,,,,,,0.0,shopify,1,deny,manual,5.00,,true,true,,,,,81307386,,,,false,,,,,,,,,,lb,,,active
double-edge-vhs-floor-sale-thriller,Double Edge,,VHS,,,"Floor Sale, Thriller",true,Genre,Thriller,,,,,,,,,0.0,shopify,1,deny,manual,5.00,,true,true,,,,,81241850,,,,false,,,,,,,,,,lb,,,active
medicine-man-vhs-floor-sale-drama,Medicine Man,,VHS,,,"Drama, Floor Sale",true,Genre,Drama,,,,,,,,,0.0,shopify,1,deny,manual,6.00,,true,true,,,,,81209082,,,,false,,,,,,,,,,lb,,,active
ballistic-ecks-vs-sever-vhs-floor-sale-action,Ballistic Ecks Vs Sever,,VHS,Uncategorized,,"Action, Floor Sale",true,Genre,Action,,,,,,,,,0.0,shopify,2,deny,manual,5.00,,true,true,,,,,81110778,,,,false,,,,,,,,,,lb,,,active
the-secret-of-the-ice-cave-vhs-floor-sale-action,The Secret of the Ice Cave,,VHS,,,"Action, Floor Sale",true,Genre,Action,,,,,,,,,0.0,shopify,1,deny,manual,5.00,,true,true,,,,,59451130,,,,false,,,,,,,,,,lb,,,active
china-strike-force-vhs-floor-sale-action,China Strike Force,,VHS,,,"Action, Floor Sale",true,Genre,Action,,,,,,,,,0.0,shopify,1,deny,manual,5.00,,true,true,,,,,59418362,,,,false,,,,,,,,,,lb,,,active
inferno-vhs-floor-sale-action,Inferno,,VHS,,,"Action, Floor Sale",true,Genre,Action,,,,,,,,,0.0,shopify,1,deny,manual,5.00,,true,true,,,,,59320058,,,,false,,,,,,,,,,lb,,,active
the-weight-of-water-vhs-floor-sale-thriller,The Weight of Water,,VHS,,,"Floor Sale, Thriller",true,Genre,Thriller,,,,,,,,,0.0,shopify,1,deny,manual,7.00,,true,true,,,,,59254522,,,,false,,,,,,,,,,lb,,,active
final-appeal-vhs-floor-sale-thriller,Final Appeal,,VHS,,,"Floor Sale, Thriller",true,Genre,Thriller,,,,,,,,,0.0,shopify,1,deny,manual,5.00,,true,true,,,,,59221754,,,,false,,,,,,,,,,lb,,,active
nemesis-game-vhs-floor-sale-thriller,Nemesis Game,,VHS,,,"Floor Sale, Thriller",true,Genre,Thriller,,,,,,,,,0.0,shopify,1,deny,manual,5.00,,true,true,,,,,59188986,,,,false,,,,,,,,,,lb,,,active
shades-of-fear-vhs-floor-sale-thriller,Shades of Fear,,VHS,,,"Floor Sale, Thriller",true,Genre,Thriller,,,,,,,,,0.0,shopify,1,deny,manual,5.00,,true,true,,,,,59156218,,,,false,,,,,,,,,,lb,,,active
seven-hours-to-judgement-vhs-floor-sale-thriller,Seven Hours to Judgement,,VHS,,,"Floor Sale, Thriller",true,Genre,Thriller,,,,,,,,,0.0,shopify,1,deny,manual,5.00,,true,true,,,,,59123450,,,,false,,,,,,,,,,lb,,,active
sunset-grill-vhs-floor-sale-thriller,Sunset Grill,,VHS,,,"Floor Sale, Thriller",true,Genre,Thriller,,,,,,,,,0.0,shopify,1,deny,manual,5.00,,true,true,,,,,59090682,,,,false,,,,,,,,,,lb,,,active
crime-broker-vhs-floor-sale-thriller,Crime Broker,,VHS,,,"Floor Sale, Thriller",true,Genre,Thriller,,,,,,,,,0.0,shopify,1,deny,manual,5.00,,true,true,,,,,59057914,,,,false,,,,,,,,,,lb,,,active
the-handmades-tale-vhs-floor-sale-sci-fi,The Handmades Tale,,VHS,,,"Floor Sale, Sci-Fi",true,Genre,Sci-Fi,,,,,,,,,0.0,shopify,1,deny,manual,8.00,,true,true,,,,,58992378,,,,false,,,,,,,,,,lb,,,active
lightnight-incident-vhs-floor-sale-thriller,Lightnight Incident,,VHS,,,"Floor Sale, Thriller",true,Genre,Thriller,,,,,,,,,0.0,shopify,1,deny,manual,5.00,,true,true,,,,,58959610,,,,false,,,,,,,,,,lb,,,active
hard-vice-vhs-floor-sale-action,Hard Vice,,VHS,,,"Action, Floor Sale",true,Genre,Action,,,,,,,,,0.0,shopify,1,deny,manual,5.00,,true,true,,,,,58894074,,,,false,,,,,,,,,,lb,,,active
another-9-1-2-weeks-vhs-floor-sale-drama,Another 9 1/2 Weeks,,VHS,,,"Drama, Floor Sale",true,Genre,Drama,,,,,,,,,0.0,shopify,1,deny,manual,6.00,,true,true,,,,,58861306,,,,false,,,,,,,,,,lb,,,active
invasion-of-privacy-vhs-floor-sale-thriller,Invasion of Privacy,,VHS,,,"Floor Sale, Thriller",true,Genre,Thriller,,,,,,,,,0.0,shopify,1,deny,manual,5.00,,true,true,,,,,58828538,,,,false,,,,,,,,,,lb,,,active
hollow-reed-vhs-floor-sale-thriller,Hollow Reed,,VHS,,,"Floor Sale, Thriller",true,Genre,Thriller,,,,,,,,,0.0,shopify,1,deny,manual,5.00,,true,true,,,,,58795770,,,,false,,,,,,,,,,lb,,,active
cinderella-liberty-vhs-floor-sale-drama,Cinderella Liberty,,VHS,,,"Drama, Floor Sale",true,Genre,Drama,,,,,,,,,0.0,shopify,1,deny,manual,8.00,,true,true,,,,,58763002,,,,false,,,,,,,,,,lb,,,active
moonlight-and-valentino-vhs-floor-sale-drama,Moonlight and Valentino,,VHS,,,"Drama, Floor Sale",true,Genre,Drama,,,,,,,,,0.0,shopify,1,deny,manual,6.00,,true,true,,,,,58730234,,,,false,,,,,,,,,,lb,,,active
crazy-beautiful-vhs-floor-sale-drama,Crazy Beautiful,,VHS,,,"Drama, Floor Sale",true,Genre,Drama,,,,,,,,,0.0,shopify,1,deny,manual,8.00,,true,true,,,,,58664698,,,,false,,,,,,,,,,lb,,,active
the-idolmaker-vhs-floor-sale-drama,The Idolmaker,,VHS,,,"Drama, Floor Sale",true,Genre,Drama,,,,,,,,,0.0,shopify,1,deny,manual,8.00,,true,true,,,,,58599162,,,,false,,,,,,,,,,lb,,,active
choices-vhs-floor-sale-drama,Choices,,VHS,,,"Drama, Floor Sale",true,Genre,Drama,,,,,,,,,0.0,shopify,1,deny,manual,5.00,,true,true,,,,,58566394,,,,false,,,,,,,,,,lb,,,active
acceptable-risk-vhs-floor-sale-thriller,Acceptable Risk,,VHS,Uncategorized,,"Floor Sale, Sci-Fi",true,Genre,Sci-Fi,,,,,,,,,0.0,shopify,1,deny,manual,5.00,,true,true,,,,,58533626,,,,false,,,,,,,,,,lb,,,active
circus-vhs-floor-sale-drama,Circus,,VHS,,,"Drama, Floor Sale",true,Genre,Drama,,,,,,,,,0.0,shopify,1,deny,manual,5.00,,true,true,,,,,58500858,,,,false,,,,,,,,,,lb,,,active
bad-trip-vhs-floor-sale-comedy,Bad Trip,,VHS,,,"Comedy, Floor Sale",true,Genre,Comedy,,,,,,,,,0.0,shopify,1,deny,manual,5.00,,true,true,,,,,58468090,,,,false,,,,,,,,,,lb,,,active
beau-travail-vhs-floor-sale-drama,Beau Travail,,VHS,,,"Drama, Floor Sale",true,Genre,Drama,,,,,,,,,0.0,shopify,1,deny,manual,15.00,,true,true,,,,,58369786,,,,false,,,,,,,,,,lb,,,active
cruel-intentions-vhs-floor-sale-drama,Cruel Intentions,,VHS,,,"Drama, Floor Sale",true,Genre,Drama,,,,,,,,,0.0,shopify,1,deny,manual,10.00,,true,true,,,,,58337018,,,,false,,,,,,,,,,lb,,,active
dead-presidents-vhs-floor-sale-drama,Dead Presidents,,VHS,,,"Drama, Floor Sale",true,Genre,Drama,,,,,,,,,0.0,shopify,1,deny,manual,8.00,,true,true,,,,,58271482,,,,false,,,,,,,,,,lb,,,active
stoner-blu-ray-bluray-floor-sale-action,Stoner [Blu-ray],,Blu-ray,,,"Action, Floor Sale",true,Genre,Action,,,,,,,,,0.0,shopify,1,deny,manual,30.00,,true,true,,,,,93320442,,,,false,,,,,,,,,,lb,,,active
mortal-kombat-kollection-limited-edition-blu-ray-bluray-floor-sale-action,Mortal Kombat Kollection [Limited Edition] [Blu-ray],,Blu-ray,,,"Action, Floor Sale",true,Genre,Action,,,,,,,,,0.0,shopify,2,deny,manual,55.00,,true,true,,,,,93287674,,,,false,,,,,,,,,,lb,,,active
salems-lot-limited-edition-4k-ultra-hd-4k-floor-sale-horror,Salem's Lot [Limited Edition] [4K Ultra HD],,4K,,,"Floor Sale, Horror",true,Genre,Horror,,,,,,,,,0.0,shopify,2,deny,manual,55.00,,true,true,,,,,93254906,,,,false,,,,,,,,,,lb,,,active
excalibur-limited-edition-blu-ray-bluray-floor-sale-fantasy,Excalibur [Limited Edition] [Blu-ray],,Blu-ray,,,"Fantasy, Floor Sale",true,Genre,Fantasy,,,,,,,,,0.0,shopify,1,deny,manual,55.00,,true,true,,,,,93222138,,,,false,,,,,,,,,,lb,,,active
robocop-directors-cut-standard-edition-blu-ray-bluray-floor-sale-sci-fi,Robocop Director's Cut (Standard Edition) [BLU-RAY],,Blu-ray,,,"Floor Sale, Sci-Fi",true,Genre,Sci-Fi,,,,,,,,,0.0,shopify,2,deny,manual,38.00,,true,true,,,,,93189370,,,,false,,,,,,,,,,lb,,,active
an-american-werewolf-in-london-standard-edition-blu-ray-bluray-floor-sale-horror,An American Werewolf In London: Standard Edition [BLU-RAY],,Blu-ray,,,"Floor Sale, Horror",true,Genre,Horror,,,,,,,,,0.0,shopify,3,deny,manual,38.00,,true,true,,,,,93156602,,,,false,,,,,,,,,,lb,,,active
soylent-green-limited-edition-blu-ray-bluray-floor-sale-sci-fi,Soylent Green (Limited Edition) [Blu-ray],,Blu-ray,,,"Floor Sale, Sci-Fi",true,Genre,Sci-Fi,,,,,,,,,0.0,shopify,2,deny,manual,38.00,,true,true,,,,,93123834,,,,false,,,,,,,,,,lb,,,active
dark-city-standard-edition-blu-ray-bluray-floor-sale-dark-city,Dark City (Standard Edition) [Blu-ray],,Blu-ray,,,"Dark City, Floor Sale",true,Genre,Dark City,,,,,,,,,0.0,shopify,2,deny,manual,38.00,,true,true,,,,,93091066,,,,false,,,,,,,,,,lb,,,active
dune-standard-edition-blu-ray-bluray-floor-sale-sci-fi,Dune [Standard Edition] [Blu-ray],,Blu-ray,,,"Floor Sale, Sci-Fi",true,Genre,Sci-Fi,,,,,,,,,0.0,shopify,3,deny,manual,38.00,,true,true,,,,,93058298,,,,false,,,,,,,,,,lb,,,active
falling-down-limited-edition-blu-ray-bluray-floor-sale-action,Falling Down (Limited Edition) [Blu-ray],,Blu-ray,,,"Action, Floor Sale",true,Genre,Action,,,,,,,,,0.0,shopify,1,deny,manual,38.00,,true,true,,,,,93025530,,,,false,,,,,,,,,,lb,,,active
hugo-standard-edition-blu-ray-bluray-floor-sale-kids-family,Hugo (Standard Edition) [Blu-ray],,Blu-ray,,,"Floor Sale, Kids & Family",true,Genre,Kids & Family,,,,,,,,,0.0,shopify,2,deny,manual,38.00,,true,true,,,,,92992762,,,,false,,,,,,,,,,lb,,,active
mallrats-standard-edition-blu-ray-bluray-floor-sale-comedy,Mallrats (Standard Edition) [Blu-ray],,Blu-ray,,,"Comedy, Floor Sale",true,Genre,Comedy,,,,,,,,,0.0,shopify,3,deny,manual,38.00,,true,true,,,,,92959994,,,,false,,,,,,,,,,lb,,,active
ms-45-blu-ray-bluray-floor-sale-thriller,Ms .45 [Blu-ray],,Blu-ray,,,"Floor Sale, Thriller",true,Genre,Thriller,,,,,,,,,0.0,shopify,2,deny,manual,38.00,,true,true,,,,,92927226,,,,false,,,,,,,,,,lb,,,active
demolition-man-special-edition-blu-ray-bluray-floor-sale-sci-fi,Demolition Man (Special Edition) [Blu-ray],,Blu-ray,,,"Floor Sale, Sci-Fi",true,Genre,Sci-Fi,,,,,,,,,0.0,shopify,1,deny,manual,38.00,,true,true,,,,,92894458,,,,false,,,,,,,,,,lb,,,active
hellraiser-blu-ray-bluray-floor-sale-horror,Hellraiser [BLU-RAY],,Blu-ray,,,"Floor Sale, Horror",true,Genre,Horror,,,,,,,,,0.0,shopify,1,deny,manual,38.00,,true,true,,,,,92861690,,,,false,,,,,,,,,,lb,,,active
the-house-with-laughing-windows-blu-ray-bluray-floor-sale-horror,The House With Laughing Windows [Blu-ray],,Blu-ray,,,"Floor Sale, Horror",true,Genre,Horror,,,,,,,,,0.0,shopify,3,deny,manual,38.00,,true,true,,,,,92796154,,,,false,,,,,,,,,,lb,,,active
pitch-black-blu-ray-bluray-floor-sale-sci-fi,Pitch Black [Blu-ray],,Blu-ray,,,"Floor Sale, Sci-Fi",true,Genre,Sci-Fi,,,,,,,,,0.0,shopify,2,deny,manual,38.00,,true,true,,,,,92763386,,,,false,,,,,,,,,,lb,,,active
chud-standard-edition-blu-ray-bluray-floor-sale-sci-fi,C.H.U.D. [Standard Edition] [Blu-ray],,Blu-ray,,,"Floor Sale, Sci-Fi",true,Genre,Sci-Fi,,,,,,,,,0.0,shopify,1,deny,manual,38.00,,true,true,,,,,92730618,,,,false,,,,,,,,,,lb,,,active
crimson-peak-blu-ray-bluray-floor-sale-horror,Crimson Peak [BLU-RAY],,Blu-ray,,,"Floor Sale, Horror",true,Genre,Horror,,,,,,,,,0.0,shopify,1,deny,manual,38.00,,true,true,,,,,92697850,,,,false,,,,,,,,,,lb,,,active
hellbound-hellraiser-ii-blu-ray-bluray-floor-sale-horror,Hellbound: Hellraiser II [BLU-RAY],,Blu-ray,,,"Floor Sale, Horror",true,Genre,Horror,,,,,,,,,0.0,shopify,1,deny,manual,38.00,,true,true,,,,,92665082,,,,false,,,,,,,,,,lb,,,active
inglourious-basterds-blu-ray-bluray-floor-sale-action,Inglourious Basterds [Blu-ray],,Blu-ray,,,"Action, Floor Sale",true,Genre,Action,,,,,,,,,0.0,shopify,2,deny,manual,38.00,,true,true,,,,,92534010,,,,false,,,,,,,,,,lb,,,active
troy-limited-edition-blu-ray-bluray-floor-sale-fantasy,Troy [Limited Edition] [Blu-ray],,Blu-ray,,,"Fantasy, Floor Sale",true,Genre,Fantasy,,,,,,,,,0.0,shopify,2,deny,manual,38.00,,true,true,,,,,92501242,,,,false,,,,,,,,,,lb,,,active
crimson-peak-4k-ultra-hd-4k-floor-sale-horror,Crimson Peak [4K Ultra HD],,4K,,,"Floor Sale, Horror",true,Genre,Horror,,,,,,,,,0.0,shopify,1,deny,manual,45.00,,true,true,,,,,92468474,,,,false,,,,,,,,,,lb,,,active
demolition-man-special-edition-4k-ultra-hd-4k-floor-sale-sci-fi,Demolition Man (Special Edition) [4K Ultra HD],,4K,,,"Floor Sale, Sci-Fi",true,Genre,Sci-Fi,,,,,,,,,0.0,shopify,1,deny,manual,45.00,,true,true,,,,,92402938,,,,false,,,,,,,,,,lb,,,active
inglourious-basterds-4k-ultra-hd-4k-floor-sale-action,Inglourious Basterds [4K Ultra HD],,4K,,,"Action, Floor Sale",true,Genre,Action,,,,,,,,,0.0,shopify,3,deny,manual,45.00,,true,true,,,,,92337402,,,,false,,,,,,,,,,lb,,,active
the-people-vs-larry-flynt-limited-edition-4k-ultra-hd-4k-floor-sale-drama,The People vs. Larry Flynt {Limited Edition] [4K Ultra HD],,4K,,,"Drama, Floor Sale",true,Genre,Drama,,,,,,,,,0.0,shopify,2,deny,manual,45.00,,true,true,,,,,92206330,,,,false,,,,,,,,,,lb,,,active
american-gigolo-4k-ultra-hd-4k-floor-sale-thriller,American Gigolo [4K Ultra HD],,4K,,,"Floor Sale, Thriller",true,Genre,Thriller,,,,,,,,,0.0,shopify,2,deny,manual,45.00,,true,true,,,,,92173562,,,,false,,,,,,,,,,lb,,,active
robocop-uhd-directors-cut-standard-edition-4k-ultra-hd-4k-floor-sale-sci-fi,Robocop [UHD Director's Cut Standard Edition] [4K Ultra HD],,4K,,,"Floor Sale, Sci-Fi",true,Genre,Sci-Fi,,,,,,,,,0.0,shopify,2,deny,manual,45.00,,true,true,,,,,92140794,,,,false,,,,,,,,,,lb,,,active
blackhat-standard-edition-4k-ultra-hd-4k-floor-sale-action,Blackhat (Standard Edition) [4K Ultra HD],,4K,,,"Action, Floor Sale",true,Genre,Action,,,,,,,,,0.0,shopify,2,deny,manual,45.00,,true,true,,,,,92108026,,,,false,,,,,,,,,,lb,,,active
soldier-limited-edition-4k-ultra-hd-4k-floor-sale-sci-fi,Soldier [Limited Edition] [4K Ultra HD],,4K,,,"Floor Sale, Sci-Fi",true,Genre,Sci-Fi,,,,,,,,,0.0,shopify,2,deny,manual,45.00,,true,true,,,,,92075258,,,,false,,,,,,,,,,lb,,,active
dark-city-standard-edition-4k-ultra-hd-4k-floor-sale-sci-fi,Dark City (Standard Edition) [4K Ultra HD],,4K,,,"Floor Sale, Sci-Fi",true,Genre,Sci-Fi,,,,,,,,,0.0,shopify,2,deny,manual,45.00,,true,true,,,,,92042490,,,,false,,,,,,,,,,lb,,,active
deep-blue-sea-standard-edition-4k-ultra-hd-4k-floor-sale-horror,Deep Blue Sea (Standard Edition) [4K Ultra HD],,4K,,,"Floor Sale, Horror",true,Genre,Horror,,,,,,,,,0.0,shopify,1,deny,manual,45.00,,true,true,,,,,92009722,,,,false,,,,,,,,,,lb,,,active
evil-dead-rise-limited-edition-4k-ultra-hd-4k-floor-sale-horror,Evil Dead Rise [Limited Edition] [4K Ultra HD],,4K,,,"Floor Sale, Horror",true,Genre,Horror,,,,,,,,,0.0,shopify,1,deny,manual,45.00,,true,true,,,,,91911418,,,,false,,,,,,,,,,lb,,,active
friday-the-13th-4k-ultra-hd-4k-floor-sale-horror,Friday The 13th [4K Ultra HD],,4K,,,"Floor Sale, Horror",true,Genre,Horror,,,,,,,,,0.0,shopify,3,deny,manual,45.00,,true,true,,,,,91845882,,,,false,,,,,,,,,,lb,,,active
in-the-mouth-of-madness-4k-ultra-hd-4k-floor-sale-horror,In The Mouth Of Madness [4K Ultra HD],,4K,,,"Floor Sale, Horror",true,Genre,Horror,,,,,,,,,0.0,shopify,3,deny,manual,45.00,,true,true,,,,,91813114,,,,false,,,,,,,,,,lb,,,active
an-american-werewolf-in-london-uhd-standard-edition-4k-ultra-hd-4k-floor-sale-horror,An American Werewolf In London [UHD Standard Edition] [4K Ultra HD],,4K,,,"Floor Sale, Horror",true,Genre,Horror,,,,,,,,,0.0,shopify,2,deny,manual,45.00,,true,true,,,,,91747578,,,,false,,,,,,,,,,lb,,,active
deep-blue-sea-limited-edition-blu-ray-bluray-floor-sale-sci-fi,Deep Blue Sea [Limited Edition] [Blu-ray],,Blu-ray,,,"Floor Sale, Sci-Fi",true,Genre,Sci-Fi,,,,,,,,,0.0,shopify,1,deny,manual,45.00,,true,true,,,,,91714810,,,,false,,,,,,,,,,lb,,,active
dune-standard-edition-4k-ultra-hd-4k-floor-sale-sci-fi,Dune [Standard Edition] [4K Ultra HD],,4K,,,"Floor Sale, Sci-Fi",true,Genre,Sci-Fi,,,,,,,,,0.0,shopify,2,deny,manual,45.00,,true,true,,,,,91682042,,,,false,,,,,,,,,,lb,,,active
jason-x-limited-edition-4k-ultra-hd-4k-floor-sale-horror,Jason X [Limited Edition] [4K Ultra HD],,4K,,,"Floor Sale, Horror",true,Genre,Horror,,,,,,,,,0.0,shopify,1,deny,manual,45.00,,true,true,,,,,91649274,,,,false,,,,,,,,,,lb,,,active
mute-witness-limited-edition-4k-ultra-hd-4k-floor-sale-horror,Mute Witness [Limited Edition] [4K Ultra HD],,4K,,,"Floor Sale, Horror",true,Genre,Horror,,,,,,,,,0.0,shopify,1,deny,manual,45.00,,true,true,,,,,91452666,,,,false,,,,,,,,,,lb,,,active
12-monkeys-uhd-4k-ultra-hd-4k-floor-sale-sci-fi,12 Monkeys UHD [4K Ultra HD],,4K,,,"Floor Sale, Sci-Fi",true,Genre,Sci-Fi,,,,,,,,,0.0,shopify,3,deny,manual,45.00,,true,true,,,,,91419898,,,,false,,,,,,,,,,lb,,,active
giallo-essentials-yellow-edition-standard-edition-blu-ray-bluray-floor-sale-horror,Giallo Essentials [Yellow Edition] Standard Edition [Blu-ray],,Blu-ray,,,"Floor Sale, Horror",true,Genre,Horror,,,,,,,,,0.0,shopify,1,deny,manual,98.00,,true,true,,,,,91354362,,,,false,,,,,,,,,,lb,,,active
teenage-mutant-ninja-turtles-trilogy-limited-edition-4k-ultra-hd-4k-floor-sale-action,Teenage Mutant Ninja Turtles Trilogy [Limited Edition] [4K Ultra HD],,4K,,,"Action, Floor Sale",true,Genre,Action,,,,,,,,,0.0,shopify,3,deny,manual,98.00,,true,true,,,,,91321594,,,,false,,,,,,,,,,lb,,,active
gamera-the-heisei-era-blu-ray-bluray-floor-sale-sci-fi,Gamera: The Heisei Era [Blu-ray],,Blu-ray,,,"Floor Sale, Sci-Fi",true,Genre,Sci-Fi,,,,,,,,,0.0,shopify,2,deny,manual,98.00,,true,true,,,,,91124986,,,,false,,,,,,,,,,lb,,,active
jackie-chans-breakout-hits-limited-edition-4k-ultra-hd-4k-floor-sale-action,Jackie Chan's Breakout Hits [Limited Edition] [4K Ultra HD],,4K,Uncategorized,,"Action, Floor Sale",true,Genre,Action,,,,,,,,,0.0,shopify,2,deny,manual,218.00,,true,true,,,,,91059450,,,,false,,,,,,,,,,lb,,,active
cutthroat-island-vhs-rental-action,Cutthroat Island,,VHS,,,"Action, Rental",true,Genre,Action,,,,,,,,,0.0,shopify,1,deny,manual,0.00,,true,true,,,,,00341754,,,,false,,,,,,,,,,lb,,,active
city-of-ghosts-vhs-rental-thriller,City of Ghosts,,VHS,,,"Rental, Thriller",true,Genre,Thriller,,,,,,,,,0.0,shopify,1,deny,manual,0.00,,true,true,,,,,00308986,,,,false,,,,,,,,,,lb,,,active
circumstances-unknown-vhs-rental-thriller,Circumstances Unknown,,VHS,,,"Rental, Thriller",true,Genre,Thriller,,,,,,,,,0.0,shopify,1,deny,manual,0.00,,true,true,,,,,00276218,,,,false,,,,,,,,,,lb,,,active
crazy-from-the-heart-vhs-rental-drama,Crazy From the Heart,,VHS,,,"Drama, Rental",true,Genre,Drama,,,,,,,,,0.0,shopify,1,deny,manual,0.00,,true,true,,,,,00243450,,,,false,,,,,,,,,,lb,,,active
one-crazy-summer-vhs-rental-comedy,One Crazy Summer,,VHS,,,"Comedy, Rental",true,Genre,Comedy,,,,,,,,,0.0,shopify,1,deny,manual,0.00,,true,true,,,,,00210682,,,,false,,,,,,,,,,lb,,,active
reversal-of-fortune-vhs-rental-drama,Reversal of Fortune,,VHS,,,"Drama, Rental",true,Genre,Drama,,,,,,,,,0.0,shopify,1,deny,manual,0.00,,true,true,,,,,00177914,,,,false,,,,,,,,,,lb,,,active
closely-watched-trains-vhs-rental-foreign,Closely Watched Trains,,VHS,,,"Foreign, Rental",true,Genre,Foreign,,,,,,,,,0.0,shopify,1,deny,manual,0.00,,true,true,,,,,00145146,,,,false,,,,,,,,,,lb,,,active
century-vhs-rental-drama,Century,,VHS,,,"Drama, Rental",true,Genre,Drama,,,,,,,,,0.0,shopify,1,deny,manual,0.00,,true,true,,,,,00112378,,,,false,,,,,,,,,,lb,,,active
circle-of-fear-vhs-rental-horror,Circle of fear,,VHS,,,"Horror, Rental",true,Genre,Horror,,,,,,,,,0.0,shopify,1,deny,manual,0.00,,true,true,,,,,00079610,,,,false,,,,,,,,,,lb,,,active
druids-vhs-rental-action,Druids,,VHS,,,"Action, Rental",true,Genre,Action,,,,,,,,,0.0,shopify,1,deny,manual,0.00,,true,true,,,,,83499002,,,,false,,,,,,,,,,lb,,,active
the-highwayman-vhs-rental-action,The Highwayman,,VHS,,,"Action, Rental",true,Genre,Action,,,,,,,,,0.0,shopify,1,deny,manual,0.00,,true,true,,,,,83400698,,,,false,,,,,,,,,,lb,,,active
proximity-vhs-rental-action,Proximity,,VHS,,,"Action, Rental",true,Genre,Action,,,,,,,,,0.0,shopify,1,deny,manual,0.00,,true,true,,,,,83367930,,,,false,,,,,,,,,,lb,,,active
son-of-kong-vhs-rental-sci-fi,Son of Kong,,VHS,,,"Rental, Sci-Fi",true,Genre,Sci-Fi,,,,,,,,,0.0,shopify,1,deny,manual,0.00,,true,true,,,,,83335162,,,,false,,,,,,,,,,lb,,,active
lords-of-the-deep-vhs-rental-sci-fi,Lords of the Deep,,VHS,,,"Rental, Sci-Fi",true,Genre,Sci-Fi,,,,,,,,,0.0,shopify,1,deny,manual,0.00,,true,true,,,,,83302394,,,,false,,,,,,,,,,lb,,,active
pitch-black-vhs-rental-sci-fi,Pitch Black,,VHS,,,"Rental, Sci-Fi",true,Genre,Sci-Fi,,,,,,,,,0.0,shopify,1,deny,manual,0.00,,true,true,,,,,83269626,,,,false,,,,,,,,,,lb,,,active
perfect-strangers-vhs-rental-comedy,Perfect Strangers,,VHS,,,"Comedy, Rental",true,Genre,Comedy,,,,,,,,,0.0,shopify,1,deny,manual,0.00,,true,true,,,,,83105786,,,,false,,,,,,,,,,lb,,,active
the-stepdaughter-vhs-rental-thriller,The Stepdaughter,,VHS,,,"Rental, Thriller",true,Genre,Thriller,,,,,,,,,0.0,shopify,1,deny,manual,0.00,,true,true,,,,,83073018,,,,false,,,,,,,,,,lb,,,active
double-obsession-vhs-rental-thriller,Double Obsession,,VHS,,,"Rental, Thriller",true,Genre,Thriller,,,,,,,,,0.0,shopify,1,deny,manual,0.00,,true,true,,,,,83040250,,,,false,,,,,,,,,,lb,,,active
indictment-vhs-rental-drama,Indictment,,VHS,,,"Drama, Rental",true,Genre,Drama,,,,,,,,,0.0,shopify,1,deny,manual,0.00,,true,true,,,,,83007482,,,,false,,,,,,,,,,lb,,,active
almost-an-angel-vhs-rental-comedy,Almost an Angel,,VHS,,,"Comedy, Rental",true,Genre,Comedy,,,,,,,,,0.0,shopify,1,deny,manual,0.00,,true,true,,,,,82941946,,,,false,,,,,,,,,,lb,,,active
around-the-bend-vhs-rental-drama,Around the Bend,,VHS,,,"Drama, Rental",true,Genre,Drama,,,,,,,,,0.0,shopify,1,deny,manual,0.00,,true,true,,,,,82909178,,,,false,,,,,,,,,,lb,,,active
daniel-vhs-rental-drama,Daniel,,VHS,,,"Drama, Rental",true,Genre,Drama,,,,,,,,,0.0,shopify,1,deny,manual,0.00,,true,true,,,,,82876410,,,,false,,,,,,,,,,lb,,,active
forced-march-vhs-rental-drama,Forced March,,VHS,,,"Drama, Rental",true,Genre,Drama,,,,,,,,,0.0,shopify,1,deny,manual,0.00,,true,true,,,,,82843642,,,,false,,,,,,,,,,lb,,,active
cowboy-up-vhs-rental-thriller,Cowboy up,,VHS,,,"Rental, Thriller",true,Genre,Thriller,,,,,,,,,0.0,shopify,1,deny,manual,0.00,,true,true,,,,,82810874,,,,false,,,,,,,,,,lb,,,active
deceived-vhs-rental-action,Deceived,,VHS,,,"Action, Rental",true,Genre,Action,,,,,,,,,0.0,shopify,1,deny,manual,0.00,,true,true,,,,,82778106,,,,false,,,,,,,,,,lb,,,active
code-name-jaguar-vhs-rental-drama,Code Name Jaguar,,VHS,,,"Drama, Rental",true,Genre,Drama,,,,,,,,,0.0,shopify,1,deny,manual,0.00,,true,true,,,,,82745338,,,,false,,,,,,,,,,lb,,,active
split-decisions-vhs-rental-drama,Split Decisions,,VHS,,,"Drama, Rental",true,Genre,Drama,,,,,,,,,0.0,shopify,1,deny,manual,0.00,,true,true,,,,,82712570,,,,false,,,,,,,,,,lb,,,active
promised-a-miracle-vhs-rental-drama,Promised a Miracle,,VHS,,,"Drama, Rental",true,Genre,Drama,,,,,,,,,0.0,shopify,1,deny,manual,0.00,,true,true,,,,,82679802,,,,false,,,,,,,,,,lb,,,active
the-score-vhs-rental-thriller,The Score,,VHS,,,"Rental, Thriller",true,Genre,Thriller,,,,,,,,,0.0,shopify,1,deny,manual,0.00,,true,true,,,,,82647034,,,,false,,,,,,,,,,lb,,,active
baby-boom-vhs-rental-comedy,Baby Boom,,VHS,,,"Comedy, Rental",true,Genre,Comedy,,,,,,,,,0.0,shopify,1,deny,manual,0.00,,true,true,,,,,82614266,,,,false,,,,,,,,,,lb,,,active
criminal-law-vhs-rental-thriller,Criminal Law,,VHS,,,"Rental, Thriller",true,Genre,Thriller,,,,,,,,,0.0,shopify,1,deny,manual,0.00,,true,true,,,,,82548730,,,,false,,,,,,,,,,lb,,,active
mr-love-vhs-rental-drama,Mr. Love,,VHS,,,"Drama, Rental",true,Genre,Drama,,,,,,,,,0.0,shopify,1,deny,manual,0.00,,true,true,,,,,69507066,,,,false,,,,,,,,,,lb,,,active
beautiful-vhs-rental-comedy,Beautiful,,VHS,,,"Comedy, Rental",true,Genre,Comedy,,,,,,,,,0.0,shopify,1,deny,manual,0.00,,true,true,,,,,69474298,,,,false,,,,,,,,,,lb,,,active
mom-can-i-keep-him-vhs-rental-kids-family,"Mom, Can I Keep Him?",,VHS,,,"Kids & Family, Rental",true,Genre,Kids & Family,,,,,,,,,0.0,shopify,1,deny,manual,0.00,,true,true,,,,,69408762,,,,false,,,,,,,,,,lb,,,active
rebound-vhs-rental-comedy,Rebound,,VHS,,,"Comedy, Rental",true,Genre,Comedy,,,,,,,,,0.0,shopify,1,deny,manual,0.00,,true,true,,,,,69375994,,,,false,,,,,,,,,,lb,,,active
daryl-vhs-rental-kids-family,D.A.R.Y.L.,,VHS,,,"Kids & Family, Rental",true,Genre,Kids & Family,,,,,,,,,0.0,shopify,1,deny,manual,0.00,,true,true,,,,,69343226,,,,false,,,,,,,,,,lb,,,active
sugar-spice-vhs-floor-sale-comedy,Sugar & Spice,,VHS,,,"Comedy, Floor Sale",true,Genre,Comedy,,,,,,,,,0.0,shopify,1,deny,manual,0.00,,true,true,,,,,69310458,,,,false,,,,,,,,,,lb,,,active
count-of-monte-cristo-vhs-rental-drama,Count of Monte Cristo,,VHS,,,"Drama, Rental",true,Genre,Drama,,,,,,,,,0.0,shopify,1,deny,manual,0.00,,true,true,,,,,69277690,,,,false,,,,,,,,,,lb,,,active
city-of-industry-vhs-rental-thriller,City of Industry,,VHS,,,"Rental, Thriller",true,Genre,Thriller,,,,,,,,,0.0,shopify,1,deny,manual,0.00,,true,true,,,,,69244922,,,,false,,,,,,,,,,lb,,,active
babe-pig-in-the-city-vhs-rental-kids-family,Babe Pig in the City,,VHS,,,"Kids & Family, Rental",true,Genre,Kids & Family,,,,,,,,,0.0,shopify,1,deny,manual,0.00,,true,true,,,,,69212154,,,,false,,,,,,,,,,lb,,,active
absent-minded-professor-vhs-rental-kids-family,Absent Minded Professor,,VHS,,,"Kids & Family, Rental",true,Genre,Kids & Family,,,,,,,,,0.0,shopify,1,deny,manual,0.00,,true,true,,,,,69179386,,,,false,,,,,,,,,,lb,,,active
city-boy-vhs-rental-drama,City Boy,,VHS,,,"Drama, Rental",true,Genre,Drama,,,,,,,,,0.0,shopify,1,deny,manual,0.00,,true,true,,,,,69146618,,,,false,,,,,,,,,,lb,,,active
the-rage-carrie-2-vhs-rental-horror,The Rage: Carrie 2,,VHS,,,"Horror, Rental",true,Genre,Horror,,,,,,,,,0.0,shopify,1,deny,manual,0.00,,true,true,,,,,69113850,,,,false,,,,,,,,,,lb,,,active
all-about-my-mother-vhs-rental-foreign,All About My Mother,,VHS,,,"Foreign, Rental",true,Genre,Foreign,,,,,,,,,0.0,shopify,1,deny,manual,0.00,,true,true,,,,,69081082,,,,false,,,,,,,,,,lb,,,active
wing-commander-vhs-rental-sci-fi,Wing Commander,,VHS,,,"Rental, Sci-Fi",true,Genre,Sci-Fi,,,,,,,,,0.0,shopify,1,deny,manual,0.00,,true,true,,,,,55510266,,,,false,,,,,,,,,,lb,,,active
gangster-world-vhs-rental-sci-fi,Gangster World,,VHS,,,"Rental, Sci-Fi",true,Genre,Sci-Fi,,,,,,,,,0.0,shopify,1,deny,manual,0.00,,true,true,,,,,55477498,,,,false,,,,,,,,,,lb,,,active
space-rangers-chronicles-2-vhs-rental-sci-fi,Space Rangers Chronicles 2,,VHS,,,"Rental, Sci-Fi",true,Genre,Sci-Fi,,,,,,,,,0.0,shopify,1,deny,manual,0.00,,true,true,,,,,55444730,,,,false,,,,,,,,,,lb,,,active
twilight-man-vhs-rental-thriller,Twilight Man,,VHS,,,"Rental, Thriller",true,Genre,Thriller,,,,,,,,,0.0,shopify,1,deny,manual,0.00,,true,true,,,,,55346426,,,,false,,,,,,,,,,lb,,,active
independence-day-vhs-rental-sci-fi,Independence Day,,VHS,,,"Rental, Sci-Fi",true,Genre,Sci-Fi,,,,,,,,,0.0,shopify,1,deny,manual,0.00,,true,true,,,,,55313658,,,,false,,,,,,,,,,lb,,,active
looker-vhs-rental-sci-fi,Looker,,VHS,,,"Rental, Sci-Fi",true,Genre,Sci-Fi,,,,,,,,,0.0,shopify,1,deny,manual,0.00,,true,true,,,,,55280890,,,,false,,,,,,,,,,lb,,,active
pontiac-moon,Pontiac Moon,,VHS,Uncategorized,,"Drama, Floor Sale",true,Genre,Drama,,,,,,,,,0.0,shopify,1,deny,manual,0.00,,true,true,,,,,74868218,,,,false,,,,,,,,,,lb,,,active
zig-zag-vhs-rental-drama,Zig Zag,,VHS,,,"Drama, Rental",true,Genre,Drama,,,,,,,,,0.0,shopify,1,deny,manual,0.00,,true,true,,,,,66234362,,,,false,,,,,,,,,,lb,,,active
with-honors-vhs-rental-drama,With Honors,,VHS,,,"Drama, Rental",true,Genre,Drama,,,,,,,,,0.0,shopify,1,deny,manual,0.00,,true,true,,,,,65382394,,,,false,,,,,,,,,,lb,,,active
postcards-from-the-edge-vhs-rental-drama,Postcards from the Edge,,VHS,,,"Drama, Rental",true,Genre,Drama,,,,,,,,,0.0,shopify,1,deny,manual,0.00,,true,true,,,,,65185786,,,,false,,,,,,,,,,lb,,,active
lady-sings-the-blues-vhs-rental-drama,Lady Sings the Blues,,VHS,,,"Drama, Rental",true,Genre,Drama,,,,,,,,,0.0,shopify,1,deny,manual,0.00,,true,true,,,,,63940602,,,,false,,,,,,,,,,lb,,,active
the-wilde-girls-vhs-rental-drama,The Wilde Girls,,VHS,,,"Drama, Rental",true,Genre,Drama,,,,,,,,,0.0,shopify,1,deny,manual,0.00,,true,true,,,,,61810682,,,,false,,,,,,,,,,lb,,,active
its-a-pleasure-vhs-rental-drama,It's a Pleasure,,VHS,,,"Drama, Rental",true,Genre,Drama,,,,,,,,,0.0,shopify,1,deny,manual,0.00,,true,true,,,,,17820154,,,,false,,,,,,,,,,lb,,,active
compromising-position-vhs-rental-drama,Compromising Position,,VHS,,,"Drama, Rental",true,Genre,Drama,,,,,,,,,0.0,shopify,1,deny,manual,0.00,,true,true,,,,,17787386,,,,false,,,,,,,,,,lb,,,active
the-last-winter-vhs-rental-drama,The Last Winter,,VHS,,,"Drama, Rental",true,Genre,Drama,,,,,,,,,0.0,shopify,1,deny,manual,0.00,,true,true,,,,,17754618,,,,false,,,,,,,,,,lb,,,active
sanctuary-of-fear-vhs-rental-thriller,Sanctuary of Fear,,VHS,,,"Rental, Thriller",true,Genre,Thriller,,,,,,,,,0.0,shopify,1,deny,manual,0.00,,true,true,,,,,17689082,,,,false,,,,,,,,,,lb,,,active
flesh-and-bone-vhs-rental-drama,Flesh and Bone,,VHS,,,"Drama, Rental",true,Genre,Drama,,,,,,,,,0.0,shopify,1,deny,manual,0.00,,true,true,,,,,17656314,,,,false,,,,,,,,,,lb,,,active
the-maker-vhs-rental-drama,The Maker,,VHS,,,"Drama, Rental",true,Genre,Drama,,,,,,,,,0.0,shopify,1,deny,manual,0.00,,true,true,,,,,17623546,,,,false,,,,,,,,,,lb,,,active
practical-magic-vhs-rental-romantic-comedy,Practical Magic,,VHS,,,"Rental, Romantic Comedy",true,Genre,Romantic Comedy,,,,,,,,,0.0,shopify,1,deny,manual,0.00,,true,true,,,,,17590778,,,,false,,,,,,,,,,lb,,,active
hope-vhs-rental-drama,Hope,,VHS,,,"Drama, Rental",true,Genre,Drama,,,,,,,,,0.0,shopify,1,deny,manual,0.00,,true,true,,,,,17525242,,,,false,,,,,,,,,,lb,,,active
the-graduate-vhs-rental-drama,The Graduate,,VHS,,,"Drama, Rental",true,Genre,Drama,,,,,,,,,0.0,shopify,1,deny,manual,0.00,,true,true,,,,,17492474,,,,false,,,,,,,,,,lb,,,active
roosters-vhs-rental-drama,Roosters,,VHS,,,"Drama, Rental",true,Genre,Drama,,,,,,,,,0.0,shopify,1,deny,manual,0.00,,true,true,,,,,17459706,,,,false,,,,,,,,,,lb,,,active
mr-vincent-vhs-rental-drama,Mr. Vincent,,VHS,,,"Drama, Rental",true,Genre,Drama,,,,,,,,,0.0,shopify,1,deny,manual,0.00,,true,true,,,,,17426938,,,,false,,,,,,,,,,lb,,,active
the-girl-in-the-picture-vhs-rental-drama,The Girl in the Picture,,VHS,,,"Drama, Rental",true,Genre,Drama,,,,,,,,,0.0,shopify,1,deny,manual,0.00,,true,true,,,,,17394170,,,,false,,,,,,,,,,lb,,,active