Reason,Handle,Title,Body (HTML),Vendor,Product Category,Type,Tags,Published,Option1 Name,Option1 Value,Option1 Linked To,Option2 Name,Option2 Value,Option2 Linked To,Option3 Name,Option3 Value,Option3 Linked To,Variant SKU,Variant Grams,Variant Inventory Tracker,Variant Inventory Qty,Variant Inventory Policy,Variant Fulfillment Service,Variant Price,Variant Compare At Price,Variant Requires Shipping,Variant Taxable,Unit Price Total Measure,Unit Price Total Measure Unit,Unit Price Base Measure,Unit Price Base Measure Unit,Variant Barcode,Image Src,Image Position,Image Alt Text,Gift Card,SEO Title,SEO Description,Waitlist Emails (product.metafields.custom.waitlist_emails),Art style (product.metafields.shopify.art-style),Carry options (product.metafields.shopify.carry-options),Color (product.metafields.shopify.color-pattern),Genre (product.metafields.shopify.genre),Media format (product.metafields.shopify.media-format),Neckline (product.metafields.shopify.neckline),Orientation (product.metafields.shopify.orientation),Sleeve length type (product.metafields.shopify.sleeve-length-type),Theme (product.metafields.shopify.theme),Tote handle type (product.metafields.shopify.tote-handle-type),Complementary products (product.metafields.shopify--discovery--product_recommendation.complementary_products),Related products (product.metafields.shopify--discovery--product_recommendation.related_products),Related products settings (product.metafields.shopify--discovery--product_recommendation.related_products_display),Search product boosts (product.metafields.shopify--discovery--product_search_boost.queries),Variant Image,Variant Weight Unit,Variant Tax Code,Cost per item,Status
no media format (Vendor 'Unknown' is not VHS/DVD/Blu-Ray/4K),22-jump-street,22 Jump Street,"<p>Relive the action and humor of this high-energy buddy cop sequel in high definition. This physical media release features the complete film along with exclusive bonus content, including deleted scenes and a hilarious gag reel. It is a must-have addition for fans of modern comedy and crime-fighting duos looking to complete their home cinema collection.</p>",Unknown,Media > Videos,,"Comedy, Formatted, Issue, Needs-Format, Rental",true,Genre,Comedy,,,,,,,,,0.0,shopify,1,deny,manual,0.00,,true,true,,,,,191-UNK22J-50-001A,https://cdn.shopify.com/s/files/1/0671/0552/1726/files/0-1781378141047.jpg?v=1788103106,1,191-UNK22J-50-001A,false,,,,,,,comedy,,,,,,,,,,,,lb,,,active
no Rental or Floor Sale tag — cannot tell which this is,30-days-of-night,30 Days of Night,"<p>This gripping graphic novel captures a terrifying month-long siege where eternal darkness provides the perfect cover for a pack of ruthless vampires. The stark, visceral illustration style heightens the tension as a small Alaskan town fights for survival against an ancient predatory threat. It is a cinematic horror masterpiece that remains a definitive modern classic for fans of supernatural suspense and survival stories.</p>",DVD,Media > Videos,,"DVD, Formatted, Horror, Issue, Rental-or-Sale",true,Genre,Horror,,,,,,,,,0.0,shopify,1,deny,manual,0.00,,true,true,,,,,191-DVD30D-001A,https://cdn.shopify.com/s/files/1/0671/0552/1726/files/0-1782253183049.jpg?v=1788103121,1,191-DVD30D-001A,false,,,,,,,horror,,,,,,,,,,,,lb,,,active
no Rental or Floor Sale tag — cannot tell which this is,4400-the-complete-first-season,4400: The Complete First Season,"<p>This premiere season collection follows the mysterious return of thousands of missing people across several decades, all reappearing at once without having aged a day. The two-disc set captures the suspense and supernatural intrigue of the initial episodes as investigators work to uncover the truth behind their sudden reappearance. Experience the high-stakes drama and character-driven storytelling that launched this acclaimed science fiction mystery series.</p>",DVD,Media > Videos,,"DVD, Formatted, Issue, Rental-or-Sale, Thriller",true,Genre,Thriller,,,,,,,,,0.0,shopify,1,deny,manual,0.00,,true,true,,,,,191-DVD440-001A,https://cdn.shopify.com/s/files/1/0671/0552/1726/files/0-1782250733322_2d818f56-9db5-480c-8f19-e9e1498b52b5.jpg?v=1788103152,1,191-DVD440-001A,false,,,,,,,thriller,,,,,,,,,,,,lb,,,active
no Rental or Floor Sale tag — cannot tell which this is,8-mile,8 Mile,<p>This grit-filled drama offers a compelling look at the underground battle rap scene and the pursuit of a dream against all odds. Its powerful performances and authentic storytelling make it a must-have for fans of musical biopics and intense urban narratives. This high-definition physical release provides a crisp viewing experience for one of the most influential films of the early 2000s.</p>,DVD,Media > Videos,,"Drama, DVD, Formatted, Issue, Rental-or-Sale",true,Genre,Drama,,,,,,,,,0.0,shopify,1,deny,manual,0.00,,true,true,,,,,191-DVD8MI-001A,https://cdn.shopify.com/s/files/1/0671/0552/1726/files/0-1782251813164.jpg?v=1788103143,1,191-DVD8MI-001A,false,,,,,,,drama,,,,,,,,,,,,lb,,,active
no Rental or Floor Sale tag — cannot tell which this is,a-knights-tale-bluray-action,A Knights Tale,"<p>William Thatcher, a knight's peasant apprentice, gets a chance at glory when the knight dies suddenly mid-tournament. Posing as a knight himself, William won't stop until he's crowned tournament champion—assuming matters of the heart don't get in the way.</p>",Blu-Ray,Media > Videos,,"Action, Blu-Ray, Formatted, Issue, Rental-or-Sale",true,Genre,Action,,,,,,,,,0.0,shopify,1,deny,manual,0.00,,true,true,,,,,19653114,https://cdn.shopify.com/s/files/1/0671/0552/1726/files/srb1XnrlDZHcdpjBKqUu4qAzxKU.jpg?v=1788103117,1,A Knights Tale (2001) poster,false,,,,,,,action,,,,,,,,,,,,lb,,,active
no media format (Vendor 'Universal Pictures' is not VHS/DVD/Blu-Ray/4K),a-million-ways-to-die-in-the-west,A Million Ways to Die in the West,<p>This comedy western follows a cowardly farmer who seeks help from a mysterious sharpshooter to win back his girlfriend while outrunning a notorious outlaw. The film features an all-star cast and signature irreverent humor that parodies the harsh realities of life on the frontier. This physical disc is a great choice for fans of satirical cinema and those looking to complete their home movie collection.</p>,Universal Pictures,Media > Videos,,"Comedy, Formatted, Issue, Needs-Format, Rental",true,Genre,Comedy,,,,,,,,,0.0,shopify,1,deny,manual,0.00,,true,true,,,,,191-UNIAMI-50-001A,https://cdn.shopify.com/s/files/1/0671/0552/1726/files/0-1781378298176_b36cbdbf-4ecd-4ef4-ba55-0c396a5d3436.jpg?v=1788103104,1,191-UNIAMI-50-001A,false,,,,,,,comedy,,,,,,,,,,,,lb,,,active
no media format (Vendor 'Unknown' is not VHS/DVD/Blu-Ray/4K),angel-baby,Angel Baby,"<p>Angel Baby follows a grieving couple who retreat to a secluded cabin after the loss of their stillborn twins, only for the wife to sense an unsettling presence as dark secrets emerge. Blending psychological horror and thriller elements, it aims for a tense, atmospheric experience.</p>",Unknown,Media > Videos,,"Formatted, Issue, Needs-Format, Rental, Thriller",true,Genre,Thriller,,,,,,,,,0.0,shopify,1,deny,manual,0.00,,true,true,,,,,191-UNKANG-50-001A,https://cdn.shopify.com/s/files/1/0671/0552/1726/files/0-1780436842769_996361cc-5e9d-4aea-9309-d9cbccc5f74e.jpg?v=1788103111,1,191-UNKANG-50-001A,false,,,,,,,thriller,,,,,,,,,,,,lb,,,active
no media format (Vendor 'Little Movie Store' is not VHS/DVD/Blu-Ray/4K),antz,Antz,"<p>A neurotic worker ant in love with a rebellious princess rises to unlikely stardom when he switches places with a soldier. Signing up to march in a parade, he ends up under the command of a bloodthirsty general. But he's actually been enlisted to fight against a termite army.</p>",Little Movie Store,Media > Videos,,"Floor Sale, Formatted, Issue, Kids & Family, Needs-Format",true,Genre,Kids & Family,,,,,,,,,0.0,shopify,1,deny,manual,6.00,,true,true,,,,,13060858,https://cdn.shopify.com/s/files/1/0671/0552/1726/files/lWPjxbUMpAHFkJpZHHNWhQaRsax_cc40d307-5b36-4a40-b659-df133a0aa62a.jpg?v=1788103088,1,Antz (1998) poster,false,,,,,,,kids-family,,,,,,,,,,,,lb,,,active
no media format (Vendor 'Unknown' is not VHS/DVD/Blu-Ray/4K),at-first-sight,At First Sight,"<p>Explore a romantic and suspenseful narrative that delves into the complexities of human connection and unexpected attraction. This compelling read offers a blend of emotional depth and high stakes, making it an ideal choice for fans of contemporary drama and intrigue. Its fast-paced storytelling and relatable characters ensure an immersive experience from the very first chapter.</p>",Unknown,Media > Videos,,"Drama, Formatted, Issue, Needs-Format, Rental",true,Genre,Drama,,,,,,,,,0.0,shopify,1,deny,manual,0.00,,true,true,,,,,191-UNKATF-50-001A,https://cdn.shopify.com/s/files/1/0671/0552/1726/files/0-1780419437775.jpg?v=1788103114,1,191-UNKATF-50-001A,false,,,,,,,drama,,,,,,,,,,,,lb,,,active
no Rental or Floor Sale tag — cannot tell which this is,bambi,Bambi,"<p>Experience the heartwarming classic in stunning high definition with this multi-format collection featuring the original animated masterpiece and a variety of behind-the-scenes bonus content. This anniversary set includes digital and physical copies, allowing for seamless viewing across all your favorite devices while preserving every vibrant detail of the lush hand-drawn forest. It is an essential addition for collectors and families looking to share a timeless story of friendship and nature's beauty.</p>",Blu-Ray,Media > Videos,,"Blu-Ray, Formatted, Issue, Kids & Family, Rental-or-Sale",true,Genre,Kids & Family,,,,,,,,,0.0,shopify,1,deny,manual,0.00,,true,true,,,,,191-BLRBAM-001A,https://cdn.shopify.com/s/files/1/0671/0552/1726/files/0-1782250065772.jpg?v=1788103160,1,191-BLRBAM-001A,false,,,,,,,kids-family,,,,,,,,,,,,lb,,,active
"still_issue: no usable genre (Option1 Value 'Default Title', tags Floor Sale, Formatted, Genre needed, Issue, Special Interest, VHS)",behind-the-scenes-point-break-hot-shots-vhs,Behind the Scenes: Point Break / Hot Shots,,VHS,Media > Videos,,"Floor Sale, Formatted, Genre needed, Issue, Special Interest, VHS",true,Genre,Default Title,,,,,,,,,0.0,shopify,1,deny,manual,10.00,,true,true,,,,,80414970,,,,false,,,,,,,,,,,,,,,,,,,lb,,,active
"no usable genre (Option1 Value 'Default Title', tags Blu-Ray, Formatted, Genre needed, Issue, Rental)",being-john-malkovich,Being John Malkovich,"<p>This special edition release features a high-definition digital restoration supervised by the director alongside a wealth of exclusive bonus content including behind-the-scenes documentaries and filmmaker interviews. It includes a collectible booklet containing an essay on the film's cultural impact, making it an essential addition for fans of surrealist cinema and boutique physical media.</p>",Blu-Ray,Media > Videos,,"Blu-Ray, Formatted, Genre needed, Issue, Rental",true,Genre,Default Title,,,,,,,,,0.0,shopify,1,deny,manual,0.00,,true,true,,,,,191-BLRBEI-001A,https://cdn.shopify.com/s/files/1/0671/0552/1726/files/0-1782249961255_ee5dc5e4-90d6-47ed-9cc4-e2d21c625e7e.jpg?v=1788103200,1,191-BLRBEI-001A,false,,,,,,,,,,,,,,,,,,,lb,,,active
no media format (Vendor 'The Franchise Collection' is not VHS/DVD/Blu-Ray/4K),best-of-abbott-and-costello-volume-4,Best of Abbott and Costello Volume 4,"<p>This classic DVD compilation features a hilarious selection of digitally remastered films from one of Hollywood's most legendary comedy duos. Fans can enjoy hours of timeless slapstick, witty banter, and iconic sketches that have entertained audiences for generations. It is a must-have addition for any cinema enthusiast looking to complete their vintage media library.</p>",The Franchise Collection,Media > Videos,,"Comedy, Formatted, Issue, Needs-Format, Rental",true,Genre,Comedy,,,,,,,,,0.0,shopify,1,deny,manual,0.00,,true,true,,,,,191-THFBES-001A,https://cdn.shopify.com/s/files/1/0671/0552/1726/files/0-1782250421185.jpg?v=1788103083,1,191-THFBES-001A,false,,,,,,,comedy,,,,,,,,,,,,lb,,,active
"no usable genre (Option1 Value 'Default Title', tags Floor Sale, Formatted, Genre needed, Issue, VHS)",big-mommas-house,Big Momma's House,"<p>Experience this classic family comedy in its original analog format, perfect for collectors and fans of nostalgic media. The physical tape comes in a durable protective sleeve featuring vibrant cover art that captures the lighthearted energy of the film. It offers a unique viewing experience that brings back the charm of nineties cinema and physical home video libraries.</p>",VHS,Media > Videos,,"Floor Sale, Formatted, Genre needed, Issue, VHS",false,Genre,Default Title,,,,,,,,,0.0,shopify,1,deny,manual,5.00,,true,true,,,,,191-VHSBGM-001A,https://cdn.shopify.com/s/files/1/0671/0552/1726/files/5YoSFqpTz5qIxsX61CPMGKONQIY.jpg?v=1788103204,1,Big Momma's House (2000) poster,false,,,,,,,,,,,,,,,,,,,lb,,,draft
no Rental or Floor Sale tag — cannot tell which this is,black-sheep,Black Sheep,"<p>This unique collectible features a soft, textured finish and a charming monochromatic design that stands out in any display. Its minimalist aesthetic and high-quality craftsmanship make it a sophisticated addition for enthusiasts of stylized animal figures. Ideal for adding a touch of personality to a shelf or desk, this piece blends whimsical character with a sleek, modern look.</p>",DVD,Media > Videos,,"Comedy, DVD, Formatted, Issue, Rental-or-Sale",true,Genre,Comedy,,,,,,,,,0.0,shopify,1,deny,manual,0.00,,true,true,,,,,191-DVDBLA-001A,https://cdn.shopify.com/s/files/1/0671/0552/1726/files/0-1782251321990_71f22f3c-9982-440f-bac4-e6e5b4b47079.jpg?v=1788103148,1,191-DVDBLA-001A,false,,,,,,,comedy,,,,,,,,,,,,lb,,,active
no media format (Vendor 'Little Movie Store' is not VHS/DVD/Blu-Ray/4K),blind-side,Blind Side,,Little Movie Store,Media > Videos,,"Floor Sale, Formatted, Issue, Needs-Format, Thriller",true,Genre,Thriller,,,,,,,,,0.0,shopify,1,deny,manual,7.00,,true,true,,,,,15616762,,,,false,,,,,,,thriller,,,,,,,,,,,,lb,,,active
no media format (Vendor 'Little Movie Store' is not VHS/DVD/Blu-Ray/4K),blind-trust-pouvoir-intime,"Blind Trust, Pouvoir Intime",,Little Movie Store,Media > Videos,,"Floor Sale, Foreign, Formatted, Issue, Needs-Format",true,Genre,Foreign,,,,,,,,,0.0,shopify,1,deny,manual,10.00,,true,true,,,,,35998458,,,,false,,,,,,,foreign,,,,,,,,,,,,lb,,,active
no Rental or Floor Sale tag — cannot tell which this is,casino,Casino,"<p>This sleek electronic handheld device offers an authentic gaming experience with multiple classic vegas-style play modes and a high-contrast digital display. Its pocket-sized design features responsive physical buttons and automated scoring, making it the perfect portable companion for casual entertainment on the go. Experience the thrill of the jackpot anytime with this durable and easy-to-use gaming console.</p>",DVD,Media > Videos,,"Drama, DVD, Formatted, Issue, Rental-or-Sale",true,Genre,Drama,,,,,,,,,0.0,shopify,1,deny,manual,0.00,,true,true,,,,,191-DVDCAS-001A,https://cdn.shopify.com/s/files/1/0671/0552/1726/files/0-1782251668630.jpg?v=1788103139,1,191-DVDCAS-001A,false,,,,,,,drama,,,,,,,,,,,,lb,,,active
no Rental or Floor Sale tag — cannot tell which this is,cast-away,Cast Away,<p>This uniquely crafted volleyball features a weathered aesthetic and the iconic handprint design inspired by the legendary survival film. It serves as both a functional sports ball and a must-have piece of cinematic memorabilia for collectors and fans alike. Its durable construction ensures it remains a standout conversation piece whether it is used on the court or displayed on a shelf.</p>,DVD,Media > Videos,,"Drama, DVD, Formatted, Issue, Rental-or-Sale",true,Genre,Drama,,,,,,,,,0.0,shopify,1,deny,manual,0.00,,true,true,,,,,191-DVDCST-001A,https://cdn.shopify.com/s/files/1/0671/0552/1726/files/0-1782252050885.jpg?v=1788103136,1,191-DVDCST-001A,false,,,,,,,drama,,,,,,,,,,,,lb,,,active
no media format (Vendor 'Unknown' is not VHS/DVD/Blu-Ray/4K),castle-freak,Castle Freak,"<p>This cult classic horror film is presented on high-definition physical media, featuring a stunning restoration that brings every unsettling detail of the gothic atmosphere to life. The release includes a variety of special features and behind-the-scenes insights that make it a perfect addition for collectors of surreal genre cinema. Its blend of practical effects and haunting storytelling ensures a memorable viewing experience for any fan of vintage macabre tales.</p>",Unknown,Media > Videos,,"Formatted, Horror, Issue, Needs-Format, Rental",true,Genre,Horror,,,,,,,,,0.0,shopify,1,deny,manual,0.00,,true,true,,,,,191-UNKCAS-70-001A,https://cdn.shopify.com/s/files/1/0671/0552/1726/files/0-1781396030620_31f5550d-0444-4d95-ae10-717b0ff13184.jpg?v=1788103103,1,191-UNKCAS-70-001A,false,,,,,,,horror,,,,,,,,,,,,lb,,,active
"no usable genre (Option1 Value 'Default Title', tags Chicago, Floor Sale, Formatted, Genre needed, Issue, VHS)",chicago-vhs-floor-sale-chicago,Chicago,,VHS,Media > Videos,,"Chicago, Floor Sale, Formatted, Genre needed, Issue, VHS",true,Genre,Default Title,,,,,,,,,0.0,shopify,1,deny,manual,6.00,,true,true,,,,,27577594,,,,false,,,,,,,,,,,,,,,,,,,lb,,,active
still_issue: no Rental or Floor Sale tag — cannot tell which this is,chrome-soldiers-the-secret-passion-of-robert-clayton,Chrome Soldiers The Secret Passion of Robert Clayton,"<p>This vintage collection offers a nostalgic look at classic military figurines through high-quality photography and detailed historical context. The glossy pages showcase a dedicated collector's journey, making it an essential reference for toy soldier enthusiasts and hobbyists alike. It serves as both an aesthetic coffee table centerpiece and a comprehensive guide to mid-century craftsmanship.</p>",VHS,Media > Videos,,"Action, Formatted, Issue, Rental-or-Sale, VHS",false,Genre,Action,,,,,,,,,0.0,shopify,1,deny,manual,10.00,,true,true,,,,,191-VHSCHR-50-001A,,,,false,,,,,,,action,,,,,,,,,,,,lb,,,draft
no Rental or Floor Sale tag — cannot tell which this is,chronicle,Chronicle,<p>This handheld gaming collection brings together two classic arcade role-playing adventures in one convenient package. These titles offer deep character progression and strategic combat for fans of retro fantasy aesthetics and immersive storytelling. Experience legendary quests and challenging dungeons with smooth performance optimized for modern portable play.</p>,DVD,Media > Videos,,"DVD, Formatted, Issue, Rental-or-Sale, Thriller",true,Genre,Thriller,,,,,,,,,0.0,shopify,1,deny,manual,0.00,,true,true,,,,,191-DVDCHR-001A,https://cdn.shopify.com/s/files/1/0671/0552/1726/files/0-1782253399278.jpg?v=1788103123,1,191-DVDCHR-001A,false,,,,,,,thriller,,,,,,,,,,,,lb,,,active
no media format (Vendor 'Unknown' is not VHS/DVD/Blu-Ray/4K),chuck-buck,Chuck & Buck,"Chuck &amp; Buck follows two childhood friends whose adult lives have diverged sharply—Chuck has moved on to a polished career, while Buck remains stuck in adolescence and develops an unsettling fixation on rekindling their past bond. This darkly comic psychological drama blends discomfort, poignancy, and offbeat humor, earning critical praise for its originality, layered performances, and unsettling exploration of boundaries.",Unknown,Media > Videos,,"Comedy, Formatted, Issue, Needs-Format, Rental",true,Genre,Comedy,,,,,,,,,0.0,shopify,1,deny,manual,0.00,,true,true,,,,,191-UNKCHU-50-001A,https://cdn.shopify.com/s/files/1/0671/0552/1726/files/0-1780437450597.jpg?v=1788103110,1,191-UNKCHU-50-001A,false,,,,,,,comedy,,,,,,,,,,,,lb,,,active
no Rental or Floor Sale tag — cannot tell which this is,cobra-verde-dvd,Cobra Verde (DVD),<p>This cinematic masterpiece follows an impoverished rancher who travels to West Africa and becomes a powerful slave trader in a haunting tale of madness and ambition. This physical media edition offers a high-quality viewing experience of the visually stunning collaboration between a legendary director and his volatile lead actor. It is an essential addition for collectors who appreciate intense historical dramas and the peak of international arthouse cinema.</p>,DVD,Media > Videos,,"Drama, DVD, Formatted, Issue, Rental-or-Sale",true,Genre,Drama,,,,,,,,,0.0,shopify,1,deny,manual,0.00,,true,true,,,,,191-DVDCOB-001A,https://cdn.shopify.com/s/files/1/0671/0552/1726/files/0-1782250607257.jpg?v=1788103155,1,191-DVDCOB-001A,false,,,,,,,drama,,,,,,,,,,,,lb,,,active
"no usable genre (Option1 Value 'Default Title', tags Floor Sale, Formatted, Genre needed, Issue, VHS)",cocktail,Cocktail,,VHS,Media > Videos,,"Floor Sale, Formatted, Genre needed, Issue, VHS",true,Genre,Default Title,,,,,,,,,0.0,shopify,1,deny,manual,4.00,,true,true,,,,,191-VHSCOC-50-001A,https://cdn.shopify.com/s/files/1/0671/0552/1726/files/0-1780417252482_96c2f785-5704-448a-98f8-c1f6914e1816.jpg?v=1788103212,1,191-VHSCOC-50-001A,false,,,,,,,,,,,,,,,,,,,lb,,,active
no Rental or Floor Sale tag — cannot tell which this is,cold-pursuit,Cold Pursuit,"<p>This high-definition Blu-ray release offers a gripping cinematic experience centered on a father seeking justice in a frozen mountain landscape. It features stunning visuals of snow-covered terrain along with bonus content that provides a behind-the-scenes look at the making of this intense action thriller. The film blends dark humor with stylized violence, making it an essential addition for fans of gritty revenge stories and cinematic storytelling.</p>",DVD,Media > Videos,,"Action, DVD, Formatted, Issue, Rental-or-Sale",true,Genre,Action,,,,,,,,,0.0,shopify,1,deny,manual,0.00,,true,true,,,,,191-DVDCOL-001A,https://cdn.shopify.com/s/files/1/0671/0552/1726/files/0-1782251280113.jpg?v=1788103146,1,191-DVDCOL-001A,false,,,,,,,action,,,,,,,,,,,,lb,,,active
"no usable genre (Option1 Value 'Default Title', tags Formatted, Genre needed, Issue, Rental, VHS)",come-blow-your-horn,Come Blow Your Horn,"<p>This classic 1963 cinematic comedy comes in its original home video format, offering a nostalgic analog viewing experience for film collectors. The story follows a young bachelor as he learns the ropes of a sophisticated playboy lifestyle from his older brother, featuring witty dialogue and vibrant mid-century aesthetics. It is a must-have for those looking to enjoy a vintage physical copy of an iconic theatrical performance.</p>",VHS,Media > Videos,,"Formatted, Genre needed, Issue, Rental, VHS",true,Genre,Default Title,,,,,,,,,0.0,shopify,1,deny,manual,0.00,,true,true,,,,,191-VHSCMB-001A,https://cdn.shopify.com/s/files/1/0671/0552/1726/files/0-1781906488983.jpg?v=1788103202,1,191-VHSCMB-001A,false,,,,,,,,,,,,,,,,,,,lb,,,active
"no usable genre (Option1 Value 'Default Title', tags Floor Sale, Formatted, Genre needed, Issue, VHS)",company-man,Company Man,"<p>This suspenseful thriller follows a corporate professional who discovers a dark secret within his high-stakes workplace. Presented in its original physical format, this vintage tape offers a nostalgic viewing experience for collectors of nineties cinema and psychological dramas. The clamshell case preserves the striking cover art, making it a standout addition to any retro media library.</p>",VHS,Media > Videos,,"Floor Sale, Formatted, Genre needed, Issue, VHS",true,Genre,Default Title,,,,,,,,,0.0,shopify,1,deny,manual,4.00,,true,true,,,,,191-VHSCOM-F-001A,https://cdn.shopify.com/s/files/1/0671/0552/1726/files/0-1780177117823.jpg?v=1788103216,1,Company Man poster,false,,,,,,,,,,,,,,,,,,,lb,,,active
"no usable genre (Option1 Value 'Default Title', tags Blu-Ray, Formatted, Genre needed, Issue, Rental)",conan-the-barbarian,Conan The Barbarian,,Blu-Ray,Media > Videos,,"Blu-Ray, Formatted, Genre needed, Issue, Rental",true,Genre,Default Title,,,,,,,,,0.0,shopify,1,deny,manual,0.00,,true,true,,,,,191-BLRCON-50-001A,https://cdn.shopify.com/s/files/1/0671/0552/1726/files/0-1781749193748_a4437ccf-f3bf-44ae-8806-63583b8dbf4b.jpg?v=1788103209,1,191-BLRCON-50-001A,false,,,,,,,,,,,,,,,,,,,lb,,,active
"no usable genre (Option1 Value 'Default Title', tags Formatted, Genre needed, Issue, Rental, VHS)",confessions-of-a-police-captain,Confessions of a Police Captain,"<p>This vintage videocassette comes in its original clamshell case, making it a nostalgic find for collectors of classic crime cinema. The physical media features striking retro cover art that captures the gritty aesthetic of international police thrillers. It is an ideal addition for anyone looking to preserve a piece of cinematic history through a tangible analog format.</p>",VHS,Media > Videos,,"Formatted, Genre needed, Issue, Rental, VHS",true,Genre,Default Title,,,,,,,,,0.0,shopify,1,deny,manual,0.00,,true,true,,,,,191-VHSCNF-001A,https://cdn.shopify.com/s/files/1/0671/0552/1726/files/0-1782257643945.jpg?v=1788103197,1,191-VHSCNF-001A,false,,,,,,,,,,,,,,,,,,,lb,,,active
still_issue: no media format (Vendor 'Unknown Brand' is not VHS/DVD/Blu-Ray/4K),dead-poets-society-vhs-1989-robin-williams-buy-2-get-1-free,Dead Poet's Society VHS 1989 Robin Williams **Buy 2 Get 1 Free**,"<p>Experience this acclaimed classic drama in its original analog format, perfect for collectors of vintage cinema. This 1989 home video release captures the inspiring story and powerful performances with the nostalgic warmth of magnetic tape. It is an essential addition for fans of heartfelt storytelling and physical media memorabilia.</p>",Unknown Brand,Media > Videos,,"Drama, Floor Sale, Formatted, Issue, Needs-Format",false,Genre,Drama,,,,,,,,,0.0,shopify,1,deny,manual,5.00,,true,true,,,,,191-NKNDEA-50-001A,,,,false,,,,,,,drama,,,,,,,,,,,,lb,,,draft
"no usable genre (Option1 Value 'Default Title', tags Blu-Ray, Formatted, Genre needed, Issue, Rental)",departed,Departed,<p>Experience the intense atmosphere of this critically acclaimed crime thriller through high-definition physical media. This home video release features the complete cinematic masterpiece alongside bonus features that delve into the gritty world of undercover operations and organized crime. It is an essential addition for any collector of award-winning dramas and legendary filmmaking.</p>,Blu-Ray,Media > Videos,,"Blu-Ray, Formatted, Genre needed, Issue, Rental",true,Genre,Default Title,,,,,,,,,0.0,shopify,1,deny,manual,0.00,,true,true,,,,,191-BLRDEP-001A,https://cdn.shopify.com/s/files/1/0671/0552/1726/files/0-1782252657945.jpg?v=1788103199,1,191-BLRDEP-001A,false,,,,,,,,,,,,,,,,,,,lb,,,active
no Rental or Floor Sale tag — cannot tell which this is,despicable-me,Despicable Me,"<p>This playful collectible features the iconic round yellow character in his signature denim overalls and silver goggles. Perfect for fans and collectors, this high-quality figure captures a mischievous expression that adds a touch of whimsical charm to any shelf or desk display. The durable construction and vibrant colors ensure it remains a standout piece in any animation-inspired collection.</p>",Blu-Ray,Media > Videos,,"Blu-Ray, Formatted, Issue, Kids & Family, Rental-or-Sale",true,Genre,Kids & Family,,,,,,,,,0.0,shopify,1,deny,manual,0.00,,true,true,,,,,191-BLRDES-001A,https://cdn.shopify.com/s/files/1/0671/0552/1726/files/0-1782250439155_d2ad7f40-f4b1-40a1-9988-79531668ce53.jpg?v=1788103164,1,191-BLRDES-001A,false,,,,,,,kids-family,,,,,,,,,,,,lb,,,active
no Rental or Floor Sale tag — cannot tell which this is,dragon-wars-d-war,Dragon Wars D-War,"<p>This epic fantasy film features groundbreaking visual effects and massive urban battles between ancient mythical creatures and modern military forces. It offers a high-octane viewing experience for fans of kaiju cinema and legendary lore, showcasing a climactic struggle to fulfill a centuries-old prophecy. The production blends large-scale CGI spectacle with a fast-paced narrative that keeps action enthusiasts engaged from start to finish.</p>",DVD,Media > Videos,,"DVD, Fantasy, Formatted, Issue, Rental-or-Sale",true,Genre,Fantasy,,,,,,,,,0.0,shopify,1,deny,manual,0.00,,true,true,,,,,191-DVDDRA-001A,https://cdn.shopify.com/s/files/1/0671/0552/1726/files/0-1782252823134.jpg?v=1788103127,1,191-DVDDRA-001A,false,,,,,,,fantasy,,,,,,,,,,,,lb,,,active
no Rental or Floor Sale tag — cannot tell which this is,drive-me-crazy,Drive Me Crazy,"<p>This classic physical media release brings a nostalgic nineties teen rom-com experience to your home collection in its original analog format. The vintage slipcase features iconic artwork, making it a perfect addition for enthusiasts of retro cinema and collectors of magnetic tape memorabilia. Enjoy the distinct aesthetic and warm playback quality that only this era of home entertainment can provide.</p>",VHS,Media > Videos,,"Comedy, Formatted, Issue, Rental-or-Sale, VHS",false,Genre,Comedy,,,,,,,,,0.0,shopify,1,deny,manual,5.00,,true,true,,,,,191-VHSDRI-50-002A,https://cdn.shopify.com/s/files/1/0671/0552/1726/files/qq2jbAOw5yWTaSPJIRHxvTf0bND.jpg?v=1788103171,1,Drive Me Crazy (1999) poster,false,,,,,,,comedy,,,,,,,,,,,,lb,,,draft
Floor Sale with no price,earth-girls-are-easy,Earth Girls Are Easy,<p>This rare cult classic musical comedy arrives in a vintage physical format perfect for collectors of retro eighties cinema. The vibrant cover art and nostalgic feel make it an essential addition for fans of quirky sci-fi and campy performances. This pre-owned edition offers a unique opportunity to own a piece of home video history from a celebrated era of pop culture.</p>,VHS,Media > Videos,,"Comedy, Floor Sale, Formatted, Issue, Price needed, VHS",true,Genre,Comedy,,,,,,,,,0.0,shopify,1,deny,manual,0.00,,true,true,,,,,191-UNKRTH-001A,https://cdn.shopify.com/s/files/1/0671/0552/1726/files/0-1781906857648_de675ac9-d499-4505-8f23-48760ca2894e.jpg?v=1788103081,1,191-UNKRTH-001A,false,,,,,,,comedy,,,,,,,,,,,,lb,,,active
"still_issue: no usable genre (Option1 Value 'Default Title', tags Floor Sale, Formatted, Genre needed, Issue, Special Interest, VHS)",easyriders-video-magazine-12-vhs-floor-sale-special-interest,Easyriders Video Magazine #12,,VHS,Media > Videos,,"Floor Sale, Formatted, Genre needed, Issue, Special Interest, VHS",true,Genre,Default Title,,,,,,,,,0.0,shopify,1,deny,manual,21.00,,true,true,,,,,39717370,,,,false,,,,,,,,,,,,,,,,,,,lb,,,active
"still_issue: no usable genre (Option1 Value 'Default Title', tags Floor Sale, Formatted, Genre needed, Issue, Special Interest, VHS)",easyriders-video-magazine-15-vhs-floor-sale-special-interest,Easyriders Video Magazine #15,,VHS,Media > Videos,,"Floor Sale, Formatted, Genre needed, Issue, Special Interest, VHS",true,Genre,Default Title,,,,,,,,,0.0,shopify,1,deny,manual,21.00,,true,true,,,,,71059450,,,,false,,,,,,,,,,,,,,,,,,,lb,,,active
no Rental or Floor Sale tag — cannot tell which this is,fear,Fear,"<p>This graphic t-shirt features a bold and haunting design printed on high-quality, comfortable fabric. Its striking visual elements and modern fit make it an ideal choice for enthusiasts of alternative style or statement streetwear. The versatile color palette ensures it pairs effortlessly with denim or layered looks for any casual occasion.</p>",DVD,Media > Videos,,"DVD, Formatted, Issue, Rental-or-Sale, Thriller",true,Genre,Thriller,,,,,,,,,0.0,shopify,1,deny,manual,0.00,,true,true,,,,,191-DVDFER-001A,https://cdn.shopify.com/s/files/1/0671/0552/1726/files/0-1782251757325.jpg?v=1788103142,1,191-DVDFER-001A,false,,,,,,,thriller,,,,,,,,,,,,lb,,,active
no Rental or Floor Sale tag — cannot tell which this is,for-the-boys-dvd-rental-musical,For the Boys,,DVD,Media > Videos,,"Comedy, DVD, Formatted, Issue, Musical, Rental-or-Sale",true,Genre,Musical,,,,,,,,,0.0,shopify,1,deny,manual,0.00,,true,true,,,,,86698490,,,,false,,,,,,,musical; comedy,,,,,,,,,,,,lb,,,active
no Rental or Floor Sale tag — cannot tell which this is,gamer-2-disc-special-edition-w-digital-copy,Gamer (2-Disc Special Edition w Digital Copy),<p>This two disc special edition features the complete high definition presentation and a standalone digital copy for viewing on multiple devices. The set includes a variety of behind the scenes documentaries and bonus footage that offer an immersive look into the film's production and visual effects. It is a perfect addition for collectors seeking the highest quality playback along with versatile portability for their media library.</p>,Blu-Ray,Media > Videos,,"Action, Blu-Ray, Formatted, Issue, Rental-or-Sale",true,Genre,Action,,,,,,,,,0.0,shopify,1,deny,manual,0.00,,true,true,,,,,191-BLRGAM-50-001A,https://cdn.shopify.com/s/files/1/0671/0552/1726/files/0-1781285568538_3ced0d21-d952-4e00-b2d9-670e049ef1a5.jpg?v=1788103177,1,191-BLRGAM-50-001A,false,,,,,,,action,,,,,,,,,,,,lb,,,active
"still_issue: no usable genre (Option1 Value 'Default Title', tags DVD, Formatted, Genre needed, Issue, Rental, Special Interest)",gaumont-treasures-vol-2-dvd-rental-special-interest,Gaumont Treasures | Vol. 2,,DVD,Media > Videos,,"DVD, Formatted, Genre needed, Issue, Rental, Special Interest",true,Genre,Default Title,,,,,,,,,0.0,shopify,1,deny,manual,0.00,,true,true,,,,,20165370,,,,false,,,,,,,,,,,,,,,,,,,lb,,,active
no Rental or Floor Sale tag — cannot tell which this is,gladiator,Gladiator,<p>Experience an epic tale of courage and vengeance with this premium physical media release featuring high-definition picture quality and immersive audio. This signature collection includes comprehensive behind-the-scenes documentaries and director commentary that provide a deep dive into the creation of this cinematic masterpiece. It is a essential addition for film enthusiasts looking to own a definitive version of this award-winning historical drama.</p>,DVD,Media > Videos,,"Drama, DVD, Formatted, Issue, Rental-or-Sale",true,Genre,Drama,,,,,,,,,0.0,shopify,1,deny,manual,0.00,,true,true,,,,,191-DVDGLA-001A,https://cdn.shopify.com/s/files/1/0671/0552/1726/files/0-1782252721677_678ff8fa-d6dc-45da-ae7b-dbe0246c82cf.jpg?v=1788103130,1,191-DVDGLA-001A,false,,,,,,,drama,,,,,,,,,,,,lb,,,active
"no usable genre (Option1 Value 'Default Title', tags DVD, Formatted, Genre needed, Issue, Music, Rental)",good-charlotte-dvd-rental-music,Good Charlotte,,DVD,Media > Videos,,"DVD, Formatted, Genre needed, Issue, Music, Rental",true,Genre,Default Title,,,,,,,,,0.0,shopify,1,deny,manual,0.00,,true,true,,,,,72118010,,,,false,,,,,,,,,,,,,,,,,,,lb,,,active
"no usable genre (Option1 Value 'Default Title', tags DVD, Formatted, Genre needed, Issue, Rental)",goodfellas-1,GoodFellas,"<p>The true story of Henry Hill, a half-Irish, half-Sicilian Brooklyn kid who is adopted by neighbourhood gangsters at an early age and climbs the ranks of a Mafia family under the guidance of Jimmy Conway.</p>",DVD,Media > Videos,,"DVD, Formatted, Genre needed, Issue, Rental",true,Genre,Default Title,,,,,,,,,0.0,shopify,1,deny,manual,0.00,,true,true,,,,,33424378,https://cdn.shopify.com/s/files/1/0671/0552/1726/files/9OkCLM73MIU2CrKZbqiT8Ln1wY2.jpg?v=1788103197,1,GoodFellas (1990) poster,false,,,,,,,,,,,,,,,,,,,lb,,,active
"no usable genre (Option1 Value 'Default Title', tags Floor Sale, Formatted, Genre needed, Issue, VHS)",havana-vhs-floor-sale,Havana,,VHS,Media > Videos,,"Floor Sale, Formatted, Genre needed, Issue, VHS",true,Genre,Default Title,,,,,,,,,0.0,shopify,1,deny,manual,8.00,,true,true,,,,,51226874,,,,false,,,,,,,,,,,,,,,,,,,lb,,,active
no Rental or Floor Sale tag — cannot tell which this is,hercules-extended-cut,Hercules Extended Cut,"<p>Experience the action in stunning high definition with this multi-disc set featuring both the theatrical and extended versions of the epic adventure. This collection includes disc formats for your home theater and a digital code for viewing on the go, along with exclusive behind-the-scenes bonus content. It is the perfect addition for fans of historical fantasy and large-scale cinematic battles.</p>",Blu-Ray,Media > Videos,,"Action, Blu-Ray, Formatted, Issue, Rental-or-Sale",true,Genre,Action,,,,,,,,,0.0,shopify,1,deny,manual,0.00,,true,true,,,,,191-BLRHER-50-001A,https://cdn.shopify.com/s/files/1/0671/0552/1726/files/0-1781285916062.jpg?v=1788103176,1,191-BLRHER-50-001A,false,,,,,,,action,,,,,,,,,,,,lb,,,active
no Rental or Floor Sale tag — cannot tell which this is,hey-arnold-the-movie,Hey Arnold! The Movie,"<p>Release Year: 2002<br>
Director: Tuck Tucker<br>
Classic hand-drawn animation comes to life in this feature-length adventure where a group of neighborhood friends must work together to save their community from a greedy developer. This nostalgic piece of media is perfect for fans of nineties pop culture looking to complete their physical media collection. The story delivers heartwarming lessons on teamwork and urban preservation that remain relevant for viewers of all ages.</p>",VHS,Media > Videos,,"Formatted, Issue, Kids & Family, Rental-or-Sale, VHS",true,Genre,Kids & Family,,,,,,,,,0.0,shopify,1,deny,manual,10.00,,true,true,,,,,191-NICHEY-N-001A,https://cdn.shopify.com/s/files/1/0671/0552/1726/files/0-1779986144365.jpg?v=1788103181,1,Hey Arnold! The Movie poster,false,,,,,,,kids-family,,,,,,,,,,,,lb,,,active
no media format (Vendor 'Unknown' is not VHS/DVD/Blu-Ray/4K),hype,Hype!,,Unknown,Media > Videos,,"Documentary, Floor Sale, Formatted, Issue, Needs-Format",false,Genre,Documentary,,,,,,,,,0.0,shopify,1,deny,manual,11.00,,true,true,,,,,191-UNKHYP-001A,https://cdn.shopify.com/s/files/1/0671/0552/1726/files/0-1781876780226.jpg?v=1788103116,1,191-UNKHYP-001A,false,,,,,,,documentary,,,,,,,,,,,,lb,,,draft
no Rental or Floor Sale tag — cannot tell which this is,it-happened-on-5th-avenue,It Happened on 5th Avenue,"<p>This heartwarming holiday comedy follows a group of unlikely squatters who find shelter in a boarded-up luxury mansion while the owners are away for the winter. The classic black-and-white film offers a charming blend of mid-century wit and a timeless message about the true meaning of generosity and family. Captured in high definition, this home media release is an essential addition for fans of vintage cinema and traditional Christmas storytelling.</p>",DVD,Media > Videos,,"Comedy, DVD, Formatted, Issue, Rental-or-Sale",true,Genre,Comedy,,,,,,,,,0.0,shopify,1,deny,manual,0.00,,true,true,,,,,191-DVDITH-50-001A,https://cdn.shopify.com/s/files/1/0671/0552/1726/files/0-1781403752316.jpg?v=1788103174,1,191-DVDITH-50-001A,false,,,,,,,comedy,,,,,,,,,,,,lb,,,active
no Rental or Floor Sale tag — cannot tell which this is,its-pat-the-movie-1,Its Pat...The Movie,"<p>This cult classic comedy follows the misadventures of an androgynous main character in a vintage physical media format that includes the original full-screen presentation. It is a nostalgic addition to any retro film collection, featuring the distinctive 1990s cover art and the tactile experience of a classic home video release. This collectible tape is perfect for fans of Saturday Night Live history and enthusiasts of mid-90s cinematic nostalgia.</p>",VHS,Media > Videos,,"Comedy, Formatted, Issue, Rental-or-Sale, VHS",false,Genre,Comedy,,,,,,,,,0.0,shopify,1,deny,manual,10.00,,true,true,,,,,191-VHSTSP-50-001A,https://cdn.shopify.com/s/files/1/0671/0552/1726/files/tydslMVgc6DpEvwYT0MWW9byL1a.jpg?v=1788103172,1,Its Pat...The Movie (1994) poster,false,,,,,,,comedy,,,,,,,,,,,,lb,,,draft
"no usable genre (Option1 Value 'Default Title', tags Floor Sale, Formatted, Genre needed, Issue, Ivory Hunters, VHS)",ivory-hunters-vhs-floor-sale-ivory-hunters,Ivory Hunters,<p>An author discovers that his missing research assistant's disappearance may be related to illegal trade in ivory tusks. He's then asked by the local inspector to help him find the poachers.</p>,VHS,Media > Videos,,"Floor Sale, Formatted, Genre needed, Issue, Ivory Hunters, VHS",true,Genre,Default Title,,,,,,,,,0.0,shopify,1,deny,manual,5.00,,true,true,,,,,28437498,https://cdn.shopify.com/s/files/1/0671/0552/1726/files/9qAv8kk0B8rfL5sOYPuQLZHFaiy.jpg?v=1788103190,1,Ivory Hunters (1990) poster,false,,,,,,,,,,,,,,,,,,,lb,,,active
no Rental or Floor Sale tag — cannot tell which this is,jumanji-welcome-to-the-jungle,Jumanji: Welcome to the Jungle,<p>Experience the thrill of a high-stakes jungle adventure with this action-packed addition to your family movie collection. This physical copy allows you to revisit every comedic moment and stunning visual sequence in high definition from the comfort of your home. It includes a variety of special featurettes that take you behind the scenes for an immersive look at the making of this modern blockbuster hit.</p>,Blu-Ray,Media > Videos,,"Blu-Ray, Formatted, Issue, Kids & Family, Rental-or-Sale",true,Genre,Kids & Family,,,,,,,,,0.0,shopify,1,deny,manual,0.00,,true,true,,,,,191-BLRJUM-001A,https://cdn.shopify.com/s/files/1/0671/0552/1726/files/0-1782250529029_490a811c-fd75-4ff3-9c84-8c8d4569c41d.jpg?v=1788103163,1,191-BLRJUM-001A,false,,,,,,,kids-family,,,,,,,,,,,,lb,,,active
no Rental or Floor Sale tag — cannot tell which this is,kill-bill-volume-2,Kill Bill Volume 2,"<p>This high-definition Blu-ray edition brings the thrilling conclusion of the legendary revenge saga to life with stunning visual clarity and immersive audio. Collectors will appreciate the inclusion of exclusive bonus features, including deleted scenes and a behind-the-scenes look at the making of this cinematic masterpiece. It is an essential addition for any film enthusiast looking to complete their library of iconic action cinema.</p>",DVD,Media > Videos,,"DVD, Formatted, Issue, Rental-or-Sale, Thriller",true,Genre,Thriller,,,,,,,,,0.0,shopify,1,deny,manual,0.00,,true,true,,,,,191-DVDKIL-001A,https://cdn.shopify.com/s/files/1/0671/0552/1726/files/0-1782250664774.jpg?v=1788103154,1,191-DVDKIL-001A,false,,,,,,,thriller,,,,,,,,,,,,lb,,,active
no Rental or Floor Sale tag — cannot tell which this is,la-strada,LA STRADA,"<p>This definitive high-definition digital restoration captures a cinematic masterpiece with stunning visual clarity and uncompressed monaural sound. The release includes scholarly audio commentary, a feature-length documentary on the director, and an insightful visual essay that explores the film's profound poetic legacy. It is an essential addition for collectors seeking a deeper understanding of one of Italian cinema's most heart-wrenching and enduring stories.</p>",DVD,Media > Videos,,"Drama, DVD, Formatted, Issue, Rental-or-Sale",true,Genre,Drama,,,,,,,,,0.0,shopify,1,deny,manual,0.00,,true,true,,,,,191-THCFED-001A,https://cdn.shopify.com/s/files/1/0671/0552/1726/files/0-1782250787839_04ae52f6-7995-4e15-88e9-aad9a1f38afd.jpg?v=1788103157,1,191-THCFED-001A,false,,,,,,,drama,,,,,,,,,,,,lb,,,active
no Rental or Floor Sale tag — cannot tell which this is,legend-of-zorro,Legend of Zorro,<p>This widescreen special edition features the high-stakes journey of a legendary masked hero and includes exclusive behind-the-scenes footage and director commentary. It offers a premium cinematic viewing experience with enhanced digital mastering and dual-language audio tracks. This physical disc is a perfect addition for collectors who enjoy epic action sequences and classic adventure storytelling.</p>,DVD,Media > Videos,,"Action, DVD, Formatted, Issue, Rental-or-Sale",true,Genre,Action,,,,,,,,,0.0,shopify,1,deny,manual,0.00,,true,true,,,,,88302842,https://cdn.shopify.com/s/files/1/0671/0552/1726/files/0-1782252996862.jpg?v=1788103126,1,191-DVDLEG-001A,false,,,,,,,action,,,,,,,,,,,,lb,,,active
no Rental or Floor Sale tag — cannot tell which this is,life-aquatic,Life Aquatic,<p>This special edition features a stunning high-definition digital restoration supervised by the director alongside a wealth of exclusive behind-the-scenes documentaries and interviews. Collectors will appreciate the inclusion of an original insert featuring artwork and production notes that deepen the viewing experience of this whimsical maritime adventure. It is an essential addition for any cinephile looking to own the definitive version of this quirky cult classic.</p>,DVD,Media > Videos,,"Drama, DVD, Formatted, Issue, Rental-or-Sale",true,Genre,Drama,,,,,,,,,0.0,shopify,1,deny,manual,0.00,,true,true,,,,,191-DVDLIF-001A,https://cdn.shopify.com/s/files/1/0671/0552/1726/files/0-1782251072291.jpg?v=1788103151,1,191-DVDLIF-001A,false,,,,,,,drama,,,,,,,,,,,,lb,,,active
no media format (Vendor 'Unknown' is not VHS/DVD/Blu-Ray/4K),love-and-monsters,Love and Monsters,<p>This captivating science fiction adventure follows a young man navigating a post-apocalyptic landscape overrun by overgrown creatures to reunite with his high school sweetheart. It masterfully blends heartfelt coming-of-age storytelling with impressive visual effects and thrilling monster encounters for a unique cinematic experience. The film is a must-watch for fans of imaginative world-building and charming survival stories.</p>,Unknown,Media > Videos,,"Action, Formatted, Issue, Needs-Format, Rental",true,Genre,Action,,,,,,,,,0.0,shopify,1,deny,manual,0.00,,true,true,,,,,191-UNKLOV-50-001A,https://cdn.shopify.com/s/files/1/0671/0552/1726/files/0-1781404684172.jpg?v=1788103095,1,191-UNKLOV-50-001A,false,,,,,,,action,,,,,,,,,,,,lb,,,active
"no usable genre (Option1 Value 'Default Title', tags Floor Sale, Formatted, Genre needed, Issue, VHS)",matilda,Matilda,<p>Experience a nostalgic journey with this classic family film preserved in its original home video format. The clamshell case protects a high-quality magnetic tape that brings the magical story of a gifted young girl and her extraordinary powers to life on any vintage player. This collectible piece is perfect for enthusiasts seeking the authentic warmth and analog charm of nineties cinema.</p>,VHS,Media > Videos,,"Floor Sale, Formatted, Genre needed, Issue, VHS",true,Genre,Default Title,,,,,,,,,0.0,shopify,1,deny,manual,3.00,,true,true,,,,,191-VHSMAT-F-001A,https://cdn.shopify.com/s/files/1/0671/0552/1726/files/0-1780179675733_9f161574-e46d-42ef-9780-58310c606803.jpg?v=1788103213,1,Matilda poster,false,,,,,,,,,,,,,,,,,,,lb,,,active
no Rental or Floor Sale tag — cannot tell which this is,matrix-reloaded,Matrix Reloaded,<p>Immerse yourself in a gripping cinematic experience with this iconic action film sequel known for its groundbreaking visual effects and high-stakes philosophy. This disc features intense martial arts choreography and breathtaking stunt sequences that defined a generation of science fiction. It is a must-have addition for collectors looking to complete their high-octane home theater library.</p>,DVD,Media > Videos,,"DVD, Formatted, Issue, Rental-or-Sale, Sci-Fi",true,Genre,Sci-Fi,,,,,,,,,0.0,shopify,1,deny,manual,0.00,,true,true,,,,,191-UNKTHM-001A,https://cdn.shopify.com/s/files/1/0671/0552/1726/files/0-1782253073373.jpg?v=1788103132,1,191-UNKTHM-001A,false,,,,,,,sci-fi,,,,,,,,,,,,lb,,,active
no Rental or Floor Sale tag — cannot tell which this is,mccabe-mrs-miller,McCabe & Mrs. Miller,<p>A gambler and a prostitute become thriving business partners in a remote Old West mining town until a large corporation arrives on the scene.</p>,VHS,Media > Videos,,"Drama, Formatted, Issue, Rental-or-Sale, VHS",true,Genre,Drama,,,,,,,,,0.0,shopify,1,deny,manual,12.00,,true,true,,,,,84365050,https://cdn.shopify.com/s/files/1/0671/0552/1726/files/oR839yRsFAiQHwJ78hdKZYjEBg8.jpg?v=1788103168,1,McCabe & Mrs. Miller (1971) poster,false,,,,,,,drama,,,,,,,,,,,,lb,,,active
no media format (Vendor 'Little Movie Store' is not VHS/DVD/Blu-Ray/4K),meteor,Meteor,,Little Movie Store,Media > Videos,,"Floor Sale, Formatted, Issue, Needs-Format, Sci-Fi",true,Genre,Sci-Fi,,,,,,,,,0.0,shopify,1,deny,manual,15.00,,true,true,,,,,02312954,,,,false,,,,,,,sci-fi,,,,,,,,,,,,lb,,,active
"no usable genre (Option1 Value 'Default Title', tags Floor Sale, Formatted, Genre needed, Issue, Special Interest, VHS)",michael-jordans-playground-vhs-floor-sale-special-interest,Michael Jordan's Playground,"<p>This made-for-video production mixes highlights of Michael Jordan from the '80s with a fantasy storyline of a high school teen named Walt, who has been cut from his basketball team. Doubting his abilities, Walt gets some lessons from Michael Jordan himself, on the magical Playground known as Michael Jordan's Playground.</p>",VHS,Media > Videos,,"Floor Sale, Formatted, Genre needed, Issue, Special Interest, VHS",true,Genre,Default Title,,,,,,,,,0.0,shopify,1,deny,manual,8.00,,true,true,,,,,06662394,https://cdn.shopify.com/s/files/1/0671/0552/1726/files/1D8CPm7m5ZETY5IHF527yZCJ4D2.jpg?v=1788103188,1,Michael Jordan's Playground (1990) poster,false,,,,,,,,,,,,,,,,,,,lb,,,active
"no usable genre (Option1 Value 'Default Title', tags Blu-Ray, Formatted, Genre needed, Issue, Rental)",mr-brooks,Mr. Brooks,<p>This high-definition psychological thriller offers a gripping look into the dual life of a successful businessman with a deadly hidden addiction. The crisp picture quality and immersive audio enhance the intense atmosphere and suspenseful performances of the star-studded cast. It is a sophisticated addition to any collection for those who enjoy complex character studies and edge-of-your-seat drama.</p>,Blu-Ray,Media > Videos,,"Blu-Ray, Formatted, Genre needed, Issue, Rental",true,Genre,Default Title,,,,,,,,,0.0,shopify,1,deny,manual,0.00,,true,true,,,,,191-BLRMRB-50-001A,https://cdn.shopify.com/s/files/1/0671/0552/1726/files/0-1781750734534.jpg?v=1788103208,1,191-BLRMRB-50-001A,false,,,,,,,,,,,,,,,,,,,lb,,,active
no Rental or Floor Sale tag — cannot tell which this is,murderers-row,Murderers' Row,<p>This vintage home video release offers a classic cinematic experience for collectors and fans of retro media. The physical tape format provides a nostalgic viewing aesthetic characterized by the unique visual texture and charm of analog technology. It is an essential addition for those seeking to complete a library of mid-century adventure and action films.</p>,VHS,Media > Videos,,"Comedy, Formatted, Issue, Rental-or-Sale, VHS",true,Genre,Comedy,,,,,,,,,0.0,shopify,1,deny,manual,4.00,,true,true,,,,,191-VHSMUR-F-001A,https://cdn.shopify.com/s/files/1/0671/0552/1726/files/0-1780178305417_cb46bc50-daed-405a-832f-cf5cf03f892f.jpg?v=1788103178,1,Murderers' Row poster,false,,,,,,,comedy,,,,,,,,,,,,lb,,,active
no Rental or Floor Sale tag — cannot tell which this is,napoleon-dynamite,Napoleon Dynamite,<p>Capture the iconic aesthetic of early 2000s indie cinema with this classic graphic tee featuring a high-contrast character portrait. The breathable cotton construction and relaxed fit provide everyday comfort for fans of quirky cult comedies. It serves as an instantly recognizable statement piece that brings a nostalgic touch to any casual wardrobe.</p>,DVD,Media > Videos,,"Comedy, DVD, Formatted, Issue, Rental-or-Sale",true,Genre,Comedy,,,,,,,,,0.0,shopify,1,deny,manual,0.00,,true,true,,,,,191-DVDNAP-001A,https://cdn.shopify.com/s/files/1/0671/0552/1726/files/0-1782250040873_9b9a7456-1516-46cc-8320-ea35ffc20266.jpg?v=1788103161,1,191-DVDNAP-001A,false,,,,,,,comedy,,,,,,,,,,,,lb,,,active
no Rental or Floor Sale tag — cannot tell which this is,national-treasure,National Treasure,<p>This high-stakes adventure follows a historian and treasure hunter on an action-packed quest to uncover hidden secrets embedded within America's past. The film features a blend of historical mystery and thrilling suspense that keeps viewers engaged from start to finish. It is a perfect addition to any family movie collection for those who enjoy clever puzzles and archaeological intrigue.</p>,DVD,Media > Videos,,"DVD, Formatted, Issue, Kids & Family, Rental-or-Sale",true,Genre,Kids & Family,,,,,,,,,0.0,shopify,1,deny,manual,0.00,,true,true,,,,,191-DVDNTN-001A,https://cdn.shopify.com/s/files/1/0671/0552/1726/files/0-1782252170660.jpg?v=1788103133,1,191-DVDNTN-001A,false,,,,,,,kids-family,,,,,,,,,,,,lb,,,active
no Rental or Floor Sale tag — cannot tell which this is,national-treasure-2-book-of-secrets,National Treasure 2: Book of Secrets,<p>Uncover a gripping adventure filled with historical puzzles and high-stakes action in this thrilling cinematic sequel. This physical disc features stunning visual quality and behind-the-scenes bonus content that makes it a must-have for any movie collection. It is the perfect choice for fans of mystery and hidden legacies looking for an engaging family movie night.</p>,DVD,Media > Videos,,"DVD, Formatted, Issue, Kids & Family, Rental-or-Sale",true,Genre,Kids & Family,,,,,,,,,0.0,shopify,1,deny,manual,0.00,,true,true,,,,,191-DVDNAT-001A,https://cdn.shopify.com/s/files/1/0671/0552/1726/files/0-1782252096636.jpg?v=1788103135,1,191-DVDNAT-001A,false,,,,,,,kids-family,,,,,,,,,,,,lb,,,active
no Rental or Floor Sale tag — cannot tell which this is,omen,Omen,"<p>This premium collector's set features a restoration of the influential supernatural horror masterpiece along with an extensive array of insightful bonus material and retrospective interviews. Housed in custom themed packaging, it offers the definitive viewing experience for cinema enthusiasts looking to delve deeper into the lore and production of this chilling classic.</p>",DVD,Media > Videos,,"DVD, Formatted, Horror, Issue, Rental-or-Sale",true,Genre,Horror,,,,,,,,,0.0,shopify,1,deny,manual,0.00,,true,true,,,,,191-DVDOME-001A,https://cdn.shopify.com/s/files/1/0671/0552/1726/files/0-1782253227916.jpg?v=1788103120,1,191-DVDOME-001A,false,,,,,,,horror,,,,,,,,,,,,lb,,,active
no media format (Vendor 'Unknown' is not VHS/DVD/Blu-Ray/4K),on-the-road,On the Road,<p>This fresh and spicy fragrance captures the essence of a spirited adventure with its unique blend of citrus and woody notes. It offers a sophisticated yet rugged aroma that is perfect for daily wear or special travels. The long-lasting scent profile ensures a memorable impression that feels both modern and timeless.</p>,Unknown,Media > Videos,,"Drama, Formatted, Issue, Needs-Format, Rental",true,Genre,Drama,,,,,,,,,0.0,shopify,1,deny,manual,0.00,,true,true,,,,,191-UNKONT-50-001A,https://cdn.shopify.com/s/files/1/0671/0552/1726/files/0-1781287380649_a527df83-b0c3-4b3d-85dc-be71413e5dc7.jpg?v=1788103107,1,191-UNKONT-50-001A,false,,,,,,,drama,,,,,,,,,,,,lb,,,active
no Rental or Floor Sale tag — cannot tell which this is,papas-delicate-condition,Papa's Delicate Condition,"<p>A jolly, family-oriented railroad superintendent tries to get his act together when his love for the bottle starts to alienate him from his wife and oldest daughter.  His younger daughter, however, still remains unflinchingly loyal to him, and they share many fun misadventures over the course of the movie.</p>",VHS,Media > Videos,,"Comedy, Formatted, Issue, Rental-or-Sale, VHS",true,Genre,Comedy,,,,,,,,,0.0,shopify,1,deny,manual,4.00,,true,true,,,,,47803898,https://cdn.shopify.com/s/files/1/0671/0552/1726/files/rSnZkNJXmftJi6uxD8TyumHzbcu.jpg?v=1788103167,1,Papa's Delicate Condition (1963) poster,false,,,,,,,comedy,,,,,,,,,,,,lb,,,active
no Rental or Floor Sale tag — cannot tell which this is,paradise-now-bluray-drama,Paradise Now,,Blu-Ray,Media > Videos,,"Blu-Ray, Drama, Formatted, Issue, Rental-or-Sale, Thriller",true,Genre,Thriller,,,,,,,,,0.0,shopify,1,deny,manual,0.00,,true,true,,,,,19620346,,,,false,,,,,,,thriller; drama,,,,,,,,,,,,lb,,,active
"still_issue: no usable genre (Option1 Value 'Default Title', tags Floor Sale, Formatted, Genre needed, Issue, Special Interest, VHS)",philadelphia-sports-follies-vhs,Philadelphia Sports Follies,,VHS,Media > Videos,,"Floor Sale, Formatted, Genre needed, Issue, Special Interest, VHS",true,Genre,Default Title,,,,,,,,,0.0,shopify,1,deny,manual,19.00,,true,true,,,,,87029498,,,,false,,,,,,,,,,,,,,,,,,,lb,,,active
no media format (Vendor 'Unknown' is not VHS/DVD/Blu-Ray/4K),poltergeist-extended-cut-blu-ray,Poltergeist Extended Cut (Blu-ray),<p>This extended edition offers a terrifying cinematic experience with additional footage that deepens the supernatural tension of the supernatural classic. High-definition visuals and immersive audio quality make it an essential centerpiece for any horror fan's home media collection. The physical disc includes exclusive bonus content and behind-the-scenes features that explore the production of this iconic haunting tale.</p>,Unknown,Media > Videos,,"Formatted, Horror, Issue, Needs-Format, Rental",true,Genre,Horror,,,,,,,,,0.0,shopify,1,deny,manual,0.00,,true,true,,,,,191-UNKPOL-50-001A,https://cdn.shopify.com/s/files/1/0671/0552/1726/files/0-1781397326796.jpg?v=1788103101,1,191-UNKPOL-50-001A,false,,,,,,,horror,,,,,,,,,,,,lb,,,active
no Rental or Floor Sale tag — cannot tell which this is,prince-of-persia-the-sands-of-time,Prince of Persia: The Sands of Time,"<p>This action-packed cinematic adventure follows a rogue prince and a mysterious princess as they race to protect an ancient dagger capable of reversing time. Experience an epic journey across desert landscapes filled with high-stakes parkour, stunning visual effects, and mythological battles. This thrilling fantasy tale is a must-have for fans of legendary quests and timeless heroism.</p>",DVD,Media > Videos,,"Action, DVD, Formatted, Issue, Rental-or-Sale",true,Genre,Action,,,,,,,,,0.0,shopify,1,deny,manual,0.00,,true,true,,,,,191-DVDPRI-001A,https://cdn.shopify.com/s/files/1/0671/0552/1726/files/0-1782253049781.jpg?v=1788103124,1,191-DVDPRI-001A,false,,,,,,,action,,,,,,,,,,,,lb,,,active
no media format (Vendor 'Unknown' is not VHS/DVD/Blu-Ray/4K),psycho-goreman,Psycho Goreman,"<p>This highly detailed action figure captures the grotesque yet charming aesthetic of the intergalactic warlord with intricate sculpting and vibrant paint applications. It comes equipped with signature weapon accessories and multiple points of articulation, making it a standout addition for any collector of indie sci-fi horror memorabilia. Whether displayed on a shelf or used for creative photography, this piece perfectly embodies the film's unique blend of retro practical effects and dark comedy.</p>",Unknown,Media > Videos,,"Formatted, Horror, Issue, Needs-Format, Rental",true,Genre,Horror,,,,,,,,,0.0,shopify,1,deny,manual,0.00,,true,true,,,,,191-UNKPSY-50-001A,https://cdn.shopify.com/s/files/1/0671/0552/1726/files/0-1781397611914_b0badec0-6b00-4b8e-8204-7b356bd7e644.jpg?v=1788103100,1,191-UNKPSY-50-001A,false,,,,,,,horror,,,,,,,,,,,,lb,,,active
still_issue: no media format (Vendor 'Unknown Brand' is not VHS/DVD/Blu-Ray/4K),scavengers-vhs-academy-1988-stunts-kenneth-david-gilman-brenda-bakke,Scavengers Vhs Academy 1988 Stunts Kenneth David Gilman Brenda Bakke,"<p>This 1988 cult classic captures the high-energy era of practical stunts and retro action cinema on original home video format. Housed in its authentic slipcase, this release is a must-have for nostalgic film enthusiasts and collectors of vintage physical media. Experience the gritty aesthetic and unique charm of late eighties cinematography through this well-preserved analog copy.</p>",Unknown Brand,Media > Videos,,"Comedy, Floor Sale, Formatted, Issue, Needs-Format",false,Genre,Comedy,,,,,,,,,0.0,shopify,1,deny,manual,6.00,,true,true,,,,,191-NKNSCA-50-001A,,,,false,,,,,,,comedy,,,,,,,,,,,,lb,,,draft
"no usable genre (Option1 Value 'Default Title', tags Floor Sale, Formatted, Genre needed, Issue, VHS)",shacked-up-vhs,Shacked Up,"<p>Miles and Regina move in as roommates, just to move in on each other.</p>",VHS,Media > Videos,,"Floor Sale, Formatted, Genre needed, Issue, VHS",true,Genre,Default Title,,,,,,,,,0.0,shopify,1,deny,manual,17.00,,true,true,,,,,01048314,https://cdn.shopify.com/s/files/1/0671/0552/1726/files/v8IxNXHCLomkXAtezYP9JwJr5CT.jpg?v=1788103196,1,Shacked Up (2002) poster,false,,,,,,,,,,,,,,,,,,,lb,,,active
no media format (Vendor 'Disney' is not VHS/DVD/Blu-Ray/4K),sleeping-beauty-50th-anniversary,Sleeping Beauty 50th Anniversary,"<p>This limited release celebrates a landmark cinematic masterpiece with digitally restored visuals and enhanced surround sound for a modern viewing experience. The comprehensive two-disc set includes hours of immersive bonus features, such as behind-the-scenes documentaries, deleted scenes, and interactive games that appeal to both nostalgic adults and new generations. Its premium packaging and high-definition quality make it a cornerstone addition for any serious film enthusiast or animation collector.</p>",Disney,Media > Videos,,"Floor Sale, Formatted, Issue, Kids & Family, Needs-Format",true,Genre,Kids & Family,,,,,,,,,0.0,shopify,1,deny,manual,8.00,,true,true,,,,,191-DISSLE-50-001A,https://cdn.shopify.com/s/files/1/0671/0552/1726/files/0-1781753609465.jpg?v=1788103094,1,191-DISSLE-50-001A,false,,,,,,,kids-family,,,,,,,,,,,,lb,,,active
no Rental or Floor Sale tag — cannot tell which this is,smiles-of-a-summer-night,Smiles of a Summer Night,"<p>This elegant home video release features a high-definition digital restoration of the classic romantic comedy, accompanied by an archival introduction and a scholarly video essay. Film enthusiasts will appreciate the inclusion of an illustrated booklet containing insightful critical analysis and detailed production notes. It is a sophisticated addition to any collection, offering both visual excellence and comprehensive contextual materials.</p>",DVD,Media > Videos,,"Comedy, DVD, Formatted, Issue, Rental-or-Sale",true,Genre,Comedy,,,,,,,,,0.0,shopify,1,deny,manual,0.00,,true,true,,,,,191-DVDSMI-001A,https://cdn.shopify.com/s/files/1/0671/0552/1726/files/0-1782250289838.jpg?v=1788103166,1,191-DVDSMI-001A,false,,,,,,,comedy,,,,,,,,,,,,lb,,,active
no Rental or Floor Sale tag — cannot tell which this is,spider-man-3,Spider-Man 3,"<p>This poseable action figure features the iconic black costume design and multiple points of articulation for dynamic display options. Detailed sculpting captures the intricate web patterns and athletic build, making it a must-have addition for any classic superhero figure collection. High-quality materials ensure durability whether it is being used for imaginative play or showcased on a shelf.</p>",DVD,Media > Videos,,"Action, DVD, Formatted, Issue, Rental-or-Sale",true,Genre,Action,,,,,,,,,0.0,shopify,1,deny,manual,0.00,,true,true,,,,,191-DVDSPD-001A,https://cdn.shopify.com/s/files/1/0671/0552/1726/files/0-1782251130457_2117c53c-51aa-4517-bc91-866fd9e07f1a.jpg?v=1788103149,1,191-DVDSPD-001A,false,,,,,,,action,,,,,,,,,,,,lb,,,active
no media format (Vendor 'Little Movie Store' is not VHS/DVD/Blu-Ray/4K),star-80,Star 80,"<p>Paul Snider is a narcissistic, small time hustler who fancies himself a ladies man. His life changes when he meets Dorothy Stratten working behind the counter of a Dairy Queen. Under his guidance Dorothy grows to fame as a Playboy Playmate. But when Dorothy begins pursuing an acting career, the jealous Paul finds himself elbowed out of the picture by more famous men.</p>",Little Movie Store,Media > Videos,,"Drama, Floor Sale, Formatted, Issue, Needs-Format",true,Genre,Drama,,,,,,,,,0.0,shopify,1,deny,manual,13.00,,true,true,,,,,07719674,https://cdn.shopify.com/s/files/1/0671/0552/1726/files/b2SkA02fXbZYnV1qjOIQprjXloF.jpg?v=1788103089,1,Star 80 (1983) poster,false,,,,,,,drama,,,,,,,,,,,,lb,,,active
no Rental or Floor Sale tag — cannot tell which this is,star-trek-nemesis,Star Trek: Nemesis,"<p>Experience the final cinematic chapter of the Next Generation crew with this high-definition home media release. This disc features intense interstellar combat and deep character exploration, complete with bonus behind-the-scenes content and director commentary. It is a must-have addition for fans looking to complete their science fiction library with a pivotal moment in space-travel history.</p>",DVD,Media > Videos,,"DVD, Formatted, Issue, Rental-or-Sale, Sci-Fi",true,Genre,Sci-Fi,,,,,,,,,0.0,shopify,1,deny,manual,0.00,,true,true,,,,,191-DVDSTA-001A,https://cdn.shopify.com/s/files/1/0671/0552/1726/files/0-1782250086219.jpg?v=1788103158,1,191-DVDSTA-001A,false,,,,,,,sci-fi,,,,,,,,,,,,lb,,,active
"no usable genre (Option1 Value 'Default Title', tags Floor Sale, Formatted, Genre needed, Issue, Special Interest, VHS)",stevie-vhs,Stevie,,VHS,Media > Videos,,"Floor Sale, Formatted, Genre needed, Issue, Special Interest, VHS",true,Genre,Default Title,,,,,,,,,0.0,shopify,1,deny,manual,7.00,,true,true,,,,,80316666,,,,false,,,,,,,,,,,,,,,,,,,lb,,,active
"no usable genre (Option1 Value 'Default Title', tags Floor Sale, Formatted, Genre needed, Issue, VHS)",street-smart,Street Smart,"<p>This refined leather briefcase offers a sleek, slim profile combined with functional organization for the modern professional. The interior features a padded compartment to protect your laptop alongside multiple pockets for keeping essential accessories and documents in order. Its polished aesthetic and durable construction make it a sophisticated choice for daily commutes and business travel alike.</p>",VHS,Media > Videos,,"Floor Sale, Formatted, Genre needed, Issue, VHS",false,Genre,Default Title,,,,,,,,,0.0,shopify,1,deny,manual,8.00,,true,true,,,,,191-VHSSTR-50-001A,,,,false,,,,,,,,,,,,,,,,,,,lb,,,draft
"no usable genre (Option1 Value 'Default Title', tags Floor Sale, Formatted, Genre needed, Issue, VHS)",teachers,Teachers,,VHS,Media > Videos,,"Floor Sale, Formatted, Genre needed, Issue, VHS",false,Genre,Default Title,,,,,,,,,0.0,shopify,1,deny,manual,6.00,,true,true,,,,,191-VHSTCH-001A,,,,false,,,,,,,,,,,,,,,,,,,lb,,,draft
"no usable genre (Option1 Value 'Default Title', tags Floor Sale, Formatted, Genre needed, Issue, VHS)",teaching-mrs-tingle,Teaching Mrs. Tingle,"<p>A bright high-school senior has her impending status as valedictorian jeopardized when her bitter history teacher, Mrs. Tingle, gives her a poor grade on a project.  When an attempt to get ahead in Mrs. Tingle's class goes awry, mayhem ensues and friendships, loyalties and trust are tested by the teacher's intricate mind-games.</p>",VHS,Media > Videos,,"Floor Sale, Formatted, Genre needed, Issue, VHS",true,Genre,Default Title,,,,,,,,,0.0,shopify,1,deny,manual,8.00,,true,true,,,,,08048378,https://cdn.shopify.com/s/files/1/0671/0552/1726/files/cGv0tkWZZSmoaPYiOsDcGmMhKq7.jpg?v=1788103201,1,Teaching Mrs. Tingle (1999) poster,false,,,,,,,,,,,,,,,,,,,lb,,,active
no Rental or Floor Sale tag — cannot tell which this is,texas-chainsaw-massacre,Texas Chainsaw Massacre,"<p>This classic horror masterpiece delivers a gritty, atmospheric experience that redefined the slasher genre with its raw intensity and relentless suspense. Essential for collectors and cinema buffs, this definitive edition captures every bone-chilling moment in high-quality resolution to preserve its disturbing legacy. Add this visceral piece of film history to your shelf for the ultimate late-night viewing experience.</p>",DVD,Media > Videos,,"DVD, Formatted, Horror, Issue, Rental-or-Sale",true,Genre,Horror,,,,,,,,,0.0,shopify,1,deny,manual,0.00,,true,true,,,,,191-DVDTEX-001A,https://cdn.shopify.com/s/files/1/0671/0552/1726/files/0-1782251720477_8de8771f-51ad-401b-b526-0f5be8390c07.jpg?v=1788103138,1,191-DVDTEX-001A,false,,,,,,,horror,,,,,,,,,,,,lb,,,active
"no usable genre (Option1 Value 'Default Title', tags Blu-Ray, Formatted, Genre needed, Issue, Rental)",the-black-room-vinegar-syndrome,The Black Room (Vinegar Syndrome),"<p>This mysterious fragrance captures a sophisticated and moody atmosphere through its deep, smoky notes and woody undertones. It offers a long-lasting, unisex appeal that is perfect for evening wear or making a bold impression. The sleek bottle design makes it a stylish addition to any collection for those who appreciate complex and darker scent profiles.</p>",Blu-Ray,Media > Videos,,"Blu-Ray, Formatted, Genre needed, Issue, Rental",true,Genre,Default Title,,,,,,,,,0.0,shopify,1,deny,manual,0.00,,true,true,,,,,191-BLRTHB-50-001A,https://cdn.shopify.com/s/files/1/0671/0552/1726/files/0-1781396781968.jpg?v=1788103211,1,191-BLRTHB-50-001A,false,,,,,,,,,,,,,,,,,,,lb,,,active
Floor Sale with no price,the-call-dvd-floor-sale-thriller,The Call,,DVD,Media > Videos,,"DVD, Floor Sale, Formatted, Issue, Price needed, Thriller",true,Genre,Thriller,,,,,,,,,0.0,shopify,1,deny,manual,0.00,,true,true,,,,,95313658,,,,false,,,,,,,thriller,,,,,,,,,,,,lb,,,active
no Rental or Floor Sale tag — cannot tell which this is,the-jackal,The Jackal,"<p>This high-performance bowling ball features a dynamic asymmetrical core designed to deliver a massive mid-lane read and an explosive backend motion. Its premium reactive coverstock provides exceptional traction on heavy oil patterns, ensuring a powerful entry angle into the pocket. Serious players will appreciate the blend of incredible durability and relentless pin-carrying power this versatile equipment offers.</p>",DVD,Media > Videos,,"DVD, Formatted, Issue, Rental-or-Sale, Thriller",true,Genre,Thriller,,,,,,,,,0.0,shopify,1,deny,manual,0.00,,true,true,,,,,191-DVDTHJ-001A,https://cdn.shopify.com/s/files/1/0671/0552/1726/files/0-1782251879291.jpg?v=1788103141,1,191-DVDTHJ-001A,false,,,,,,,thriller,,,,,,,,,,,,lb,,,active
no Rental or Floor Sale tag — cannot tell which this is,the-lord-of-the-rings-the-fellowship-of-the-ring-fullscreen,The Lord of the Rings: The Fellowship of the Ring (Fullscreen),"<p>Experience the beginning of an epic cinematic journey in this classic fullscreen edition, perfect for viewers who prefer a traditional aspect ratio on older television screens. This physical media copy allows you to enjoy the immersive world of Middle-earth and its legendary characters without the need for a streaming subscription. It is an essential addition for any fantasy fan looking to complete their home movie library with an iconic adventure.</p>",DVD,Media > Videos,,"DVD, Fantasy, Formatted, Issue, Rental-or-Sale",true,Genre,Fantasy,,,,,,,,,0.0,shopify,1,deny,manual,0.00,,true,true,,,,,191-DVDTHL-001A,https://cdn.shopify.com/s/files/1/0671/0552/1726/files/0-1782251984515_f8df253a-27ba-43c8-86f2-2e8ab513e2f9.jpg?v=1788103145,1,191-DVDTHL-001A,false,,,,,,,fantasy,,,,,,,,,,,,lb,,,active
no media format (Vendor 'Arrow Video' is not VHS/DVD/Blu-Ray/4K),the-red-queen-kills-seven-times-arrow,The Red Queen Kills Seven Times (Arrow),"<p>This high-definition restoration brings a stylish Italian gothic thriller to life with vibrant visual clarity and lossless audio. The collectible set features extensive special features including interviews, scholarly commentary, and an illustrated booklet that explores the film's macabre mystery. It is a definitive edition for genre enthusiasts looking to add a masterfully crafted slasher classic to their physical media library.</p>",Arrow Video,Media > Videos,,"Formatted, Issue, Needs-Format, Rental, Thriller",true,Genre,Thriller,,,,,,,,,0.0,shopify,1,deny,manual,0.00,,true,true,,,,,191-RRWTHE-50-001A,https://cdn.shopify.com/s/files/1/0671/0552/1726/files/0-1781403975129_427a989a-bec3-4d81-84e6-1bb24e6e4750.jpg?v=1788103096,1,191-RRWTHE-50-001A,false,,,,,,,thriller,,,,,,,,,,,,lb,,,active
"no usable genre (Option1 Value 'Default Title', tags Floor Sale, Formatted, Genre needed, Issue, VHS)",the-rose-vhs-floor-sale,The Rose,<p>Rock-and-roll singer Mary Rose Foster's romantic relationships and mental health are continuously imperilled by the demands of life on the road.</p>,VHS,Media > Videos,,"Floor Sale, Formatted, Genre needed, Issue, VHS",true,Genre,Default Title,,,,,,,,,0.0,shopify,1,deny,manual,8.00,,true,true,,,,,51259642,https://cdn.shopify.com/s/files/1/0671/0552/1726/files/3hYyA2g5r0TDRbkSAOEeKelylh2.jpg?v=1788103185,1,The Rose (1979) poster,false,,,,,,,,,,,,,,,,,,,lb,,,active
"no usable genre (Option1 Value 'Default Title', tags DVD, Floor Sale, Formatted, Genre needed, Issue, Special Interest)",the-short-films-of-david-lynch-dvd-floor-sale-special-interest,The Short Films of David Lynch,<p>A collection of visionary director David Lynch's short films from the first 29 years of his career is accompanied by a special introduction to each film by the director himself.</p>,DVD,Media > Videos,,"DVD, Floor Sale, Formatted, Genre needed, Issue, Special Interest",true,Genre,Default Title,,,,,,,,,0.0,shopify,1,deny,manual,42.00,,true,true,,,,,14654714,https://cdn.shopify.com/s/files/1/0671/0552/1726/files/86WCJiXMvPaXEnN02sFjiAbhdB.jpg?v=1788103191,1,The Short Films of David Lynch (2002) poster,false,,,,,,,,,,,,,,,,,,,lb,,,active
still_issue: no media format (Vendor 'Unknown Brand' is not VHS/DVD/Blu-Ray/4K),the-talented-mr-ripley-vhs-2000,"The Talented Mr. Ripley (vhs, 2000)","<p>The Talented Mr. Ripley follows Tom Ripley, a young man whose chance meeting with a wealthy shipbuilder leads to a journey to Italy to retrieve his playboy son. Immersed in a world of luxury, Tom becomes enthralled by the lifestyle and dangerously entangled in lies to keep it. With stunning 1950s settings, nuanced performances, and tense psychological drama, this is a stylish, unsettling thriller worth watching for fans of character-driven suspense.</p>",Unknown Brand,Media > Videos,,"Formatted, Issue, Needs-Format, Rental, Thriller",false,Genre,Thriller,,,,,,,,,0.0,shopify,1,deny,manual,0.00,,true,true,,,,,191-NKNTHT-50-001A,,,,false,,,,,,,thriller,,,,,,,,,,,,lb,,,active
"no usable genre (Option1 Value 'Default Title', tags Floor Sale, Formatted, Genre needed, Issue, VHS)",threes-trouble,THREE'S TROUBLE,<p>This vintage physical media release offers a nostalgic viewing experience for collectors of classic home entertainment. The tape comes in its original protective sleeve and features a full-length comedy presentation that captures the charm of analog video playback. It is a must-have addition for any enthusiast looking to complete their retro film library.</p>,VHS,Media > Videos,,"Floor Sale, Formatted, Genre needed, Issue, VHS",true,Genre,Default Title,,,,,,,,,0.0,shopify,1,deny,manual,7.00,,true,true,,,,,191-VHSTHR-F-001A,https://cdn.shopify.com/s/files/1/0671/0552/1726/files/0-1780177285764.jpg?v=1788103215,1,THREE'S TROUBLE poster,false,,,,,,,,,,,,,,,,,,,lb,,,active
"no usable genre (Option1 Value 'Default Title', tags Floor Sale, Formatted, Genre needed, Issue, Special Interest, VHS)",tie-died-vhs,Tie-Died,,VHS,Media > Videos,,"Floor Sale, Formatted, Genre needed, Issue, Special Interest, VHS",true,Genre,Default Title,,,,,,,,,0.0,shopify,1,deny,manual,8.00,,true,true,,,,,80447738,,,,false,,,,,,,,,,,,,,,,,,,lb,,,active
no media format (Vendor 'Little Movie Store' is not VHS/DVD/Blu-Ray/4K),tie-me-up-tie-me-down,Tie Me Up Tie Me Down,"<p>After being released from a mental hospital, a troubled young man tracks down an actress he once had sex with and forces her into captivity, determined to make her part of his life.</p>",Little Movie Store,Media > Videos,,"Comedy, Floor Sale, Formatted, Issue, Needs-Format",true,Genre,Comedy,,,,,,,,,0.0,shopify,1,deny,manual,6.00,,true,true,,,,,18991866,https://cdn.shopify.com/s/files/1/0671/0552/1726/files/4eNyqA543ixNCME8pcADgP9wb1i.jpg?v=1788103085,1,Tie Me Up Tie Me Down (1990) poster,false,,,,,,,comedy,,,,,,,,,,,,lb,,,active
no Rental or Floor Sale tag — cannot tell which this is,touch-and-go,Touch and Go,"<p>This vintage portable player features a built-in color screen and integrated speakers for a completely self-contained analog viewing experience. Its compact design and sturdy carrying handle make it easy to enjoy classic magnetic media tapes while traveling or relaxing at home. The intuitive tactile controls provide a nostalgic, hands-on feel for fans of retro technology and physical media collections.</p>",VHS,Media > Videos,,"Comedy, Formatted, Issue, Rental-or-Sale, VHS",true,Genre,Comedy,,,,,,,,,0.0,shopify,1,deny,manual,7.00,,true,true,,,,,191-VHSTOU-F-001A,https://cdn.shopify.com/s/files/1/0671/0552/1726/files/0-1780176679684.jpg?v=1788103180,1,Touch and Go poster,false,,,,,,,comedy,,,,,,,,,,,,lb,,,active
no Rental or Floor Sale tag — cannot tell which this is,transformers-two-disc-special-edition,Transformers: Two-Disc Special Edition,"<p>This action-packed special edition features the full-length blockbuster film along with a second disc dedicated to immersive behind-the-scenes content and deleted scenes. It is an essential collectible for fans of high-octane visual effects and deep-dive cinematic history, offering a comprehensive look into the making of a modern sci-fi epic. The set comes in a durable case with vibrant cover art that makes it a standout addition to any home media library.</p>",DVD,Media > Videos,,"Action, DVD, Formatted, Issue, Rental-or-Sale",true,Genre,Action,,,,,,,,,0.0,shopify,1,deny,manual,0.00,,true,true,,,,,191-DVDTRA-001A,https://cdn.shopify.com/s/files/1/0671/0552/1726/files/0-1782253137786_974f31c0-7585-4da3-afd7-435b4b29cba7.jpg?v=1788103129,1,191-DVDTRA-001A,false,,,,,,,action,,,,,,,,,,,,lb,,,active
no media format (Vendor 'Unknown Brand' is not VHS/DVD/Blu-Ray/4K),ufos-it-has-begun-vhs-1989-vci-burgess-meredith-rod-serling-documentary-mlnc,Ufos: It Has Begun,<p>This vintage 1989 documentary offers a deep dive into the unexplained through compelling witness accounts and historical footage narrated by two legendary icons of the screen. It is an essential addition for fans of classic paranormal investigative media and collectors of rare eighties era home video releases. The atmospheric production and nostalgic presentation capture a unique moment in high stakes ufology and speculative storytelling.</p>,Unknown Brand,Media > Videos,,"Floor Sale, Formatted, Issue, Needs-Format, Sci-Fi",true,Genre,Sci-Fi,,,,,,,,,0.0,shopify,1,deny,manual,22.00,,true,true,,,,,191-VHSUFO-50-001A,https://cdn.shopify.com/s/files/1/0671/0552/1726/files/0-1780423780129.jpg?v=1788103113,1,191-VHSUFO-50-001A,false,,,,,,,sci-fi,,,,,,,,,,,,lb,,,active
no Rental or Floor Sale tag — cannot tell which this is,v-h-s-85,V/H/S/85,"<p>This cinematic collection delivers a brutal and immersive return to the found-footage genre, capturing the gritty aesthetic of the mid-eighties across five interconnected segments of terror. The high-definition transfer preserves the intentional analog distortion and visceral practical effects, making it a must-have for fans of retro-style horror and anthology storytelling. Explore a dark vision of the past through this unsettling journey into supernatural phenomena and human depravity.</p>",Blu-Ray,Media > Videos,,"Blu-Ray, Formatted, Horror, Issue, Rental-or-Sale",true,Genre,Horror,,,,,,,,,0.0,shopify,1,deny,manual,0.00,,true,true,,,,,191-BLRVH5-50-001A,https://cdn.shopify.com/s/files/1/0671/0552/1726/files/0-1781288751303_df790d34-fd68-4d6e-b020-69721b22d8da.jpg?v=1788103175,1,191-BLRVH5-50-001A,false,,,,,,,horror,,,,,,,,,,,,lb,,,active
no media format (Vendor 'Alfred Hitchcock' is not VHS/DVD/Blu-Ray/4K),vertigo,Vertigo,<p>Experience this psychological thriller in stunning high definition with a restoration that captures every haunting detail of the suspenseful narrative. This cinematic masterpiece features legendary performances and groundbreaking cinematography that make it an essential addition to any classic film collection. The disc includes immersive bonus content and behind-the-scenes insights into one of the most celebrated titles in movie history.</p>,Alfred Hitchcock,Media > Videos,,"Formatted, Issue, Needs-Format, Rental, Thriller",true,Genre,Thriller,,,,,,,,,0.0,shopify,1,deny,manual,0.00,,true,true,,,,,191-ALFVER-50-001A,https://cdn.shopify.com/s/files/1/0671/0552/1726/files/0-1781402999401.jpg?v=1788103098,1,191-ALFVER-50-001A,false,,,,,,,thriller,,,,,,,,,,,,lb,,,active
"no usable genre (Option1 Value 'Default Title', tags Blu-Ray, Formatted, Genre needed, Issue, Rental)",walking-tall,Walking Tall,<p>Experience this high-definition presentation of a modern action classic featuring crisp visuals and immersive audio quality. This physical disc includes behind-the-scenes bonus content and director commentary that provides a deeper look into the making of the film. It is a must-have addition for collectors who enjoy intense performances and gripping justice-driven storytelling.</p>,Blu-Ray,Media > Videos,,"Blu-Ray, Formatted, Genre needed, Issue, Rental",true,Genre,Default Title,,,,,,,,,0.0,shopify,1,deny,manual,0.00,,true,true,,,,,191-BLRWAL-50-001A,https://cdn.shopify.com/s/files/1/0671/0552/1726/files/0-1781746490306.jpg?v=1788103210,1,191-BLRWAL-50-001A,false,,,,,,,,,,,,,,,,,,,lb,,,active
"no usable genre (Option1 Value 'Default Title', tags Floor Sale, Formatted, Genre needed, Issue, VHS)",white-oleander,White Oleander,<p>This physical media collectible features a classic drama in its vintage tape format presented in a distinctive white protective case. Film enthusiasts will appreciate the nostalgic analog playback and the opportunity to own a piece of early 2000s cinematic history. It is a perfect addition for those building a library of evocative storytelling and period-specific media.</p>,VHS,Media > Videos,,"Floor Sale, Formatted, Genre needed, Issue, VHS",false,Genre,Default Title,,,,,,,,,0.0,shopify,1,deny,manual,5.00,,true,true,,,,,191-VHSWHI-001A,https://cdn.shopify.com/s/files/1/0671/0552/1726/files/pOdmhUaqvg4twAHqrhL5Onjgalb.jpg?v=1788103202,1,White Oleander (2002) poster,false,,,,,,,,,,,,,,,,,,,lb,,,draft
"no usable genre (Option1 Value 'Default Title', tags Floor Sale, Formatted, Genre needed, Issue, VHS)",zack-reba,Zack & Reba,,VHS,Media > Videos,,"Floor Sale, Formatted, Genre needed, Issue, VHS",false,Genre,Default Title,,,,,,,,,0.0,shopify,1,deny,manual,6.00,,true,true,,,,,191-VHSZAC-001A,,,,false,,,,,,,,,,,,,,,,,,,lb,,,draft
